============================================================
experiment=single-nvl4-spill-heavy-spill-limit-24576MiB-local-32GiB-20260826T032149Z
run=5/8
start_utc=2026-08-26T03:23:10+00:00
spill_label=heavy-spill device_limit_mib=24576
ranks=4 local_input_gib=32
rows_per_partition=536870912 columns=4 input_partitions=4 output_partitions=8
command= rrun -n 4 --bind-to cpu --bind-to memory -x UCX_TLS=\^ib\,ud:aux -x UCX_MAX_RNDV_RAILS=1 -x UCX_PROTO_ENABLE=y -x UCX_WARN_UNUSED_ENV_VARS=n libcudf_streaming_bench_shuffle -w 3 -r 10 -g -s -x -m pool -l 24576 -n 536870912 -c 4 -p 4 -o 8 -C ucxx
============================================================

[rrun] All ranks launched. Waiting for completion...

[3:PRINT:0:2026-08-26 03:23:16.807711460] Hardware setup: 
  GPU (NVIDIA GB200): 
    Device number: 0
    PCI Bus ID: 0018:01:00.0
    Total Memory: 184 GiB
  Comm: UCXX(rank=3, nranks=4, ucx-version=1.23.0)

[2:PRINT:0:2026-08-26 03:23:16.807711428] Hardware setup: 
  GPU (NVIDIA GB200): 
    Device number: 0
    PCI Bus ID: 0019:01:00.0
    Total Memory: 184 GiB
  Comm: UCXX(rank=2, nranks=4, ucx-version=1.23.0)

[1:PRINT:0:2026-08-26 03:23:16.807729700] Hardware setup: 
  GPU (NVIDIA GB200): 
    Device number: 0
    PCI Bus ID: 0009:01:00.0
    Total Memory: 184 GiB
  Comm: UCXX(rank=1, nranks=4, ucx-version=1.23.0)

[0:PRINT:0:2026-08-26 03:23:16.907895064] Arguments:
  -c ucxx (communicator)
  -r 10 (number of runs)
  -w 3 (number of warmup runs)
  -c 4 (number of columns)
  -n 536870912 (number of rows per rank)
  -p 4 (number of input partitions per rank)
  -o 8 (number of output partitions per rank)
  -m pool (RMM memory resource)
  -l 24576 (device memory limit in MiB)
  -s (enable output discard to simulate streaming)
  -x (enable memory profiling)
  -g (use pre-partitioned input tables)
Local size: 32 GiB
Total size: 128 GiB

[0:PRINT:0:2026-08-26 03:23:16.907966712] Hardware setup: 
  GPU (NVIDIA GB200): 
    Device number: 0
    PCI Bus ID: 0008:01:00.0
    Total Memory: 184 GiB
  Comm: UCXX(rank=0, nranks=4, ucx-version=1.23.0)

[2:PRINT:0:2026-08-26 03:23:26.136396143] elapsed: 9.16 s | local throughput: 3.50 GiB/s | global throughput: 13.98 GiB/s (warmup run)
[1:PRINT:0:2026-08-26 03:23:26.136394255] elapsed: 9.14 s | local throughput: 3.50 GiB/s | global throughput: 14 GiB/s (warmup run)
[0:PRINT:0:2026-08-26 03:23:26.136391823] elapsed: 9.12 s | local throughput: 3.51 GiB/s | global throughput: 14.03 GiB/s (warmup run)
[3:PRINT:0:2026-08-26 03:23:26.136394799] elapsed: 9.12 s | local throughput: 3.51 GiB/s | global throughput: 14.04 GiB/s (warmup run)
[2:PRINT:0:2026-08-26 03:23:26.998720678] elapsed: 760.87 ms | local throughput: 42.06 GiB/s | global throughput: 168.23 GiB/s (warmup run)
[3:PRINT:0:2026-08-26 03:23:26.998718502] elapsed: 673.96 ms | local throughput: 47.48 GiB/s | global throughput: 189.92 GiB/s (warmup run)
[1:PRINT:0:2026-08-26 03:23:26.998729958] elapsed: 793.99 ms | local throughput: 40.30 GiB/s | global throughput: 161.21 GiB/s (warmup run)
[0:PRINT:0:2026-08-26 03:23:26.998722470] elapsed: 752.78 ms | local throughput: 42.51 GiB/s | global throughput: 170.04 GiB/s (warmup run)
[2:PRINT:0:2026-08-26 03:23:27.584727870] elapsed: 517.70 ms | local throughput: 61.81 GiB/s | global throughput: 247.25 GiB/s (warmup run)
[0:PRINT:0:2026-08-26 03:23:27.584724158] elapsed: 487.76 ms | local throughput: 65.61 GiB/s | global throughput: 262.43 GiB/s (warmup run)
[3:PRINT:0:2026-08-26 03:23:27.584730398] elapsed: 507.97 ms | local throughput: 63 GiB/s | global throughput: 251.98 GiB/s (warmup run)
[1:PRINT:0:2026-08-26 03:23:27.584735070] elapsed: 459.08 ms | local throughput: 69.70 GiB/s | global throughput: 278.82 GiB/s (warmup run)
[3:PRINT:0:2026-08-26 03:23:28.163289688] elapsed: 451.35 ms | local throughput: 70.90 GiB/s | global throughput: 283.59 GiB/s
[0:PRINT:0:2026-08-26 03:23:28.163287160] elapsed: 487.20 ms | local throughput: 65.68 GiB/s | global throughput: 262.72 GiB/s
[2:PRINT:0:2026-08-26 03:23:28.163296696] elapsed: 510.14 ms | local throughput: 62.73 GiB/s | global throughput: 250.91 GiB/s
[1:PRINT:0:2026-08-26 03:23:28.163302360] elapsed: 460.03 ms | local throughput: 69.56 GiB/s | global throughput: 278.24 GiB/s
[3:PRINT:0:2026-08-26 03:23:28.725448307] elapsed: 493.88 ms | local throughput: 64.79 GiB/s | global throughput: 259.17 GiB/s
[0:PRINT:0:2026-08-26 03:23:28.725454803] elapsed: 467.09 ms | local throughput: 68.51 GiB/s | global throughput: 274.04 GiB/s
[2:PRINT:0:2026-08-26 03:23:28.725459763] elapsed: 491.69 ms | local throughput: 65.08 GiB/s | global throughput: 260.33 GiB/s
[1:PRINT:0:2026-08-26 03:23:28.725467635] elapsed: 466.46 ms | local throughput: 68.60 GiB/s | global throughput: 274.40 GiB/s
[3:PRINT:0:2026-08-26 03:23:29.315321419] elapsed: 467.59 ms | local throughput: 68.44 GiB/s | global throughput: 273.74 GiB/s
[2:PRINT:0:2026-08-26 03:23:29.315328011] elapsed: 521.31 ms | local throughput: 61.38 GiB/s | global throughput: 245.53 GiB/s
[0:PRINT:0:2026-08-26 03:23:29.315323499] elapsed: 493.38 ms | local throughput: 64.86 GiB/s | global throughput: 259.43 GiB/s
[1:PRINT:0:2026-08-26 03:23:29.315336427] elapsed: 482.81 ms | local throughput: 66.28 GiB/s | global throughput: 265.12 GiB/s
[3:PRINT:0:2026-08-26 03:23:29.889533668] elapsed: 505.90 ms | local throughput: 63.25 GiB/s | global throughput: 253.02 GiB/s
[0:PRINT:0:2026-08-26 03:23:29.889549540] elapsed: 451.78 ms | local throughput: 70.83 GiB/s | global throughput: 283.32 GiB/s
[2:PRINT:0:2026-08-26 03:23:29.889555364] elapsed: 481.74 ms | local throughput: 66.43 GiB/s | global throughput: 265.70 GiB/s
[1:PRINT:0:2026-08-26 03:23:29.889572292] elapsed: 470.99 ms | local throughput: 67.94 GiB/s | global throughput: 271.77 GiB/s
[0:PRINT:0:2026-08-26 03:23:30.448329312] elapsed: 485.67 ms | local throughput: 65.89 GiB/s | global throughput: 263.55 GiB/s
[2:PRINT:0:2026-08-26 03:23:30.448342176] elapsed: 490.22 ms | local throughput: 65.28 GiB/s | global throughput: 261.11 GiB/s
[3:PRINT:0:2026-08-26 03:23:30.448336928] elapsed: 451.89 ms | local throughput: 70.81 GiB/s | global throughput: 283.26 GiB/s
[1:PRINT:0:2026-08-26 03:23:30.448358208] elapsed: 465.76 ms | local throughput: 68.71 GiB/s | global throughput: 274.82 GiB/s
[3:PRINT:0:2026-08-26 03:23:31.018776890] elapsed: 492.54 ms | local throughput: 64.97 GiB/s | global throughput: 259.88 GiB/s
[0:PRINT:0:2026-08-26 03:23:31.018774618] elapsed: 502.17 ms | local throughput: 63.72 GiB/s | global throughput: 254.89 GiB/s
[2:PRINT:0:2026-08-26 03:23:31.018787034] elapsed: 475.59 ms | local throughput: 67.28 GiB/s | global throughput: 269.14 GiB/s
[1:PRINT:0:2026-08-26 03:23:31.018794938] elapsed: 462.81 ms | local throughput: 69.14 GiB/s | global throughput: 276.57 GiB/s
[3:PRINT:0:2026-08-26 03:23:31.587454389] elapsed: 496.24 ms | local throughput: 64.48 GiB/s | global throughput: 257.94 GiB/s
[0:PRINT:0:2026-08-26 03:23:31.587456213] elapsed: 475.06 ms | local throughput: 67.36 GiB/s | global throughput: 269.44 GiB/s
[2:PRINT:0:2026-08-26 03:23:31.587463925] elapsed: 500.45 ms | local throughput: 63.94 GiB/s | global throughput: 255.77 GiB/s
[1:PRINT:0:2026-08-26 03:23:31.587477077] elapsed: 451.30 ms | local throughput: 70.91 GiB/s | global throughput: 283.62 GiB/s
[3:PRINT:0:2026-08-26 03:23:32.150695280] elapsed: 494.71 ms | local throughput: 64.68 GiB/s | global throughput: 258.74 GiB/s
[2:PRINT:0:2026-08-26 03:23:32.150706896] elapsed: 487.02 ms | local throughput: 65.71 GiB/s | global throughput: 262.83 GiB/s
[0:PRINT:0:2026-08-26 03:23:32.150704080] elapsed: 463.49 ms | local throughput: 69.04 GiB/s | global throughput: 276.17 GiB/s
[1:PRINT:0:2026-08-26 03:23:32.150725584] elapsed: 448.96 ms | local throughput: 71.28 GiB/s | global throughput: 285.10 GiB/s
[3:PRINT:0:2026-08-26 03:23:32.717158379] elapsed: 498.18 ms | local throughput: 64.23 GiB/s | global throughput: 256.93 GiB/s
[2:PRINT:0:2026-08-26 03:23:32.717162475] elapsed: 493.56 ms | local throughput: 64.84 GiB/s | global throughput: 259.34 GiB/s
[0:PRINT:0:2026-08-26 03:23:32.717158219] elapsed: 469.59 ms | local throughput: 68.15 GiB/s | global throughput: 272.58 GiB/s
[1:PRINT:0:2026-08-26 03:23:32.717184235] elapsed: 448.08 ms | local throughput: 71.42 GiB/s | global throughput: 285.66 GiB/s
[2:PRINT:0:2026-08-26 03:23:33.264046920] elapsed: 478.55 ms | local throughput: 66.87 GiB/s | global throughput: 267.48 GiB/s
[0:PRINT:0:2026-08-26 03:23:33.264046056] elapsed: 463.70 ms | local throughput: 69.01 GiB/s | global throughput: 276.04 GiB/s
[2:PRINT:0:2026-08-26 03:23:33.264064680] means: 492.66 ms | local throughput: 64.95 GiB/s | global throughput: 259.81 GiB/s | in_parts: 4 | out_parts: 8 | nranks: 4 | device memory peak: 48 GiB | device memory total: 170.14 GiB (avg)
[0:PRINT:0:2026-08-26 03:23:33.264064808] means: 475.45 ms | local throughput: 67.30 GiB/s | global throughput: 269.22 GiB/s | in_parts: 4 | out_parts: 8 | nranks: 4 | device memory peak: 48 GiB | device memory total: 170.13 GiB (avg)
[3:PRINT:0:2026-08-26 03:23:33.264050824] elapsed: 472.18 ms | local throughput: 67.77 GiB/s | global throughput: 271.08 GiB/s
[1:PRINT:0:2026-08-26 03:23:33.264056008] elapsed: 454.03 ms | local throughput: 70.48 GiB/s | global throughput: 281.92 GiB/s
[1:PRINT:0:2026-08-26 03:23:33.264075176] means: 460.89 ms | local throughput: 69.43 GiB/s | global throughput: 277.72 GiB/s | in_parts: 4 | out_parts: 8 | nranks: 4 | device memory peak: 48 GiB | device memory total: 170.13 GiB (avg)
[3:PRINT:0:2026-08-26 03:23:33.264066152] means: 481.68 ms | local throughput: 66.43 GiB/s | global throughput: 265.73 GiB/s | in_parts: 4 | out_parts: 8 | nranks: 4 | device memory peak: 48 GiB | device memory total: 170.36 GiB (avg)
[3:PRINT:0:2026-08-26 03:23:33.264131528] Statistics (of the last run):
 - alloc-device:                                       26.24 GiB | 139.09 ms | 188.67 GiB/s | avg-stream-delay 2.99 ms
 - alloc-pinned_host:                                  31.99 GiB | 7.98 ms | 3.91 TiB/s | avg-stream-delay 9.33 ms
 - copy-device-to-pinned_host:                         8.25 GiB | 78.79 ms | 104.70 GiB/s | avg-stream-delay 35.83 ms
 - copy-pinned_host-to-device:                         25.99 GiB | 730.89 ms | 35.56 GiB/s | avg-stream-delay 3.91 ms
 - event-loop-total:                                   124.80 ms | avg 19.60 us
 - metadata-payload-exchange-complete-data-transfers:  2.86 ms | avg 448.92 ns
[2:PRINT:0:2026-08-26 03:23:33.264132840] Statistics (of the last run):
 - alloc-device:                                       26 GiB | 90.09 ms | 288.65 GiB/s | avg-stream-delay 3.08 ms
 - alloc-pinned_host:                                  32.25 GiB | 10.78 ms | 2.92 TiB/s | avg-stream-delay 9.38 ms
 - copy-device-to-pinned_host:                         8.25 GiB | 77.46 ms | 106.51 GiB/s | avg-stream-delay 36.57 ms
 - copy-pinned_host-to-device:                         26 GiB | 784.01 ms | 33.17 GiB/s | avg-stream-delay 3.95 ms
 - event-loop-total:                                   168.28 ms | avg 29.64 us
 - metadata-payload-exchange-complete-data-transfers:  1.29 ms | avg 227.18 ns
 - metadata-payload-exchange-progress:                 151.17 ms | avg 26.62 us
 - metadata-payload-exchange-receive-metadata:         54.88 ms | avg 9.67 us
[1:PRINT:0:2026-08-26 03:23:33.264142312] Statistics (of the last run):
 - alloc-device:                                       26 GiB | 89.62 ms | 290.15 GiB/s | avg-stream-delay 3.07 ms
 - alloc-pinned_host:                                  32.25 GiB | 10.79 ms | 2.92 TiB/s | avg-stream-delay 9.48 ms
[0:PRINT:0:2026-08-26 03:23:33.264140616] Statistics (of the last run):
 - metadata-payload-exchange-progress:                 109.27 ms | avg 17.16 us
 - metadata-payload-exchange-receive-metadata:         98.94 ms | avg 15.54 us
 - copy-device-to-pinned_host:                         8.25 GiB | 77.13 ms | 106.96 GiB/s | avg-stream-delay 36.93 ms
 - metadata-payload-exchange-send-messages:            12.96 ms | avg 563.36 us
 - copy-pinned_host-to-device:                         26 GiB | 741.16 ms | 35.08 GiB/s | avg-stream-delay 3.94 ms
 - metadata-payload-exchange-send-messages:            14.98 ms | avg 748.76 us
 - event-loop-total:                                   89.79 ms | avg 13.45 us
 - metadata-payload-exchange-complete-data-transfers:  4.27 ms | avg 639.03 ns
 - metadata-payload-exchange-setup-data-receives:      85.77 ms | avg 15.11 us
 - metadata-payload-exchange-setup-data-receives:      3.50 ms | avg 550.50 ns
 - alloc-device:                                       26 GiB | 86.72 ms | 299.81 GiB/s | avg-stream-delay 3.63 ms
 - metadata-payload-exchange-progress:                 64.34 ms | avg 9.64 us
 - shuffle-payload-recv:                               24 GiB | avg 256.04 MiB
 - shuffle-payload-recv:                               23.99 GiB | avg 255.93 MiB
 - shuffle-payload-send:                               24 GiB | avg 256.02 MiB

 - shuffle-payload-send:                               24 GiB | avg 255.99 MiB
 - alloc-pinned_host:                                  32.25 GiB | 12.28 ms | 2.56 TiB/s | avg-stream-delay 9.26 ms
 - metadata-payload-exchange-receive-metadata:         45.10 ms | avg 6.76 us
Memory Profiling

 - copy-device-to-pinned_host:                         8.25 GiB | 73.11 ms | 112.85 GiB/s | avg-stream-delay 36.11 ms
 - metadata-payload-exchange-send-messages:            22.89 ms | avg 1.14 ms
----------------
Legends:
 - copy-pinned_host-to-device:                         26 GiB | 710.15 ms | 36.61 GiB/s | avg-stream-delay 4.47 ms
 - metadata-payload-exchange-setup-data-receives:      11.12 ms | avg 1.67 us
 - shuffle-payload-recv:                               24 GiB | avg 256.03 MiB
Memory Profiling
----------------
Legends:
  ncalls - number of times the scope was executed.
  ncalls - number of times the scope was executed.
  peak   - peak memory usage by the scope.
 - shuffle-payload-send:                               24 GiB | avg 255.99 MiB
  peak   - peak memory usage by the scope.
  g-peak - global peak memory usage during the scope's execution.
  accum  - total accumulated memory allocations by the scope.
  max    - largest single allocation by the scope.
  g-peak - global peak memory usage during the scope's execution.
  accum  - total accumulated memory allocations by the scope.
  max    - largest single allocation by the scope.


 - event-loop-total:                                   93.52 ms | avg 13.78 us
 - metadata-payload-exchange-complete-data-transfers:  2.99 ms | avg 440.37 ns
 - metadata-payload-exchange-progress:                 86.64 ms | avg 12.77 us
 - metadata-payload-exchange-receive-metadata:         71.96 ms | avg 10.61 us
 - metadata-payload-exchange-send-messages:            4.04 ms | avg 175.73 us
 - metadata-payload-exchange-setup-data-receives:      7.27 ms | avg 1.07 us
 - shuffle-payload-recv:                               24 GiB | avg 256 MiB
 - shuffle-payload-send:                               24 GiB | avg 256 MiB
Ordered by: peak (descending)

  ncalls        peak      g-peak       accum         max  filename:lineno(name)
       1      48 GiB      48 GiB    2.16 TiB       2 GiB  main (all allocations using RmmResourceAdaptor)
       4      16 GiB      16 GiB   80.13 GiB       2 GiB  /tmp/conda-bld-output/bld/rattler-build_libcudf/work/cpp/libcudf_streaming/src/partition_utils.cpp:83(partition_and_pack)
       4       8 GiB       8 GiB      32 GiB  256.17 MiB  /tmp/conda-bld-output/bld/rattler-build_libcudf/work/cpp/libcudf_streaming/src/partition_utils.cpp:110(split_and_pack)
       8       4 GiB       4 GiB   32.01 GiB       1 GiB  /tmp/conda-bld-output/bld/rattler-build_libcudf/work/cpp/libcudf_streaming/src/partition_utils.cpp:136(unpack_and_concat)
       1         0 B         0 B         0 B         0 B  /tmp/conda-bld-output/bld/rattler-build_libcudf/work/cpp/libcudf_streaming/benchmarks/bench_shuffle.cpp:276(shuffling)

Limitation:
  - A scope only tracks allocations made by the thread that entered it.


Memory Profiling

Memory Profiling
----------------
Legends:
  ncalls - number of times the scope was executed.
  peak   - peak memory usage by the scope.
  g-peak - global peak memory usage during the scope's execution.
  accum  - total accumulated memory allocations by the scope.
  max    - largest single allocation by the scope.

Ordered by: peak (descending)
----------------
Legends:
  ncalls - number of times the scope was executed.
  peak   - peak memory usage by the scope.
  g-peak - global peak memory usage during the scope's execution.
  accum  - total accumulated memory allocations by the scope.
  max    - largest single allocation by the scope.

  ncalls        peak      g-peak       accum         max  filename:lineno(name)
       1      48 GiB      48 GiB    2.16 TiB       2 GiB  main (all allocations using RmmResourceAdaptor)
Ordered by: peak (descending)

Ordered by: peak (descending)

  ncalls        peak      g-peak       accum         max  filename:lineno(name)

       4      16 GiB      16 GiB   80.13 GiB       2 GiB  /tmp/conda-bld-output/bld/rattler-build_libcudf/work/cpp/libcudf_streaming/src/partition_utils.cpp:83(partition_and_pack)
       1      48 GiB      48 GiB    2.16 TiB       2 GiB  main (all allocations using RmmResourceAdaptor)
  ncalls        peak      g-peak       accum         max  filename:lineno(name)
       4       8 GiB       8 GiB      32 GiB  256.17 MiB  /tmp/conda-bld-output/bld/rattler-build_libcudf/work/cpp/libcudf_streaming/src/partition_utils.cpp:110(split_and_pack)
       4      16 GiB      16 GiB   80.13 GiB       2 GiB  /tmp/conda-bld-output/bld/rattler-build_libcudf/work/cpp/libcudf_streaming/src/partition_utils.cpp:83(partition_and_pack)
       1      48 GiB      48 GiB    2.16 TiB       2 GiB  main (all allocations using RmmResourceAdaptor)
       8       4 GiB       4 GiB      32 GiB       1 GiB  /tmp/conda-bld-output/bld/rattler-build_libcudf/work/cpp/libcudf_streaming/src/partition_utils.cpp:136(unpack_and_concat)
       1         0 B         0 B         0 B         0 B  /tmp/conda-bld-output/bld/rattler-build_libcudf/work/cpp/libcudf_streaming/benchmarks/bench_shuffle.cpp:276(shuffling)
       4      16 GiB      16 GiB   80.13 GiB       2 GiB  /tmp/conda-bld-output/bld/rattler-build_libcudf/work/cpp/libcudf_streaming/src/partition_utils.cpp:83(partition_and_pack)
       4       8 GiB       8 GiB      32 GiB  256.17 MiB  /tmp/conda-bld-output/bld/rattler-build_libcudf/work/cpp/libcudf_streaming/src/partition_utils.cpp:110(split_and_pack)
       8       4 GiB       4 GiB      32 GiB       1 GiB  /tmp/conda-bld-output/bld/rattler-build_libcudf/work/cpp/libcudf_streaming/src/partition_utils.cpp:136(unpack_and_concat)
       4       8 GiB       8 GiB      32 GiB  256.17 MiB  /tmp/conda-bld-output/bld/rattler-build_libcudf/work/cpp/libcudf_streaming/src/partition_utils.cpp:110(split_and_pack)

Limitation:
       1         0 B         0 B         0 B         0 B  /tmp/conda-bld-output/bld/rattler-build_libcudf/work/cpp/libcudf_streaming/benchmarks/bench_shuffle.cpp:276(shuffling)

Limitation:
  - A scope only tracks allocations made by the thread that entered it.

       8       4 GiB       4 GiB   31.99 GiB       1 GiB  /tmp/conda-bld-output/bld/rattler-build_libcudf/work/cpp/libcudf_streaming/src/partition_utils.cpp:136(unpack_and_concat)
       1         0 B         0 B         0 B         0 B  /tmp/conda-bld-output/bld/rattler-build_libcudf/work/cpp/libcudf_streaming/benchmarks/bench_shuffle.cpp:276(shuffling)

Limitation:
  - A scope only tracks allocations made by the thread that entered it.

  - A scope only tracks allocations made by the thread that entered it.

[1787714613.714930] [presto-gb200-gcn-04:3450077:0]  cuda_ipc_cache.c:181  UCX  WARN  cuMemUnmap( (CUdeviceptr)region->mapped_addr, region->key.b_len) failed: unrecognized error code 4
[1787714613.714944] [presto-gb200-gcn-04:3450077:0]  cuda_ipc_cache.c:181  UCX  WARN  cuMemUnmap( (CUdeviceptr)region->mapped_addr, region->key.b_len) failed: unrecognized error code 4
[1787714613.714946] [presto-gb200-gcn-04:3450077:0]  cuda_ipc_cache.c:181  UCX  WARN  cuMemUnmap( (CUdeviceptr)region->mapped_addr, region->key.b_len) failed: unrecognized error code 4
[1787714613.714947] [presto-gb200-gcn-04:3450077:0]  cuda_ipc_cache.c:181  UCX  WARN  cuMemUnmap( (CUdeviceptr)region->mapped_addr, region->key.b_len) failed: unrecognized error code 4
[1787714613.714949] [presto-gb200-gcn-04:3450077:0]  cuda_ipc_cache.c:181  UCX  WARN  cuMemUnmap( (CUdeviceptr)region->mapped_addr, region->key.b_len) failed: unrecognized error code 4
[1787714613.714951] [presto-gb200-gcn-04:3450077:0]  cuda_ipc_cache.c:181  UCX  WARN  cuMemUnmap( (CUdeviceptr)region->mapped_addr, region->key.b_len) failed: unrecognized error code 4
[1787714613.714952] [presto-gb200-gcn-04:3450077:0]  cuda_ipc_cache.c:181  UCX  WARN  cuMemUnmap( (CUdeviceptr)region->mapped_addr, region->key.b_len) failed: unrecognized error code 4
[1787714613.714953] [presto-gb200-gcn-04:3450077:0]  cuda_ipc_cache.c:181  UCX  WARN  cuMemUnmap( (CUdeviceptr)region->mapped_addr, region->key.b_len) failed: unrecognized error code 4
[1787714613.714954] [presto-gb200-gcn-04:3450077:0]  cuda_ipc_cache.c:181  UCX  WARN  cuMemUnmap( (CUdeviceptr)region->mapped_addr, region->key.b_len) failed: unrecognized error code 4
[1787714613.714955] [presto-gb200-gcn-04:3450077:0]  cuda_ipc_cache.c:181  UCX  WARN  cuMemUnmap( (CUdeviceptr)region->mapped_addr, region->key.b_len) failed: unrecognized error code 4
[1787714613.714957] [presto-gb200-gcn-04:3450077:0]  cuda_ipc_cache.c:181  UCX  WARN  cuMemUnmap( (CUdeviceptr)region->mapped_addr, region->key.b_len) failed: unrecognized error code 4
[1787714613.714958] [presto-gb200-gcn-04:3450077:0]  cuda_ipc_cache.c:181  UCX  WARN  cuMemUnmap( (CUdeviceptr)region->mapped_addr, region->key.b_len) failed: unrecognized error code 4
[1787714613.714959] [presto-gb200-gcn-04:3450077:0]  cuda_ipc_cache.c:181  UCX  WARN  cuMemUnmap( (CUdeviceptr)region->mapped_addr, region->key.b_len) failed: unrecognized error code 4
[1787714613.714960] [presto-gb200-gcn-04:3450077:0]  cuda_ipc_cache.c:181  UCX  WARN  cuMemUnmap( (CUdeviceptr)region->mapped_addr, region->key.b_len) failed: unrecognized error code 4
[1787714613.714962] [presto-gb200-gcn-04:3450077:0]  cuda_ipc_cache.c:181  UCX  WARN  cuMemUnmap( (CUdeviceptr)region->mapped_addr, region->key.b_len) failed: unrecognized error code 4
[1787714613.714963] [presto-gb200-gcn-04:3450077:0]  cuda_ipc_cache.c:181  UCX  WARN  cuMemUnmap( (CUdeviceptr)region->mapped_addr, region->key.b_len) failed: unrecognized error code 4
[1787714613.714964] [presto-gb200-gcn-04:3450077:0]  cuda_ipc_cache.c:181  UCX  WARN  cuMemUnmap( (CUdeviceptr)region->mapped_addr, region->key.b_len) failed: unrecognized error code 4
[1787714613.714965] [presto-gb200-gcn-04:3450077:0]  cuda_ipc_cache.c:181  UCX  WARN  cuMemUnmap( (CUdeviceptr)region->mapped_addr, region->key.b_len) failed: unrecognized error code 4
[1787714613.714966] [presto-gb200-gcn-04:3450077:0]  cuda_ipc_cache.c:181  UCX  WARN  cuMemUnmap( (CUdeviceptr)region->mapped_addr, region->key.b_len) failed: unrecognized error code 4
[1787714613.714967] [presto-gb200-gcn-04:3450077:0]  cuda_ipc_cache.c:181  UCX  WARN  cuMemUnmap( (CUdeviceptr)region->mapped_addr, region->key.b_len) failed: unrecognized error code 4
[1787714613.714968] [presto-gb200-gcn-04:3450077:0]  cuda_ipc_cache.c:181  UCX  WARN  cuMemUnmap( (CUdeviceptr)region->mapped_addr, region->key.b_len) failed: unrecognized error code 4
[1787714613.714969] [presto-gb200-gcn-04:3450077:0]  cuda_ipc_cache.c:181  UCX  WARN  cuMemUnmap( (CUdeviceptr)region->mapped_addr, region->key.b_len) failed: unrecognized error code 4
[1787714613.714971] [presto-gb200-gcn-04:3450077:0]  cuda_ipc_cache.c:181  UCX  WARN  cuMemUnmap( (CUdeviceptr)region->mapped_addr, region->key.b_len) failed: unrecognized error code 4
[1787714613.714973] [presto-gb200-gcn-04:3450077:0]  cuda_ipc_cache.c:181  UCX  WARN  cuMemUnmap( (CUdeviceptr)region->mapped_addr, region->key.b_len) failed: unrecognized error code 4
[1787714613.714974] [presto-gb200-gcn-04:3450077:0]  cuda_ipc_cache.c:181  UCX  WARN  cuMemUnmap( (CUdeviceptr)region->mapped_addr, region->key.b_len) failed: unrecognized error code 4
[1787714613.714975] [presto-gb200-gcn-04:3450077:0]  cuda_ipc_cache.c:181  UCX  WARN  cuMemUnmap( (CUdeviceptr)region->mapped_addr, region->key.b_len) failed: unrecognized error code 4
[1787714613.714977] [presto-gb200-gcn-04:3450077:0]  cuda_ipc_cache.c:181  UCX  WARN  cuMemUnmap( (CUdeviceptr)region->mapped_addr, region->key.b_len) failed: unrecognized error code 4
[1787714613.714979] [presto-gb200-gcn-04:3450077:0]  cuda_ipc_cache.c:181  UCX  WARN  cuMemUnmap( (CUdeviceptr)region->mapped_addr, region->key.b_len) failed: unrecognized error code 4
[1787714613.714980] [presto-gb200-gcn-04:3450077:0]  cuda_ipc_cache.c:181  UCX  WARN  cuMemUnmap( (CUdeviceptr)region->mapped_addr, region->key.b_len) failed: unrecognized error code 4
[1787714613.714981] [presto-gb200-gcn-04:3450077:0]  cuda_ipc_cache.c:181  UCX  WARN  cuMemUnmap( (CUdeviceptr)region->mapped_addr, region->key.b_len) failed: unrecognized error code 4
[1787714613.714982] [presto-gb200-gcn-04:3450077:0]  cuda_ipc_cache.c:181  UCX  WARN  cuMemUnmap( (CUdeviceptr)region->mapped_addr, region->key.b_len) failed: unrecognized error code 4
[1787714613.714984] [presto-gb200-gcn-04:3450077:0]  cuda_ipc_cache.c:181  UCX  WARN  cuMemUnmap( (CUdeviceptr)region->mapped_addr, region->key.b_len) failed: unrecognized error code 4
[1787714613.714985] [presto-gb200-gcn-04:3450077:0]  cuda_ipc_cache.c:181  UCX  WARN  cuMemUnmap( (CUdeviceptr)region->mapped_addr, region->key.b_len) failed: unrecognized error code 4
[1787714613.714987] [presto-gb200-gcn-04:3450077:0]  cuda_ipc_cache.c:181  UCX  WARN  cuMemUnmap( (CUdeviceptr)region->mapped_addr, region->key.b_len) failed: unrecognized error code 4
[1787714613.714988] [presto-gb200-gcn-04:3450077:0]  cuda_ipc_cache.c:181  UCX  WARN  cuMemUnmap( (CUdeviceptr)region->mapped_addr, region->key.b_len) failed: unrecognized error code 4
[1787714613.714989] [presto-gb200-gcn-04:3450077:0]  cuda_ipc_cache.c:181  UCX  WARN  cuMemUnmap( (CUdeviceptr)region->mapped_addr, region->key.b_len) failed: unrecognized error code 4
[1787714613.714990] [presto-gb200-gcn-04:3450077:0]  cuda_ipc_cache.c:181  UCX  WARN  cuMemUnmap( (CUdeviceptr)region->mapped_addr, region->key.b_len) failed: unrecognized error code 4
[1787714613.714991] [presto-gb200-gcn-04:3450077:0]  cuda_ipc_cache.c:181  UCX  WARN  cuMemUnmap( (CUdeviceptr)region->mapped_addr, region->key.b_len) failed: unrecognized error code 4
[1787714613.714992] [presto-gb200-gcn-04:3450077:0]  cuda_ipc_cache.c:181  UCX  WARN  cuMemUnmap( (CUdeviceptr)region->mapped_addr, region->key.b_len) failed: unrecognized error code 4
[1787714613.714993] [presto-gb200-gcn-04:3450077:0]  cuda_ipc_cache.c:181  UCX  WARN  cuMemUnmap( (CUdeviceptr)region->mapped_addr, region->key.b_len) failed: unrecognized error code 4
[1787714613.714995] [presto-gb200-gcn-04:3450077:0]  cuda_ipc_cache.c:181  UCX  WARN  cuMemUnmap( (CUdeviceptr)region->mapped_addr, region->key.b_len) failed: unrecognized error code 4
[1787714613.714996] [presto-gb200-gcn-04:3450077:0]  cuda_ipc_cache.c:181  UCX  WARN  cuMemUnmap( (CUdeviceptr)region->mapped_addr, region->key.b_len) failed: unrecognized error code 4
[1787714613.714997] [presto-gb200-gcn-04:3450077:0]  cuda_ipc_cache.c:181  UCX  WARN  cuMemUnmap( (CUdeviceptr)region->mapped_addr, region->key.b_len) failed: unrecognized error code 4
[1787714613.714998] [presto-gb200-gcn-04:3450077:0]  cuda_ipc_cache.c:181  UCX  WARN  cuMemUnmap( (CUdeviceptr)region->mapped_addr, region->key.b_len) failed: unrecognized error code 4
[1787714613.714999] [presto-gb200-gcn-04:3450077:0]  cuda_ipc_cache.c:181  UCX  WARN  cuMemUnmap( (CUdeviceptr)region->mapped_addr, region->key.b_len) failed: unrecognized error code 4
[1787714613.715015] [presto-gb200-gcn-04:3450077:0]  cuda_ipc_cache.c:181  UCX  WARN  cuMemUnmap( (CUdeviceptr)region->mapped_addr, region->key.b_len) failed: unrecognized error code 4
[1787714613.715016] [presto-gb200-gcn-04:3450077:0]  cuda_ipc_cache.c:181  UCX  WARN  cuMemUnmap( (CUdeviceptr)region->mapped_addr, region->key.b_len) failed: unrecognized error code 4
[1787714613.715017] [presto-gb200-gcn-04:3450077:0]  cuda_ipc_cache.c:181  UCX  WARN  cuMemUnmap( (CUdeviceptr)region->mapped_addr, region->key.b_len) failed: unrecognized error code 4
[1787714613.715018] [presto-gb200-gcn-04:3450077:0]  cuda_ipc_cache.c:181  UCX  WARN  cuMemUnmap( (CUdeviceptr)region->mapped_addr, region->key.b_len) failed: unrecognized error code 4
[1787714613.715019] [presto-gb200-gcn-04:3450077:0]        cuda_ctx.c:23   UCX  ERROR cuDevicePrimaryCtxGetState(cuda_device, &flags, &active) failed: unrecognized error code 4
[1787714613.715062] [presto-gb200-gcn-04:3450077:0]  cuda_ipc_cache.c:181  UCX  WARN  cuMemUnmap( (CUdeviceptr)region->mapped_addr, region->key.b_len) failed: unrecognized error code 4
[1787714613.715063] [presto-gb200-gcn-04:3450077:0]  cuda_ipc_cache.c:181  UCX  WARN  cuMemUnmap( (CUdeviceptr)region->mapped_addr, region->key.b_len) failed: unrecognized error code 4
[1787714613.715065] [presto-gb200-gcn-04:3450077:0]  cuda_ipc_cache.c:181  UCX  WARN  cuMemUnmap( (CUdeviceptr)region->mapped_addr, region->key.b_len) failed: unrecognized error code 4
[1787714613.715066] [presto-gb200-gcn-04:3450077:0]  cuda_ipc_cache.c:181  UCX  WARN  cuMemUnmap( (CUdeviceptr)region->mapped_addr, region->key.b_len) failed: unrecognized error code 4
[1787714613.715067] [presto-gb200-gcn-04:3450077:0]  cuda_ipc_cache.c:181  UCX  WARN  cuMemUnmap( (CUdeviceptr)region->mapped_addr, region->key.b_len) failed: unrecognized error code 4
[1787714613.715068] [presto-gb200-gcn-04:3450077:0]  cuda_ipc_cache.c:181  UCX  WARN  cuMemUnmap( (CUdeviceptr)region->mapped_addr, region->key.b_len) failed: unrecognized error code 4
[1787714613.715069] [presto-gb200-gcn-04:3450077:0]  cuda_ipc_cache.c:181  UCX  WARN  cuMemUnmap( (CUdeviceptr)region->mapped_addr, region->key.b_len) failed: unrecognized error code 4
[1787714613.715070] [presto-gb200-gcn-04:3450077:0]  cuda_ipc_cache.c:181  UCX  WARN  cuMemUnmap( (CUdeviceptr)region->mapped_addr, region->key.b_len) failed: unrecognized error code 4
[1787714613.715071] [presto-gb200-gcn-04:3450077:0]  cuda_ipc_cache.c:181  UCX  WARN  cuMemUnmap( (CUdeviceptr)region->mapped_addr, region->key.b_len) failed: unrecognized error code 4
[1787714613.715072] [presto-gb200-gcn-04:3450077:0]  cuda_ipc_cache.c:181  UCX  WARN  cuMemUnmap( (CUdeviceptr)region->mapped_addr, region->key.b_len) failed: unrecognized error code 4
[1787714613.715073] [presto-gb200-gcn-04:3450077:0]  cuda_ipc_cache.c:181  UCX  WARN  cuMemUnmap( (CUdeviceptr)region->mapped_addr, region->key.b_len) failed: unrecognized error code 4
[1787714613.715074] [presto-gb200-gcn-04:3450077:0]  cuda_ipc_cache.c:181  UCX  WARN  cuMemUnmap( (CUdeviceptr)region->mapped_addr, region->key.b_len) failed: unrecognized error code 4
[1787714613.715075] [presto-gb200-gcn-04:3450077:0]  cuda_ipc_cache.c:181  UCX  WARN  cuMemUnmap( (CUdeviceptr)region->mapped_addr, region->key.b_len) failed: unrecognized error code 4
[1787714613.715076] [presto-gb200-gcn-04:3450077:0]  cuda_ipc_cache.c:181  UCX  WARN  cuMemUnmap( (CUdeviceptr)region->mapped_addr, region->key.b_len) failed: unrecognized error code 4
[1787714613.715077] [presto-gb200-gcn-04:3450077:0]  cuda_ipc_cache.c:181  UCX  WARN  cuMemUnmap( (CUdeviceptr)region->mapped_addr, region->key.b_len) failed: unrecognized error code 4
[1787714613.715078] [presto-gb200-gcn-04:3450077:0]  cuda_ipc_cache.c:181  UCX  WARN  cuMemUnmap( (CUdeviceptr)region->mapped_addr, region->key.b_len) failed: unrecognized error code 4
[1787714613.715080] [presto-gb200-gcn-04:3450077:0]  cuda_ipc_cache.c:181  UCX  WARN  cuMemUnmap( (CUdeviceptr)region->mapped_addr, region->key.b_len) failed: unrecognized error code 4
[1787714613.715081] [presto-gb200-gcn-04:3450077:0]  cuda_ipc_cache.c:181  UCX  WARN  cuMemUnmap( (CUdeviceptr)region->mapped_addr, region->key.b_len) failed: unrecognized error code 4
[1787714613.715082] [presto-gb200-gcn-04:3450077:0]  cuda_ipc_cache.c:181  UCX  WARN  cuMemUnmap( (CUdeviceptr)region->mapped_addr, region->key.b_len) failed: unrecognized error code 4
[1787714613.715083] [presto-gb200-gcn-04:3450077:0]  cuda_ipc_cache.c:181  UCX  WARN  cuMemUnmap( (CUdeviceptr)region->mapped_addr, region->key.b_len) failed: unrecognized error code 4
[1787714613.715084] [presto-gb200-gcn-04:3450077:0]  cuda_ipc_cache.c:181  UCX  WARN  cuMemUnmap( (CUdeviceptr)region->mapped_addr, region->key.b_len) failed: unrecognized error code 4
[1787714613.715085] [presto-gb200-gcn-04:3450077:0]  cuda_ipc_cache.c:181  UCX  WARN  cuMemUnmap( (CUdeviceptr)region->mapped_addr, region->key.b_len) failed: unrecognized error code 4
[1787714613.715086] [presto-gb200-gcn-04:3450077:0]  cuda_ipc_cache.c:181  UCX  WARN  cuMemUnmap( (CUdeviceptr)region->mapped_addr, region->key.b_len) failed: unrecognized error code 4
[1787714613.715087] [presto-gb200-gcn-04:3450077:0]  cuda_ipc_cache.c:181  UCX  WARN  cuMemUnmap( (CUdeviceptr)region->mapped_addr, region->key.b_len) failed: unrecognized error code 4
[1787714613.715088] [presto-gb200-gcn-04:3450077:0]  cuda_ipc_cache.c:181  UCX  WARN  cuMemUnmap( (CUdeviceptr)region->mapped_addr, region->key.b_len) failed: unrecognized error code 4
[1787714613.715090] [presto-gb200-gcn-04:3450077:0]  cuda_ipc_cache.c:181  UCX  WARN  cuMemUnmap( (CUdeviceptr)region->mapped_addr, region->key.b_len) failed: unrecognized error code 4
[1787714613.715091] [presto-gb200-gcn-04:3450077:0]  cuda_ipc_cache.c:181  UCX  WARN  cuMemUnmap( (CUdeviceptr)region->mapped_addr, region->key.b_len) failed: unrecognized error code 4
[1787714613.715092] [presto-gb200-gcn-04:3450077:0]  cuda_ipc_cache.c:181  UCX  WARN  cuMemUnmap( (CUdeviceptr)region->mapped_addr, region->key.b_len) failed: unrecognized error code 4
[1787714613.715093] [presto-gb200-gcn-04:3450077:0]  cuda_ipc_cache.c:181  UCX  WARN  cuMemUnmap( (CUdeviceptr)region->mapped_addr, region->key.b_len) failed: unrecognized error code 4
[1787714613.715094] [presto-gb200-gcn-04:3450077:0]  cuda_ipc_cache.c:181  UCX  WARN  cuMemUnmap( (CUdeviceptr)region->mapped_addr, region->key.b_len) failed: unrecognized error code 4
[1787714613.715095] [presto-gb200-gcn-04:3450077:0]  cuda_ipc_cache.c:181  UCX  WARN  cuMemUnmap( (CUdeviceptr)region->mapped_addr, region->key.b_len) failed: unrecognized error code 4
[1787714613.715096] [presto-gb200-gcn-04:3450077:0]  cuda_ipc_cache.c:181  UCX  WARN  cuMemUnmap( (CUdeviceptr)region->mapped_addr, region->key.b_len) failed: unrecognized error code 4
[1787714613.715097] [presto-gb200-gcn-04:3450077:0]  cuda_ipc_cache.c:181  UCX  WARN  cuMemUnmap( (CUdeviceptr)region->mapped_addr, region->key.b_len) failed: unrecognized error code 4
[1787714613.715099] [presto-gb200-gcn-04:3450077:0]  cuda_ipc_cache.c:181  UCX  WARN  cuMemUnmap( (CUdeviceptr)region->mapped_addr, region->key.b_len) failed: unrecognized error code 4
[1787714613.715100] [presto-gb200-gcn-04:3450077:0]  cuda_ipc_cache.c:181  UCX  WARN  cuMemUnmap( (CUdeviceptr)region->mapped_addr, region->key.b_len) failed: unrecognized error code 4
[1787714613.715101] [presto-gb200-gcn-04:3450077:0]  cuda_ipc_cache.c:181  UCX  WARN  cuMemUnmap( (CUdeviceptr)region->mapped_addr, region->key.b_len) failed: unrecognized error code 4
[1787714613.715103] [presto-gb200-gcn-04:3450077:0]  cuda_ipc_cache.c:181  UCX  WARN  cuMemUnmap( (CUdeviceptr)region->mapped_addr, region->key.b_len) failed: unrecognized error code 4
[1787714613.715104] [presto-gb200-gcn-04:3450077:0]  cuda_ipc_cache.c:181  UCX  WARN  cuMemUnmap( (CUdeviceptr)region->mapped_addr, region->key.b_len) failed: unrecognized error code 4
[1787714613.715105] [presto-gb200-gcn-04:3450077:0]  cuda_ipc_cache.c:181  UCX  WARN  cuMemUnmap( (CUdeviceptr)region->mapped_addr, region->key.b_len) failed: unrecognized error code 4
[1787714613.715106] [presto-gb200-gcn-04:3450077:0]  cuda_ipc_cache.c:181  UCX  WARN  cuMemUnmap( (CUdeviceptr)region->mapped_addr, region->key.b_len) failed: unrecognized error code 4
[1787714613.715107] [presto-gb200-gcn-04:3450077:0]  cuda_ipc_cache.c:181  UCX  WARN  cuMemUnmap( (CUdeviceptr)region->mapped_addr, region->key.b_len) failed: unrecognized error code 4
[1787714613.715108] [presto-gb200-gcn-04:3450077:0]  cuda_ipc_cache.c:181  UCX  WARN  cuMemUnmap( (CUdeviceptr)region->mapped_addr, region->key.b_len) failed: unrecognized error code 4
[1787714613.715110] [presto-gb200-gcn-04:3450077:0]  cuda_ipc_cache.c:181  UCX  WARN  cuMemUnmap( (CUdeviceptr)region->mapped_addr, region->key.b_len) failed: unrecognized error code 4
[1787714613.715111] [presto-gb200-gcn-04:3450077:0]  cuda_ipc_cache.c:181  UCX  WARN  cuMemUnmap( (CUdeviceptr)region->mapped_addr, region->key.b_len) failed: unrecognized error code 4
[1787714613.715112] [presto-gb200-gcn-04:3450077:0]  cuda_ipc_cache.c:181  UCX  WARN  cuMemUnmap( (CUdeviceptr)region->mapped_addr, region->key.b_len) failed: unrecognized error code 4
[1787714613.715120] [presto-gb200-gcn-04:3450077:0]  cuda_ipc_cache.c:181  UCX  WARN  cuMemUnmap( (CUdeviceptr)region->mapped_addr, region->key.b_len) failed: unrecognized error code 4
[1787714613.715121] [presto-gb200-gcn-04:3450077:0]  cuda_ipc_cache.c:181  UCX  WARN  cuMemUnmap( (CUdeviceptr)region->mapped_addr, region->key.b_len) failed: unrecognized error code 4
[1787714613.715122] [presto-gb200-gcn-04:3450077:0]  cuda_ipc_cache.c:181  UCX  WARN  cuMemUnmap( (CUdeviceptr)region->mapped_addr, region->key.b_len) failed: unrecognized error code 4
[1787714613.715124] [presto-gb200-gcn-04:3450077:0]  cuda_ipc_cache.c:181  UCX  WARN  cuMemUnmap( (CUdeviceptr)region->mapped_addr, region->key.b_len) failed: unrecognized error code 4
[1787714613.715125] [presto-gb200-gcn-04:3450077:0]  cuda_ipc_cache.c:181  UCX  WARN  cuMemUnmap( (CUdeviceptr)region->mapped_addr, region->key.b_len) failed: unrecognized error code 4
[1787714613.715125] [presto-gb200-gcn-04:3450077:0]        cuda_ctx.c:23   UCX  ERROR cuDevicePrimaryCtxGetState(cuda_device, &flags, &active) failed: unrecognized error code 4
[1787714613.715145] [presto-gb200-gcn-04:3450077:0]  cuda_ipc_cache.c:181  UCX  WARN  cuMemUnmap( (CUdeviceptr)region->mapped_addr, region->key.b_len) failed: unrecognized error code 4
[1787714613.715146] [presto-gb200-gcn-04:3450077:0]  cuda_ipc_cache.c:181  UCX  WARN  cuMemUnmap( (CUdeviceptr)region->mapped_addr, region->key.b_len) failed: unrecognized error code 4
[1787714613.715147] [presto-gb200-gcn-04:3450077:0]  cuda_ipc_cache.c:181  UCX  WARN  cuMemUnmap( (CUdeviceptr)region->mapped_addr, region->key.b_len) failed: unrecognized error code 4
[1787714613.715148] [presto-gb200-gcn-04:3450077:0]  cuda_ipc_cache.c:181  UCX  WARN  cuMemUnmap( (CUdeviceptr)region->mapped_addr, region->key.b_len) failed: unrecognized error code 4
[1787714613.715150] [presto-gb200-gcn-04:3450077:0]  cuda_ipc_cache.c:181  UCX  WARN  cuMemUnmap( (CUdeviceptr)region->mapped_addr, region->key.b_len) failed: unrecognized error code 4
[1787714613.715151] [presto-gb200-gcn-04:3450077:0]  cuda_ipc_cache.c:181  UCX  WARN  cuMemUnmap( (CUdeviceptr)region->mapped_addr, region->key.b_len) failed: unrecognized error code 4
[1787714613.715152] [presto-gb200-gcn-04:3450077:0]  cuda_ipc_cache.c:181  UCX  WARN  cuMemUnmap( (CUdeviceptr)region->mapped_addr, region->key.b_len) failed: unrecognized error code 4
[1787714613.715153] [presto-gb200-gcn-04:3450077:0]  cuda_ipc_cache.c:181  UCX  WARN  cuMemUnmap( (CUdeviceptr)region->mapped_addr, region->key.b_len) failed: unrecognized error code 4
[1787714613.715155] [presto-gb200-gcn-04:3450077:0]  cuda_ipc_cache.c:181  UCX  WARN  cuMemUnmap( (CUdeviceptr)region->mapped_addr, region->key.b_len) failed: unrecognized error code 4
[1787714613.715156] [presto-gb200-gcn-04:3450077:0]  cuda_ipc_cache.c:181  UCX  WARN  cuMemUnmap( (CUdeviceptr)region->mapped_addr, region->key.b_len) failed: unrecognized error code 4
[1787714613.715157] [presto-gb200-gcn-04:3450077:0]  cuda_ipc_cache.c:181  UCX  WARN  cuMemUnmap( (CUdeviceptr)region->mapped_addr, region->key.b_len) failed: unrecognized error code 4
[1787714613.715158] [presto-gb200-gcn-04:3450077:0]  cuda_ipc_cache.c:181  UCX  WARN  cuMemUnmap( (CUdeviceptr)region->mapped_addr, region->key.b_len) failed: unrecognized error code 4
[1787714613.715159] [presto-gb200-gcn-04:3450077:0]  cuda_ipc_cache.c:181  UCX  WARN  cuMemUnmap( (CUdeviceptr)region->mapped_addr, region->key.b_len) failed: unrecognized error code 4
[1787714613.715160] [presto-gb200-gcn-04:3450077:0]  cuda_ipc_cache.c:181  UCX  WARN  cuMemUnmap( (CUdeviceptr)region->mapped_addr, region->key.b_len) failed: unrecognized error code 4
[1787714613.715161] [presto-gb200-gcn-04:3450077:0]  cuda_ipc_cache.c:181  UCX  WARN  cuMemUnmap( (CUdeviceptr)region->mapped_addr, region->key.b_len) failed: unrecognized error code 4
[1787714613.715162] [presto-gb200-gcn-04:3450077:0]  cuda_ipc_cache.c:181  UCX  WARN  cuMemUnmap( (CUdeviceptr)region->mapped_addr, region->key.b_len) failed: unrecognized error code 4
[1787714613.715163] [presto-gb200-gcn-04:3450077:0]  cuda_ipc_cache.c:181  UCX  WARN  cuMemUnmap( (CUdeviceptr)region->mapped_addr, region->key.b_len) failed: unrecognized error code 4
[1787714613.715164] [presto-gb200-gcn-04:3450077:0]  cuda_ipc_cache.c:181  UCX  WARN  cuMemUnmap( (CUdeviceptr)region->mapped_addr, region->key.b_len) failed: unrecognized error code 4
[1787714613.715165] [presto-gb200-gcn-04:3450077:0]  cuda_ipc_cache.c:181  UCX  WARN  cuMemUnmap( (CUdeviceptr)region->mapped_addr, region->key.b_len) failed: unrecognized error code 4
[1787714613.715166] [presto-gb200-gcn-04:3450077:0]  cuda_ipc_cache.c:181  UCX  WARN  cuMemUnmap( (CUdeviceptr)region->mapped_addr, region->key.b_len) failed: unrecognized error code 4
[1787714613.715167] [presto-gb200-gcn-04:3450077:0]  cuda_ipc_cache.c:181  UCX  WARN  cuMemUnmap( (CUdeviceptr)region->mapped_addr, region->key.b_len) failed: unrecognized error code 4
[1787714613.715169] [presto-gb200-gcn-04:3450077:0]  cuda_ipc_cache.c:181  UCX  WARN  cuMemUnmap( (CUdeviceptr)region->mapped_addr, region->key.b_len) failed: unrecognized error code 4
[1787714613.715170] [presto-gb200-gcn-04:3450077:0]  cuda_ipc_cache.c:181  UCX  WARN  cuMemUnmap( (CUdeviceptr)region->mapped_addr, region->key.b_len) failed: unrecognized error code 4
[1787714613.715171] [presto-gb200-gcn-04:3450077:0]  cuda_ipc_cache.c:181  UCX  WARN  cuMemUnmap( (CUdeviceptr)region->mapped_addr, region->key.b_len) failed: unrecognized error code 4
[1787714613.715171] [presto-gb200-gcn-04:3450077:0]  cuda_ipc_cache.c:181  UCX  WARN  cuMemUnmap( (CUdeviceptr)region->mapped_addr, region->key.b_len) failed: unrecognized error code 4
[1787714613.715173] [presto-gb200-gcn-04:3450077:0]  cuda_ipc_cache.c:181  UCX  WARN  cuMemUnmap( (CUdeviceptr)region->mapped_addr, region->key.b_len) failed: unrecognized error code 4
[1787714613.715174] [presto-gb200-gcn-04:3450077:0]  cuda_ipc_cache.c:181  UCX  WARN  cuMemUnmap( (CUdeviceptr)region->mapped_addr, region->key.b_len) failed: unrecognized error code 4
[1787714613.715176] [presto-gb200-gcn-04:3450077:0]  cuda_ipc_cache.c:181  UCX  WARN  cuMemUnmap( (CUdeviceptr)region->mapped_addr, region->key.b_len) failed: unrecognized error code 4
[1787714613.715177] [presto-gb200-gcn-04:3450077:0]  cuda_ipc_cache.c:181  UCX  WARN  cuMemUnmap( (CUdeviceptr)region->mapped_addr, region->key.b_len) failed: unrecognized error code 4
[1787714613.715178] [presto-gb200-gcn-04:3450077:0]  cuda_ipc_cache.c:181  UCX  WARN  cuMemUnmap( (CUdeviceptr)region->mapped_addr, region->key.b_len) failed: unrecognized error code 4
[1787714613.715179] [presto-gb200-gcn-04:3450077:0]  cuda_ipc_cache.c:181  UCX  WARN  cuMemUnmap( (CUdeviceptr)region->mapped_addr, region->key.b_len) failed: unrecognized error code 4
[1787714613.715180] [presto-gb200-gcn-04:3450077:0]  cuda_ipc_cache.c:181  UCX  WARN  cuMemUnmap( (CUdeviceptr)region->mapped_addr, region->key.b_len) failed: unrecognized error code 4
[1787714613.715181] [presto-gb200-gcn-04:3450077:0]  cuda_ipc_cache.c:181  UCX  WARN  cuMemUnmap( (CUdeviceptr)region->mapped_addr, region->key.b_len) failed: unrecognized error code 4
[1787714613.715182] [presto-gb200-gcn-04:3450077:0]  cuda_ipc_cache.c:181  UCX  WARN  cuMemUnmap( (CUdeviceptr)region->mapped_addr, region->key.b_len) failed: unrecognized error code 4
[1787714613.715183] [presto-gb200-gcn-04:3450077:0]  cuda_ipc_cache.c:181  UCX  WARN  cuMemUnmap( (CUdeviceptr)region->mapped_addr, region->key.b_len) failed: unrecognized error code 4
[1787714613.715185] [presto-gb200-gcn-04:3450077:0]  cuda_ipc_cache.c:181  UCX  WARN  cuMemUnmap( (CUdeviceptr)region->mapped_addr, region->key.b_len) failed: unrecognized error code 4
[1787714613.715186] [presto-gb200-gcn-04:3450077:0]  cuda_ipc_cache.c:181  UCX  WARN  cuMemUnmap( (CUdeviceptr)region->mapped_addr, region->key.b_len) failed: unrecognized error code 4
[1787714613.715187] [presto-gb200-gcn-04:3450077:0]  cuda_ipc_cache.c:181  UCX  WARN  cuMemUnmap( (CUdeviceptr)region->mapped_addr, region->key.b_len) failed: unrecognized error code 4
[1787714613.715188] [presto-gb200-gcn-04:3450077:0]  cuda_ipc_cache.c:181  UCX  WARN  cuMemUnmap( (CUdeviceptr)region->mapped_addr, region->key.b_len) failed: unrecognized error code 4
[1787714613.715189] [presto-gb200-gcn-04:3450077:0]  cuda_ipc_cache.c:181  UCX  WARN  cuMemUnmap( (CUdeviceptr)region->mapped_addr, region->key.b_len) failed: unrecognized error code 4
[1787714613.715190] [presto-gb200-gcn-04:3450077:0]  cuda_ipc_cache.c:181  UCX  WARN  cuMemUnmap( (CUdeviceptr)region->mapped_addr, region->key.b_len) failed: unrecognized error code 4
[1787714613.715192] [presto-gb200-gcn-04:3450077:0]  cuda_ipc_cache.c:181  UCX  WARN  cuMemUnmap( (CUdeviceptr)region->mapped_addr, region->key.b_len) failed: unrecognized error code 4
[1787714613.715193] [presto-gb200-gcn-04:3450077:0]  cuda_ipc_cache.c:181  UCX  WARN  cuMemUnmap( (CUdeviceptr)region->mapped_addr, region->key.b_len) failed: unrecognized error code 4
[1787714613.715194] [presto-gb200-gcn-04:3450077:0]  cuda_ipc_cache.c:181  UCX  WARN  cuMemUnmap( (CUdeviceptr)region->mapped_addr, region->key.b_len) failed: unrecognized error code 4
[1787714613.715195] [presto-gb200-gcn-04:3450077:0]  cuda_ipc_cache.c:181  UCX  WARN  cuMemUnmap( (CUdeviceptr)region->mapped_addr, region->key.b_len) failed: unrecognized error code 4
[1787714613.715202] [presto-gb200-gcn-04:3450077:0]  cuda_ipc_cache.c:181  UCX  WARN  cuMemUnmap( (CUdeviceptr)region->mapped_addr, region->key.b_len) failed: unrecognized error code 4
[1787714613.715203] [presto-gb200-gcn-04:3450077:0]        cuda_ctx.c:23   UCX  ERROR cuDevicePrimaryCtxGetState(cuda_device, &flags, &active) failed: unrecognized error code 4
[1787714613.719983] [presto-gb200-gcn-04:3450080:0]  cuda_ipc_cache.c:181  UCX  WARN  cuMemUnmap( (CUdeviceptr)region->mapped_addr, region->key.b_len) failed: unrecognized error code 4
[1787714613.719987] [presto-gb200-gcn-04:3450080:0]  cuda_ipc_cache.c:181  UCX  WARN  cuMemUnmap( (CUdeviceptr)region->mapped_addr, region->key.b_len) failed: unrecognized error code 4
[1787714613.719989] [presto-gb200-gcn-04:3450080:0]  cuda_ipc_cache.c:181  UCX  WARN  cuMemUnmap( (CUdeviceptr)region->mapped_addr, region->key.b_len) failed: unrecognized error code 4
[1787714613.719990] [presto-gb200-gcn-04:3450080:0]  cuda_ipc_cache.c:181  UCX  WARN  cuMemUnmap( (CUdeviceptr)region->mapped_addr, region->key.b_len) failed: unrecognized error code 4
[1787714613.719991] [presto-gb200-gcn-04:3450080:0]  cuda_ipc_cache.c:181  UCX  WARN  cuMemUnmap( (CUdeviceptr)region->mapped_addr, region->key.b_len) failed: unrecognized error code 4
[1787714613.719993] [presto-gb200-gcn-04:3450080:0]  cuda_ipc_cache.c:181  UCX  WARN  cuMemUnmap( (CUdeviceptr)region->mapped_addr, region->key.b_len) failed: unrecognized error code 4
[1787714613.719994] [presto-gb200-gcn-04:3450080:0]  cuda_ipc_cache.c:181  UCX  WARN  cuMemUnmap( (CUdeviceptr)region->mapped_addr, region->key.b_len) failed: unrecognized error code 4
[1787714613.719995] [presto-gb200-gcn-04:3450080:0]  cuda_ipc_cache.c:181  UCX  WARN  cuMemUnmap( (CUdeviceptr)region->mapped_addr, region->key.b_len) failed: unrecognized error code 4
[1787714613.719997] [presto-gb200-gcn-04:3450080:0]  cuda_ipc_cache.c:181  UCX  WARN  cuMemUnmap( (CUdeviceptr)region->mapped_addr, region->key.b_len) failed: unrecognized error code 4
[1787714613.719997] [presto-gb200-gcn-04:3450080:0]  cuda_ipc_cache.c:181  UCX  WARN  cuMemUnmap( (CUdeviceptr)region->mapped_addr, region->key.b_len) failed: unrecognized error code 4
[1787714613.719999] [presto-gb200-gcn-04:3450080:0]  cuda_ipc_cache.c:181  UCX  WARN  cuMemUnmap( (CUdeviceptr)region->mapped_addr, region->key.b_len) failed: unrecognized error code 4
[1787714613.720000] [presto-gb200-gcn-04:3450080:0]  cuda_ipc_cache.c:181  UCX  WARN  cuMemUnmap( (CUdeviceptr)region->mapped_addr, region->key.b_len) failed: unrecognized error code 4
[1787714613.720001] [presto-gb200-gcn-04:3450080:0]  cuda_ipc_cache.c:181  UCX  WARN  cuMemUnmap( (CUdeviceptr)region->mapped_addr, region->key.b_len) failed: unrecognized error code 4
[1787714613.720002] [presto-gb200-gcn-04:3450080:0]  cuda_ipc_cache.c:181  UCX  WARN  cuMemUnmap( (CUdeviceptr)region->mapped_addr, region->key.b_len) failed: unrecognized error code 4
[1787714613.720003] [presto-gb200-gcn-04:3450080:0]  cuda_ipc_cache.c:181  UCX  WARN  cuMemUnmap( (CUdeviceptr)region->mapped_addr, region->key.b_len) failed: unrecognized error code 4
[1787714613.720004] [presto-gb200-gcn-04:3450080:0]  cuda_ipc_cache.c:181  UCX  WARN  cuMemUnmap( (CUdeviceptr)region->mapped_addr, region->key.b_len) failed: unrecognized error code 4
[1787714613.720005] [presto-gb200-gcn-04:3450080:0]  cuda_ipc_cache.c:181  UCX  WARN  cuMemUnmap( (CUdeviceptr)region->mapped_addr, region->key.b_len) failed: unrecognized error code 4
[1787714613.720006] [presto-gb200-gcn-04:3450080:0]  cuda_ipc_cache.c:181  UCX  WARN  cuMemUnmap( (CUdeviceptr)region->mapped_addr, region->key.b_len) failed: unrecognized error code 4
[1787714613.720007] [presto-gb200-gcn-04:3450080:0]  cuda_ipc_cache.c:181  UCX  WARN  cuMemUnmap( (CUdeviceptr)region->mapped_addr, region->key.b_len) failed: unrecognized error code 4
[1787714613.720009] [presto-gb200-gcn-04:3450080:0]  cuda_ipc_cache.c:181  UCX  WARN  cuMemUnmap( (CUdeviceptr)region->mapped_addr, region->key.b_len) failed: unrecognized error code 4
[1787714613.720011] [presto-gb200-gcn-04:3450080:0]  cuda_ipc_cache.c:181  UCX  WARN  cuMemUnmap( (CUdeviceptr)region->mapped_addr, region->key.b_len) failed: unrecognized error code 4
[1787714613.720012] [presto-gb200-gcn-04:3450080:0]  cuda_ipc_cache.c:181  UCX  WARN  cuMemUnmap( (CUdeviceptr)region->mapped_addr, region->key.b_len) failed: unrecognized error code 4
[1787714613.720013] [presto-gb200-gcn-04:3450080:0]  cuda_ipc_cache.c:181  UCX  WARN  cuMemUnmap( (CUdeviceptr)region->mapped_addr, region->key.b_len) failed: unrecognized error code 4
[1787714613.720015] [presto-gb200-gcn-04:3450080:0]  cuda_ipc_cache.c:181  UCX  WARN  cuMemUnmap( (CUdeviceptr)region->mapped_addr, region->key.b_len) failed: unrecognized error code 4
[1787714613.720016] [presto-gb200-gcn-04:3450080:0]  cuda_ipc_cache.c:181  UCX  WARN  cuMemUnmap( (CUdeviceptr)region->mapped_addr, region->key.b_len) failed: unrecognized error code 4
[1787714613.720017] [presto-gb200-gcn-04:3450080:0]  cuda_ipc_cache.c:181  UCX  WARN  cuMemUnmap( (CUdeviceptr)region->mapped_addr, region->key.b_len) failed: unrecognized error code 4
[1787714613.720018] [presto-gb200-gcn-04:3450080:0]  cuda_ipc_cache.c:181  UCX  WARN  cuMemUnmap( (CUdeviceptr)region->mapped_addr, region->key.b_len) failed: unrecognized error code 4
[1787714613.720020] [presto-gb200-gcn-04:3450080:0]  cuda_ipc_cache.c:181  UCX  WARN  cuMemUnmap( (CUdeviceptr)region->mapped_addr, region->key.b_len) failed: unrecognized error code 4
[1787714613.720021] [presto-gb200-gcn-04:3450080:0]  cuda_ipc_cache.c:181  UCX  WARN  cuMemUnmap( (CUdeviceptr)region->mapped_addr, region->key.b_len) failed: unrecognized error code 4
[1787714613.720022] [presto-gb200-gcn-04:3450080:0]  cuda_ipc_cache.c:181  UCX  WARN  cuMemUnmap( (CUdeviceptr)region->mapped_addr, region->key.b_len) failed: unrecognized error code 4
[1787714613.720024] [presto-gb200-gcn-04:3450080:0]  cuda_ipc_cache.c:181  UCX  WARN  cuMemUnmap( (CUdeviceptr)region->mapped_addr, region->key.b_len) failed: unrecognized error code 4
[1787714613.720025] [presto-gb200-gcn-04:3450080:0]  cuda_ipc_cache.c:181  UCX  WARN  cuMemUnmap( (CUdeviceptr)region->mapped_addr, region->key.b_len) failed: unrecognized error code 4
[1787714613.720026] [presto-gb200-gcn-04:3450080:0]  cuda_ipc_cache.c:181  UCX  WARN  cuMemUnmap( (CUdeviceptr)region->mapped_addr, region->key.b_len) failed: unrecognized error code 4
[1787714613.720028] [presto-gb200-gcn-04:3450080:0]  cuda_ipc_cache.c:181  UCX  WARN  cuMemUnmap( (CUdeviceptr)region->mapped_addr, region->key.b_len) failed: unrecognized error code 4
[1787714613.720029] [presto-gb200-gcn-04:3450080:0]  cuda_ipc_cache.c:181  UCX  WARN  cuMemUnmap( (CUdeviceptr)region->mapped_addr, region->key.b_len) failed: unrecognized error code 4
[1787714613.720030] [presto-gb200-gcn-04:3450080:0]  cuda_ipc_cache.c:181  UCX  WARN  cuMemUnmap( (CUdeviceptr)region->mapped_addr, region->key.b_len) failed: unrecognized error code 4
[1787714613.720031] [presto-gb200-gcn-04:3450080:0]  cuda_ipc_cache.c:181  UCX  WARN  cuMemUnmap( (CUdeviceptr)region->mapped_addr, region->key.b_len) failed: unrecognized error code 4
[1787714613.720032] [presto-gb200-gcn-04:3450080:0]  cuda_ipc_cache.c:181  UCX  WARN  cuMemUnmap( (CUdeviceptr)region->mapped_addr, region->key.b_len) failed: unrecognized error code 4
[1787714613.720033] [presto-gb200-gcn-04:3450080:0]  cuda_ipc_cache.c:181  UCX  WARN  cuMemUnmap( (CUdeviceptr)region->mapped_addr, region->key.b_len) failed: unrecognized error code 4
[1787714613.720035] [presto-gb200-gcn-04:3450080:0]  cuda_ipc_cache.c:181  UCX  WARN  cuMemUnmap( (CUdeviceptr)region->mapped_addr, region->key.b_len) failed: unrecognized error code 4
[1787714613.720036] [presto-gb200-gcn-04:3450080:0]  cuda_ipc_cache.c:181  UCX  WARN  cuMemUnmap( (CUdeviceptr)region->mapped_addr, region->key.b_len) failed: unrecognized error code 4
[1787714613.720037] [presto-gb200-gcn-04:3450080:0]  cuda_ipc_cache.c:181  UCX  WARN  cuMemUnmap( (CUdeviceptr)region->mapped_addr, region->key.b_len) failed: unrecognized error code 4
[1787714613.720039] [presto-gb200-gcn-04:3450080:0]  cuda_ipc_cache.c:181  UCX  WARN  cuMemUnmap( (CUdeviceptr)region->mapped_addr, region->key.b_len) failed: unrecognized error code 4
[1787714613.720040] [presto-gb200-gcn-04:3450080:0]  cuda_ipc_cache.c:181  UCX  WARN  cuMemUnmap( (CUdeviceptr)region->mapped_addr, region->key.b_len) failed: unrecognized error code 4
[1787714613.720041] [presto-gb200-gcn-04:3450080:0]  cuda_ipc_cache.c:181  UCX  WARN  cuMemUnmap( (CUdeviceptr)region->mapped_addr, region->key.b_len) failed: unrecognized error code 4
[1787714613.720056] [presto-gb200-gcn-04:3450080:0]  cuda_ipc_cache.c:181  UCX  WARN  cuMemUnmap( (CUdeviceptr)region->mapped_addr, region->key.b_len) failed: unrecognized error code 4
[1787714613.720058] [presto-gb200-gcn-04:3450080:0]  cuda_ipc_cache.c:181  UCX  WARN  cuMemUnmap( (CUdeviceptr)region->mapped_addr, region->key.b_len) failed: unrecognized error code 4
[1787714613.720059] [presto-gb200-gcn-04:3450080:0]  cuda_ipc_cache.c:181  UCX  WARN  cuMemUnmap( (CUdeviceptr)region->mapped_addr, region->key.b_len) failed: unrecognized error code 4
[1787714613.720060] [presto-gb200-gcn-04:3450080:0]  cuda_ipc_cache.c:181  UCX  WARN  cuMemUnmap( (CUdeviceptr)region->mapped_addr, region->key.b_len) failed: unrecognized error code 4
[1787714613.720061] [presto-gb200-gcn-04:3450080:0]        cuda_ctx.c:23   UCX  ERROR cuDevicePrimaryCtxGetState(cuda_device, &flags, &active) failed: unrecognized error code 4
[1787714613.720102] [presto-gb200-gcn-04:3450080:0]  cuda_ipc_cache.c:181  UCX  WARN  cuMemUnmap( (CUdeviceptr)region->mapped_addr, region->key.b_len) failed: unrecognized error code 4
[1787714613.720104] [presto-gb200-gcn-04:3450080:0]  cuda_ipc_cache.c:181  UCX  WARN  cuMemUnmap( (CUdeviceptr)region->mapped_addr, region->key.b_len) failed: unrecognized error code 4
[1787714613.720105] [presto-gb200-gcn-04:3450080:0]  cuda_ipc_cache.c:181  UCX  WARN  cuMemUnmap( (CUdeviceptr)region->mapped_addr, region->key.b_len) failed: unrecognized error code 4
[1787714613.720106] [presto-gb200-gcn-04:3450080:0]  cuda_ipc_cache.c:181  UCX  WARN  cuMemUnmap( (CUdeviceptr)region->mapped_addr, region->key.b_len) failed: unrecognized error code 4
[1787714613.720107] [presto-gb200-gcn-04:3450080:0]  cuda_ipc_cache.c:181  UCX  WARN  cuMemUnmap( (CUdeviceptr)region->mapped_addr, region->key.b_len) failed: unrecognized error code 4
[1787714613.720109] [presto-gb200-gcn-04:3450080:0]  cuda_ipc_cache.c:181  UCX  WARN  cuMemUnmap( (CUdeviceptr)region->mapped_addr, region->key.b_len) failed: unrecognized error code 4
[1787714613.720110] [presto-gb200-gcn-04:3450080:0]  cuda_ipc_cache.c:181  UCX  WARN  cuMemUnmap( (CUdeviceptr)region->mapped_addr, region->key.b_len) failed: unrecognized error code 4
[1787714613.720111] [presto-gb200-gcn-04:3450080:0]  cuda_ipc_cache.c:181  UCX  WARN  cuMemUnmap( (CUdeviceptr)region->mapped_addr, region->key.b_len) failed: unrecognized error code 4
[1787714613.720112] [presto-gb200-gcn-04:3450080:0]  cuda_ipc_cache.c:181  UCX  WARN  cuMemUnmap( (CUdeviceptr)region->mapped_addr, region->key.b_len) failed: unrecognized error code 4
[1787714613.720114] [presto-gb200-gcn-04:3450080:0]  cuda_ipc_cache.c:181  UCX  WARN  cuMemUnmap( (CUdeviceptr)region->mapped_addr, region->key.b_len) failed: unrecognized error code 4
[1787714613.720115] [presto-gb200-gcn-04:3450080:0]  cuda_ipc_cache.c:181  UCX  WARN  cuMemUnmap( (CUdeviceptr)region->mapped_addr, region->key.b_len) failed: unrecognized error code 4
[1787714613.720116] [presto-gb200-gcn-04:3450080:0]  cuda_ipc_cache.c:181  UCX  WARN  cuMemUnmap( (CUdeviceptr)region->mapped_addr, region->key.b_len) failed: unrecognized error code 4
[1787714613.720117] [presto-gb200-gcn-04:3450080:0]  cuda_ipc_cache.c:181  UCX  WARN  cuMemUnmap( (CUdeviceptr)region->mapped_addr, region->key.b_len) failed: unrecognized error code 4
[1787714613.720118] [presto-gb200-gcn-04:3450080:0]  cuda_ipc_cache.c:181  UCX  WARN  cuMemUnmap( (CUdeviceptr)region->mapped_addr, region->key.b_len) failed: unrecognized error code 4
[1787714613.720120] [presto-gb200-gcn-04:3450080:0]  cuda_ipc_cache.c:181  UCX  WARN  cuMemUnmap( (CUdeviceptr)region->mapped_addr, region->key.b_len) failed: unrecognized error code 4
[1787714613.720121] [presto-gb200-gcn-04:3450080:0]  cuda_ipc_cache.c:181  UCX  WARN  cuMemUnmap( (CUdeviceptr)region->mapped_addr, region->key.b_len) failed: unrecognized error code 4
[1787714613.720122] [presto-gb200-gcn-04:3450080:0]  cuda_ipc_cache.c:181  UCX  WARN  cuMemUnmap( (CUdeviceptr)region->mapped_addr, region->key.b_len) failed: unrecognized error code 4
[1787714613.720123] [presto-gb200-gcn-04:3450080:0]  cuda_ipc_cache.c:181  UCX  WARN  cuMemUnmap( (CUdeviceptr)region->mapped_addr, region->key.b_len) failed: unrecognized error code 4
[1787714613.720124] [presto-gb200-gcn-04:3450080:0]  cuda_ipc_cache.c:181  UCX  WARN  cuMemUnmap( (CUdeviceptr)region->mapped_addr, region->key.b_len) failed: unrecognized error code 4
[1787714613.720125] [presto-gb200-gcn-04:3450080:0]  cuda_ipc_cache.c:181  UCX  WARN  cuMemUnmap( (CUdeviceptr)region->mapped_addr, region->key.b_len) failed: unrecognized error code 4
[1787714613.720127] [presto-gb200-gcn-04:3450080:0]  cuda_ipc_cache.c:181  UCX  WARN  cuMemUnmap( (CUdeviceptr)region->mapped_addr, region->key.b_len) failed: unrecognized error code 4
[1787714613.720128] [presto-gb200-gcn-04:3450080:0]  cuda_ipc_cache.c:181  UCX  WARN  cuMemUnmap( (CUdeviceptr)region->mapped_addr, region->key.b_len) failed: unrecognized error code 4
[1787714613.720129] [presto-gb200-gcn-04:3450080:0]  cuda_ipc_cache.c:181  UCX  WARN  cuMemUnmap( (CUdeviceptr)region->mapped_addr, region->key.b_len) failed: unrecognized error code 4
[1787714613.720129] [presto-gb200-gcn-04:3450080:0]  cuda_ipc_cache.c:181  UCX  WARN  cuMemUnmap( (CUdeviceptr)region->mapped_addr, region->key.b_len) failed: unrecognized error code 4
[1787714613.720131] [presto-gb200-gcn-04:3450080:0]  cuda_ipc_cache.c:181  UCX  WARN  cuMemUnmap( (CUdeviceptr)region->mapped_addr, region->key.b_len) failed: unrecognized error code 4
[1787714613.720132] [presto-gb200-gcn-04:3450080:0]  cuda_ipc_cache.c:181  UCX  WARN  cuMemUnmap( (CUdeviceptr)region->mapped_addr, region->key.b_len) failed: unrecognized error code 4
[1787714613.720133] [presto-gb200-gcn-04:3450080:0]  cuda_ipc_cache.c:181  UCX  WARN  cuMemUnmap( (CUdeviceptr)region->mapped_addr, region->key.b_len) failed: unrecognized error code 4
[1787714613.720134] [presto-gb200-gcn-04:3450080:0]  cuda_ipc_cache.c:181  UCX  WARN  cuMemUnmap( (CUdeviceptr)region->mapped_addr, region->key.b_len) failed: unrecognized error code 4
[1787714613.720135] [presto-gb200-gcn-04:3450080:0]  cuda_ipc_cache.c:181  UCX  WARN  cuMemUnmap( (CUdeviceptr)region->mapped_addr, region->key.b_len) failed: unrecognized error code 4
[1787714613.720136] [presto-gb200-gcn-04:3450080:0]  cuda_ipc_cache.c:181  UCX  WARN  cuMemUnmap( (CUdeviceptr)region->mapped_addr, region->key.b_len) failed: unrecognized error code 4
[1787714613.720137] [presto-gb200-gcn-04:3450080:0]  cuda_ipc_cache.c:181  UCX  WARN  cuMemUnmap( (CUdeviceptr)region->mapped_addr, region->key.b_len) failed: unrecognized error code 4
[1787714613.720138] [presto-gb200-gcn-04:3450080:0]  cuda_ipc_cache.c:181  UCX  WARN  cuMemUnmap( (CUdeviceptr)region->mapped_addr, region->key.b_len) failed: unrecognized error code 4
[1787714613.720139] [presto-gb200-gcn-04:3450080:0]  cuda_ipc_cache.c:181  UCX  WARN  cuMemUnmap( (CUdeviceptr)region->mapped_addr, region->key.b_len) failed: unrecognized error code 4
[1787714613.720140] [presto-gb200-gcn-04:3450080:0]  cuda_ipc_cache.c:181  UCX  WARN  cuMemUnmap( (CUdeviceptr)region->mapped_addr, region->key.b_len) failed: unrecognized error code 4
[1787714613.720141] [presto-gb200-gcn-04:3450080:0]  cuda_ipc_cache.c:181  UCX  WARN  cuMemUnmap( (CUdeviceptr)region->mapped_addr, region->key.b_len) failed: unrecognized error code 4
[1787714613.720142] [presto-gb200-gcn-04:3450080:0]  cuda_ipc_cache.c:181  UCX  WARN  cuMemUnmap( (CUdeviceptr)region->mapped_addr, region->key.b_len) failed: unrecognized error code 4
[1787714613.720143] [presto-gb200-gcn-04:3450080:0]  cuda_ipc_cache.c:181  UCX  WARN  cuMemUnmap( (CUdeviceptr)region->mapped_addr, region->key.b_len) failed: unrecognized error code 4
[1787714613.720145] [presto-gb200-gcn-04:3450080:0]  cuda_ipc_cache.c:181  UCX  WARN  cuMemUnmap( (CUdeviceptr)region->mapped_addr, region->key.b_len) failed: unrecognized error code 4
[1787714613.720146] [presto-gb200-gcn-04:3450080:0]  cuda_ipc_cache.c:181  UCX  WARN  cuMemUnmap( (CUdeviceptr)region->mapped_addr, region->key.b_len) failed: unrecognized error code 4
[1787714613.720147] [presto-gb200-gcn-04:3450080:0]  cuda_ipc_cache.c:181  UCX  WARN  cuMemUnmap( (CUdeviceptr)region->mapped_addr, region->key.b_len) failed: unrecognized error code 4
[1787714613.720148] [presto-gb200-gcn-04:3450080:0]  cuda_ipc_cache.c:181  UCX  WARN  cuMemUnmap( (CUdeviceptr)region->mapped_addr, region->key.b_len) failed: unrecognized error code 4
[1787714613.720149] [presto-gb200-gcn-04:3450080:0]  cuda_ipc_cache.c:181  UCX  WARN  cuMemUnmap( (CUdeviceptr)region->mapped_addr, region->key.b_len) failed: unrecognized error code 4
[1787714613.720151] [presto-gb200-gcn-04:3450080:0]  cuda_ipc_cache.c:181  UCX  WARN  cuMemUnmap( (CUdeviceptr)region->mapped_addr, region->key.b_len) failed: unrecognized error code 4
[1787714613.720152] [presto-gb200-gcn-04:3450080:0]  cuda_ipc_cache.c:181  UCX  WARN  cuMemUnmap( (CUdeviceptr)region->mapped_addr, region->key.b_len) failed: unrecognized error code 4
[1787714613.720153] [presto-gb200-gcn-04:3450080:0]  cuda_ipc_cache.c:181  UCX  WARN  cuMemUnmap( (CUdeviceptr)region->mapped_addr, region->key.b_len) failed: unrecognized error code 4
[1787714613.720162] [presto-gb200-gcn-04:3450080:0]  cuda_ipc_cache.c:181  UCX  WARN  cuMemUnmap( (CUdeviceptr)region->mapped_addr, region->key.b_len) failed: unrecognized error code 4
[1787714613.720163] [presto-gb200-gcn-04:3450080:0]  cuda_ipc_cache.c:181  UCX  WARN  cuMemUnmap( (CUdeviceptr)region->mapped_addr, region->key.b_len) failed: unrecognized error code 4
[1787714613.720164] [presto-gb200-gcn-04:3450080:0]  cuda_ipc_cache.c:181  UCX  WARN  cuMemUnmap( (CUdeviceptr)region->mapped_addr, region->key.b_len) failed: unrecognized error code 4
[1787714613.720166] [presto-gb200-gcn-04:3450080:0]  cuda_ipc_cache.c:181  UCX  WARN  cuMemUnmap( (CUdeviceptr)region->mapped_addr, region->key.b_len) failed: unrecognized error code 4
[1787714613.720167] [presto-gb200-gcn-04:3450080:0]  cuda_ipc_cache.c:181  UCX  WARN  cuMemUnmap( (CUdeviceptr)region->mapped_addr, region->key.b_len) failed: unrecognized error code 4
[1787714613.720168] [presto-gb200-gcn-04:3450080:0]        cuda_ctx.c:23   UCX  ERROR cuDevicePrimaryCtxGetState(cuda_device, &flags, &active) failed: unrecognized error code 4
[1787714613.720188] [presto-gb200-gcn-04:3450080:0]  cuda_ipc_cache.c:181  UCX  WARN  cuMemUnmap( (CUdeviceptr)region->mapped_addr, region->key.b_len) failed: unrecognized error code 4
[1787714613.720189] [presto-gb200-gcn-04:3450080:0]  cuda_ipc_cache.c:181  UCX  WARN  cuMemUnmap( (CUdeviceptr)region->mapped_addr, region->key.b_len) failed: unrecognized error code 4
[1787714613.720190] [presto-gb200-gcn-04:3450080:0]  cuda_ipc_cache.c:181  UCX  WARN  cuMemUnmap( (CUdeviceptr)region->mapped_addr, region->key.b_len) failed: unrecognized error code 4
[1787714613.720191] [presto-gb200-gcn-04:3450080:0]  cuda_ipc_cache.c:181  UCX  WARN  cuMemUnmap( (CUdeviceptr)region->mapped_addr, region->key.b_len) failed: unrecognized error code 4
[1787714613.720192] [presto-gb200-gcn-04:3450080:0]  cuda_ipc_cache.c:181  UCX  WARN  cuMemUnmap( (CUdeviceptr)region->mapped_addr, region->key.b_len) failed: unrecognized error code 4
[1787714613.720194] [presto-gb200-gcn-04:3450080:0]  cuda_ipc_cache.c:181  UCX  WARN  cuMemUnmap( (CUdeviceptr)region->mapped_addr, region->key.b_len) failed: unrecognized error code 4
[1787714613.720195] [presto-gb200-gcn-04:3450080:0]  cuda_ipc_cache.c:181  UCX  WARN  cuMemUnmap( (CUdeviceptr)region->mapped_addr, region->key.b_len) failed: unrecognized error code 4
[1787714613.720196] [presto-gb200-gcn-04:3450080:0]  cuda_ipc_cache.c:181  UCX  WARN  cuMemUnmap( (CUdeviceptr)region->mapped_addr, region->key.b_len) failed: unrecognized error code 4
[1787714613.720197] [presto-gb200-gcn-04:3450080:0]  cuda_ipc_cache.c:181  UCX  WARN  cuMemUnmap( (CUdeviceptr)region->mapped_addr, region->key.b_len) failed: unrecognized error code 4
[1787714613.720197] [presto-gb200-gcn-04:3450080:0]  cuda_ipc_cache.c:181  UCX  WARN  cuMemUnmap( (CUdeviceptr)region->mapped_addr, region->key.b_len) failed: unrecognized error code 4
[1787714613.720198] [presto-gb200-gcn-04:3450080:0]  cuda_ipc_cache.c:181  UCX  WARN  cuMemUnmap( (CUdeviceptr)region->mapped_addr, region->key.b_len) failed: unrecognized error code 4
[1787714613.720199] [presto-gb200-gcn-04:3450080:0]  cuda_ipc_cache.c:181  UCX  WARN  cuMemUnmap( (CUdeviceptr)region->mapped_addr, region->key.b_len) failed: unrecognized error code 4
[1787714613.720200] [presto-gb200-gcn-04:3450080:0]  cuda_ipc_cache.c:181  UCX  WARN  cuMemUnmap( (CUdeviceptr)region->mapped_addr, region->key.b_len) failed: unrecognized error code 4
[1787714613.720202] [presto-gb200-gcn-04:3450080:0]  cuda_ipc_cache.c:181  UCX  WARN  cuMemUnmap( (CUdeviceptr)region->mapped_addr, region->key.b_len) failed: unrecognized error code 4
[1787714613.720202] [presto-gb200-gcn-04:3450080:0]  cuda_ipc_cache.c:181  UCX  WARN  cuMemUnmap( (CUdeviceptr)region->mapped_addr, region->key.b_len) failed: unrecognized error code 4
[1787714613.720204] [presto-gb200-gcn-04:3450080:0]  cuda_ipc_cache.c:181  UCX  WARN  cuMemUnmap( (CUdeviceptr)region->mapped_addr, region->key.b_len) failed: unrecognized error code 4
[1787714613.720205] [presto-gb200-gcn-04:3450080:0]  cuda_ipc_cache.c:181  UCX  WARN  cuMemUnmap( (CUdeviceptr)region->mapped_addr, region->key.b_len) failed: unrecognized error code 4
[1787714613.720206] [presto-gb200-gcn-04:3450080:0]  cuda_ipc_cache.c:181  UCX  WARN  cuMemUnmap( (CUdeviceptr)region->mapped_addr, region->key.b_len) failed: unrecognized error code 4
[1787714613.720207] [presto-gb200-gcn-04:3450080:0]  cuda_ipc_cache.c:181  UCX  WARN  cuMemUnmap( (CUdeviceptr)region->mapped_addr, region->key.b_len) failed: unrecognized error code 4
[1787714613.720208] [presto-gb200-gcn-04:3450080:0]  cuda_ipc_cache.c:181  UCX  WARN  cuMemUnmap( (CUdeviceptr)region->mapped_addr, region->key.b_len) failed: unrecognized error code 4
[1787714613.720210] [presto-gb200-gcn-04:3450080:0]  cuda_ipc_cache.c:181  UCX  WARN  cuMemUnmap( (CUdeviceptr)region->mapped_addr, region->key.b_len) failed: unrecognized error code 4
[1787714613.720211] [presto-gb200-gcn-04:3450080:0]  cuda_ipc_cache.c:181  UCX  WARN  cuMemUnmap( (CUdeviceptr)region->mapped_addr, region->key.b_len) failed: unrecognized error code 4
[1787714613.720212] [presto-gb200-gcn-04:3450080:0]  cuda_ipc_cache.c:181  UCX  WARN  cuMemUnmap( (CUdeviceptr)region->mapped_addr, region->key.b_len) failed: unrecognized error code 4
[1787714613.720213] [presto-gb200-gcn-04:3450080:0]  cuda_ipc_cache.c:181  UCX  WARN  cuMemUnmap( (CUdeviceptr)region->mapped_addr, region->key.b_len) failed: unrecognized error code 4
[1787714613.720214] [presto-gb200-gcn-04:3450080:0]  cuda_ipc_cache.c:181  UCX  WARN  cuMemUnmap( (CUdeviceptr)region->mapped_addr, region->key.b_len) failed: unrecognized error code 4
[1787714613.720215] [presto-gb200-gcn-04:3450080:0]  cuda_ipc_cache.c:181  UCX  WARN  cuMemUnmap( (CUdeviceptr)region->mapped_addr, region->key.b_len) failed: unrecognized error code 4
[1787714613.720217] [presto-gb200-gcn-04:3450080:0]  cuda_ipc_cache.c:181  UCX  WARN  cuMemUnmap( (CUdeviceptr)region->mapped_addr, region->key.b_len) failed: unrecognized error code 4
[1787714613.720218] [presto-gb200-gcn-04:3450080:0]  cuda_ipc_cache.c:181  UCX  WARN  cuMemUnmap( (CUdeviceptr)region->mapped_addr, region->key.b_len) failed: unrecognized error code 4
[1787714613.720219] [presto-gb200-gcn-04:3450080:0]  cuda_ipc_cache.c:181  UCX  WARN  cuMemUnmap( (CUdeviceptr)region->mapped_addr, region->key.b_len) failed: unrecognized error code 4
[1787714613.720220] [presto-gb200-gcn-04:3450080:0]  cuda_ipc_cache.c:181  UCX  WARN  cuMemUnmap( (CUdeviceptr)region->mapped_addr, region->key.b_len) failed: unrecognized error code 4
[1787714613.720221] [presto-gb200-gcn-04:3450080:0]  cuda_ipc_cache.c:181  UCX  WARN  cuMemUnmap( (CUdeviceptr)region->mapped_addr, region->key.b_len) failed: unrecognized error code 4
[1787714613.720222] [presto-gb200-gcn-04:3450080:0]  cuda_ipc_cache.c:181  UCX  WARN  cuMemUnmap( (CUdeviceptr)region->mapped_addr, region->key.b_len) failed: unrecognized error code 4
[1787714613.720223] [presto-gb200-gcn-04:3450080:0]  cuda_ipc_cache.c:181  UCX  WARN  cuMemUnmap( (CUdeviceptr)region->mapped_addr, region->key.b_len) failed: unrecognized error code 4
[1787714613.720224] [presto-gb200-gcn-04:3450080:0]  cuda_ipc_cache.c:181  UCX  WARN  cuMemUnmap( (CUdeviceptr)region->mapped_addr, region->key.b_len) failed: unrecognized error code 4
[1787714613.720225] [presto-gb200-gcn-04:3450080:0]  cuda_ipc_cache.c:181  UCX  WARN  cuMemUnmap( (CUdeviceptr)region->mapped_addr, region->key.b_len) failed: unrecognized error code 4
[1787714613.720226] [presto-gb200-gcn-04:3450080:0]  cuda_ipc_cache.c:181  UCX  WARN  cuMemUnmap( (CUdeviceptr)region->mapped_addr, region->key.b_len) failed: unrecognized error code 4
[1787714613.720227] [presto-gb200-gcn-04:3450080:0]  cuda_ipc_cache.c:181  UCX  WARN  cuMemUnmap( (CUdeviceptr)region->mapped_addr, region->key.b_len) failed: unrecognized error code 4
[1787714613.720229] [presto-gb200-gcn-04:3450080:0]  cuda_ipc_cache.c:181  UCX  WARN  cuMemUnmap( (CUdeviceptr)region->mapped_addr, region->key.b_len) failed: unrecognized error code 4
[1787714613.720230] [presto-gb200-gcn-04:3450080:0]  cuda_ipc_cache.c:181  UCX  WARN  cuMemUnmap( (CUdeviceptr)region->mapped_addr, region->key.b_len) failed: unrecognized error code 4
[1787714613.720231] [presto-gb200-gcn-04:3450080:0]  cuda_ipc_cache.c:181  UCX  WARN  cuMemUnmap( (CUdeviceptr)region->mapped_addr, region->key.b_len) failed: unrecognized error code 4
[1787714613.720232] [presto-gb200-gcn-04:3450080:0]  cuda_ipc_cache.c:181  UCX  WARN  cuMemUnmap( (CUdeviceptr)region->mapped_addr, region->key.b_len) failed: unrecognized error code 4
[1787714613.720233] [presto-gb200-gcn-04:3450080:0]  cuda_ipc_cache.c:181  UCX  WARN  cuMemUnmap( (CUdeviceptr)region->mapped_addr, region->key.b_len) failed: unrecognized error code 4
[1787714613.720235] [presto-gb200-gcn-04:3450080:0]  cuda_ipc_cache.c:181  UCX  WARN  cuMemUnmap( (CUdeviceptr)region->mapped_addr, region->key.b_len) failed: unrecognized error code 4
[1787714613.720236] [presto-gb200-gcn-04:3450080:0]  cuda_ipc_cache.c:181  UCX  WARN  cuMemUnmap( (CUdeviceptr)region->mapped_addr, region->key.b_len) failed: unrecognized error code 4
[1787714613.720237] [presto-gb200-gcn-04:3450080:0]  cuda_ipc_cache.c:181  UCX  WARN  cuMemUnmap( (CUdeviceptr)region->mapped_addr, region->key.b_len) failed: unrecognized error code 4
[1787714613.720245] [presto-gb200-gcn-04:3450080:0]  cuda_ipc_cache.c:181  UCX  WARN  cuMemUnmap( (CUdeviceptr)region->mapped_addr, region->key.b_len) failed: unrecognized error code 4
[1787714613.720246] [presto-gb200-gcn-04:3450080:0]  cuda_ipc_cache.c:181  UCX  WARN  cuMemUnmap( (CUdeviceptr)region->mapped_addr, region->key.b_len) failed: unrecognized error code 4
[1787714613.720247] [presto-gb200-gcn-04:3450080:0]  cuda_ipc_cache.c:181  UCX  WARN  cuMemUnmap( (CUdeviceptr)region->mapped_addr, region->key.b_len) failed: unrecognized error code 4
[1787714613.720248] [presto-gb200-gcn-04:3450080:0]  cuda_ipc_cache.c:181  UCX  WARN  cuMemUnmap( (CUdeviceptr)region->mapped_addr, region->key.b_len) failed: unrecognized error code 4
[1787714613.720249] [presto-gb200-gcn-04:3450080:0]  cuda_ipc_cache.c:181  UCX  WARN  cuMemUnmap( (CUdeviceptr)region->mapped_addr, region->key.b_len) failed: unrecognized error code 4
[1787714613.720250] [presto-gb200-gcn-04:3450080:0]  cuda_ipc_cache.c:181  UCX  WARN  cuMemUnmap( (CUdeviceptr)region->mapped_addr, region->key.b_len) failed: unrecognized error code 4
[1787714613.720251] [presto-gb200-gcn-04:3450080:0]  cuda_ipc_cache.c:181  UCX  WARN  cuMemUnmap( (CUdeviceptr)region->mapped_addr, region->key.b_len) failed: unrecognized error code 4
[1787714613.720252] [presto-gb200-gcn-04:3450080:0]  cuda_ipc_cache.c:181  UCX  WARN  cuMemUnmap( (CUdeviceptr)region->mapped_addr, region->key.b_len) failed: unrecognized error code 4
[1787714613.720253] [presto-gb200-gcn-04:3450080:0]  cuda_ipc_cache.c:181  UCX  WARN  cuMemUnmap( (CUdeviceptr)region->mapped_addr, region->key.b_len) failed: unrecognized error code 4
[1787714613.720254] [presto-gb200-gcn-04:3450080:0]        cuda_ctx.c:23   UCX  ERROR cuDevicePrimaryCtxGetState(cuda_device, &flags, &active) failed: unrecognized error code 4
[1787714613.721211] [presto-gb200-gcn-04:3450083:0]  cuda_ipc_cache.c:181  UCX  WARN  cuMemUnmap( (CUdeviceptr)region->mapped_addr, region->key.b_len) failed: unrecognized error code 4
[1787714613.721216] [presto-gb200-gcn-04:3450083:0]  cuda_ipc_cache.c:181  UCX  WARN  cuMemUnmap( (CUdeviceptr)region->mapped_addr, region->key.b_len) failed: unrecognized error code 4
[1787714613.721217] [presto-gb200-gcn-04:3450083:0]  cuda_ipc_cache.c:181  UCX  WARN  cuMemUnmap( (CUdeviceptr)region->mapped_addr, region->key.b_len) failed: unrecognized error code 4
[1787714613.721219] [presto-gb200-gcn-04:3450083:0]  cuda_ipc_cache.c:181  UCX  WARN  cuMemUnmap( (CUdeviceptr)region->mapped_addr, region->key.b_len) failed: unrecognized error code 4
[1787714613.721220] [presto-gb200-gcn-04:3450083:0]  cuda_ipc_cache.c:181  UCX  WARN  cuMemUnmap( (CUdeviceptr)region->mapped_addr, region->key.b_len) failed: unrecognized error code 4
[1787714613.721222] [presto-gb200-gcn-04:3450083:0]  cuda_ipc_cache.c:181  UCX  WARN  cuMemUnmap( (CUdeviceptr)region->mapped_addr, region->key.b_len) failed: unrecognized error code 4
[1787714613.721223] [presto-gb200-gcn-04:3450083:0]  cuda_ipc_cache.c:181  UCX  WARN  cuMemUnmap( (CUdeviceptr)region->mapped_addr, region->key.b_len) failed: unrecognized error code 4
[1787714613.721224] [presto-gb200-gcn-04:3450083:0]  cuda_ipc_cache.c:181  UCX  WARN  cuMemUnmap( (CUdeviceptr)region->mapped_addr, region->key.b_len) failed: unrecognized error code 4
[1787714613.721226] [presto-gb200-gcn-04:3450083:0]  cuda_ipc_cache.c:181  UCX  WARN  cuMemUnmap( (CUdeviceptr)region->mapped_addr, region->key.b_len) failed: unrecognized error code 4
[1787714613.721227] [presto-gb200-gcn-04:3450083:0]  cuda_ipc_cache.c:181  UCX  WARN  cuMemUnmap( (CUdeviceptr)region->mapped_addr, region->key.b_len) failed: unrecognized error code 4
[1787714613.721228] [presto-gb200-gcn-04:3450083:0]  cuda_ipc_cache.c:181  UCX  WARN  cuMemUnmap( (CUdeviceptr)region->mapped_addr, region->key.b_len) failed: unrecognized error code 4
[1787714613.721230] [presto-gb200-gcn-04:3450083:0]  cuda_ipc_cache.c:181  UCX  WARN  cuMemUnmap( (CUdeviceptr)region->mapped_addr, region->key.b_len) failed: unrecognized error code 4
[1787714613.721231] [presto-gb200-gcn-04:3450083:0]  cuda_ipc_cache.c:181  UCX  WARN  cuMemUnmap( (CUdeviceptr)region->mapped_addr, region->key.b_len) failed: unrecognized error code 4
[1787714613.721232] [presto-gb200-gcn-04:3450083:0]  cuda_ipc_cache.c:181  UCX  WARN  cuMemUnmap( (CUdeviceptr)region->mapped_addr, region->key.b_len) failed: unrecognized error code 4
[1787714613.721234] [presto-gb200-gcn-04:3450083:0]  cuda_ipc_cache.c:181  UCX  WARN  cuMemUnmap( (CUdeviceptr)region->mapped_addr, region->key.b_len) failed: unrecognized error code 4
[1787714613.721235] [presto-gb200-gcn-04:3450083:0]  cuda_ipc_cache.c:181  UCX  WARN  cuMemUnmap( (CUdeviceptr)region->mapped_addr, region->key.b_len) failed: unrecognized error code 4
[1787714613.721236] [presto-gb200-gcn-04:3450083:0]  cuda_ipc_cache.c:181  UCX  WARN  cuMemUnmap( (CUdeviceptr)region->mapped_addr, region->key.b_len) failed: unrecognized error code 4
[1787714613.721237] [presto-gb200-gcn-04:3450083:0]  cuda_ipc_cache.c:181  UCX  WARN  cuMemUnmap( (CUdeviceptr)region->mapped_addr, region->key.b_len) failed: unrecognized error code 4
[1787714613.721238] [presto-gb200-gcn-04:3450083:0]  cuda_ipc_cache.c:181  UCX  WARN  cuMemUnmap( (CUdeviceptr)region->mapped_addr, region->key.b_len) failed: unrecognized error code 4
[1787714613.721240] [presto-gb200-gcn-04:3450083:0]  cuda_ipc_cache.c:181  UCX  WARN  cuMemUnmap( (CUdeviceptr)region->mapped_addr, region->key.b_len) failed: unrecognized error code 4
[1787714613.721241] [presto-gb200-gcn-04:3450083:0]  cuda_ipc_cache.c:181  UCX  WARN  cuMemUnmap( (CUdeviceptr)region->mapped_addr, region->key.b_len) failed: unrecognized error code 4
[1787714613.721242] [presto-gb200-gcn-04:3450083:0]  cuda_ipc_cache.c:181  UCX  WARN  cuMemUnmap( (CUdeviceptr)region->mapped_addr, region->key.b_len) failed: unrecognized error code 4
[1787714613.721244] [presto-gb200-gcn-04:3450083:0]  cuda_ipc_cache.c:181  UCX  WARN  cuMemUnmap( (CUdeviceptr)region->mapped_addr, region->key.b_len) failed: unrecognized error code 4
[1787714613.721245] [presto-gb200-gcn-04:3450083:0]  cuda_ipc_cache.c:181  UCX  WARN  cuMemUnmap( (CUdeviceptr)region->mapped_addr, region->key.b_len) failed: unrecognized error code 4
[1787714613.721246] [presto-gb200-gcn-04:3450083:0]  cuda_ipc_cache.c:181  UCX  WARN  cuMemUnmap( (CUdeviceptr)region->mapped_addr, region->key.b_len) failed: unrecognized error code 4
[1787714613.721248] [presto-gb200-gcn-04:3450083:0]  cuda_ipc_cache.c:181  UCX  WARN  cuMemUnmap( (CUdeviceptr)region->mapped_addr, region->key.b_len) failed: unrecognized error code 4
[1787714613.721249] [presto-gb200-gcn-04:3450083:0]  cuda_ipc_cache.c:181  UCX  WARN  cuMemUnmap( (CUdeviceptr)region->mapped_addr, region->key.b_len) failed: unrecognized error code 4
[1787714613.721250] [presto-gb200-gcn-04:3450083:0]  cuda_ipc_cache.c:181  UCX  WARN  cuMemUnmap( (CUdeviceptr)region->mapped_addr, region->key.b_len) failed: unrecognized error code 4
[1787714613.721251] [presto-gb200-gcn-04:3450083:0]  cuda_ipc_cache.c:181  UCX  WARN  cuMemUnmap( (CUdeviceptr)region->mapped_addr, region->key.b_len) failed: unrecognized error code 4
[1787714613.721253] [presto-gb200-gcn-04:3450083:0]  cuda_ipc_cache.c:181  UCX  WARN  cuMemUnmap( (CUdeviceptr)region->mapped_addr, region->key.b_len) failed: unrecognized error code 4
[1787714613.721254] [presto-gb200-gcn-04:3450083:0]  cuda_ipc_cache.c:181  UCX  WARN  cuMemUnmap( (CUdeviceptr)region->mapped_addr, region->key.b_len) failed: unrecognized error code 4
[1787714613.721256] [presto-gb200-gcn-04:3450083:0]  cuda_ipc_cache.c:181  UCX  WARN  cuMemUnmap( (CUdeviceptr)region->mapped_addr, region->key.b_len) failed: unrecognized error code 4
[1787714613.721257] [presto-gb200-gcn-04:3450083:0]  cuda_ipc_cache.c:181  UCX  WARN  cuMemUnmap( (CUdeviceptr)region->mapped_addr, region->key.b_len) failed: unrecognized error code 4
[1787714613.721258] [presto-gb200-gcn-04:3450083:0]  cuda_ipc_cache.c:181  UCX  WARN  cuMemUnmap( (CUdeviceptr)region->mapped_addr, region->key.b_len) failed: unrecognized error code 4
[1787714613.721260] [presto-gb200-gcn-04:3450083:0]  cuda_ipc_cache.c:181  UCX  WARN  cuMemUnmap( (CUdeviceptr)region->mapped_addr, region->key.b_len) failed: unrecognized error code 4
[1787714613.721261] [presto-gb200-gcn-04:3450083:0]  cuda_ipc_cache.c:181  UCX  WARN  cuMemUnmap( (CUdeviceptr)region->mapped_addr, region->key.b_len) failed: unrecognized error code 4
[1787714613.721263] [presto-gb200-gcn-04:3450083:0]  cuda_ipc_cache.c:181  UCX  WARN  cuMemUnmap( (CUdeviceptr)region->mapped_addr, region->key.b_len) failed: unrecognized error code 4
[1787714613.721264] [presto-gb200-gcn-04:3450083:0]  cuda_ipc_cache.c:181  UCX  WARN  cuMemUnmap( (CUdeviceptr)region->mapped_addr, region->key.b_len) failed: unrecognized error code 4
[1787714613.721265] [presto-gb200-gcn-04:3450083:0]  cuda_ipc_cache.c:181  UCX  WARN  cuMemUnmap( (CUdeviceptr)region->mapped_addr, region->key.b_len) failed: unrecognized error code 4
[1787714613.721266] [presto-gb200-gcn-04:3450083:0]  cuda_ipc_cache.c:181  UCX  WARN  cuMemUnmap( (CUdeviceptr)region->mapped_addr, region->key.b_len) failed: unrecognized error code 4
[1787714613.721268] [presto-gb200-gcn-04:3450083:0]  cuda_ipc_cache.c:181  UCX  WARN  cuMemUnmap( (CUdeviceptr)region->mapped_addr, region->key.b_len) failed: unrecognized error code 4
[1787714613.721269] [presto-gb200-gcn-04:3450083:0]  cuda_ipc_cache.c:181  UCX  WARN  cuMemUnmap( (CUdeviceptr)region->mapped_addr, region->key.b_len) failed: unrecognized error code 4
[1787714613.721271] [presto-gb200-gcn-04:3450083:0]  cuda_ipc_cache.c:181  UCX  WARN  cuMemUnmap( (CUdeviceptr)region->mapped_addr, region->key.b_len) failed: unrecognized error code 4
[1787714613.721272] [presto-gb200-gcn-04:3450083:0]  cuda_ipc_cache.c:181  UCX  WARN  cuMemUnmap( (CUdeviceptr)region->mapped_addr, region->key.b_len) failed: unrecognized error code 4
[1787714613.721274] [presto-gb200-gcn-04:3450083:0]  cuda_ipc_cache.c:181  UCX  WARN  cuMemUnmap( (CUdeviceptr)region->mapped_addr, region->key.b_len) failed: unrecognized error code 4
[1787714613.721288] [presto-gb200-gcn-04:3450083:0]  cuda_ipc_cache.c:181  UCX  WARN  cuMemUnmap( (CUdeviceptr)region->mapped_addr, region->key.b_len) failed: unrecognized error code 4
[1787714613.721289] [presto-gb200-gcn-04:3450083:0]  cuda_ipc_cache.c:181  UCX  WARN  cuMemUnmap( (CUdeviceptr)region->mapped_addr, region->key.b_len) failed: unrecognized error code 4
[1787714613.721290] [presto-gb200-gcn-04:3450083:0]  cuda_ipc_cache.c:181  UCX  WARN  cuMemUnmap( (CUdeviceptr)region->mapped_addr, region->key.b_len) failed: unrecognized error code 4
[1787714613.721291] [presto-gb200-gcn-04:3450083:0]  cuda_ipc_cache.c:181  UCX  WARN  cuMemUnmap( (CUdeviceptr)region->mapped_addr, region->key.b_len) failed: unrecognized error code 4
[1787714613.721293] [presto-gb200-gcn-04:3450083:0]        cuda_ctx.c:23   UCX  ERROR cuDevicePrimaryCtxGetState(cuda_device, &flags, &active) failed: unrecognized error code 4
[1787714613.721314] [presto-gb200-gcn-04:3450083:0]  cuda_ipc_cache.c:181  UCX  WARN  cuMemUnmap( (CUdeviceptr)region->mapped_addr, region->key.b_len) failed: unrecognized error code 4
[1787714613.721315] [presto-gb200-gcn-04:3450083:0]  cuda_ipc_cache.c:181  UCX  WARN  cuMemUnmap( (CUdeviceptr)region->mapped_addr, region->key.b_len) failed: unrecognized error code 4
[1787714613.721317] [presto-gb200-gcn-04:3450083:0]  cuda_ipc_cache.c:181  UCX  WARN  cuMemUnmap( (CUdeviceptr)region->mapped_addr, region->key.b_len) failed: unrecognized error code 4
[1787714613.721318] [presto-gb200-gcn-04:3450083:0]  cuda_ipc_cache.c:181  UCX  WARN  cuMemUnmap( (CUdeviceptr)region->mapped_addr, region->key.b_len) failed: unrecognized error code 4
[1787714613.721319] [presto-gb200-gcn-04:3450083:0]  cuda_ipc_cache.c:181  UCX  WARN  cuMemUnmap( (CUdeviceptr)region->mapped_addr, region->key.b_len) failed: unrecognized error code 4
[1787714613.721320] [presto-gb200-gcn-04:3450083:0]  cuda_ipc_cache.c:181  UCX  WARN  cuMemUnmap( (CUdeviceptr)region->mapped_addr, region->key.b_len) failed: unrecognized error code 4
[1787714613.721321] [presto-gb200-gcn-04:3450083:0]  cuda_ipc_cache.c:181  UCX  WARN  cuMemUnmap( (CUdeviceptr)region->mapped_addr, region->key.b_len) failed: unrecognized error code 4
[1787714613.721322] [presto-gb200-gcn-04:3450083:0]  cuda_ipc_cache.c:181  UCX  WARN  cuMemUnmap( (CUdeviceptr)region->mapped_addr, region->key.b_len) failed: unrecognized error code 4
[1787714613.721323] [presto-gb200-gcn-04:3450083:0]  cuda_ipc_cache.c:181  UCX  WARN  cuMemUnmap( (CUdeviceptr)region->mapped_addr, region->key.b_len) failed: unrecognized error code 4
[1787714613.721324] [presto-gb200-gcn-04:3450083:0]  cuda_ipc_cache.c:181  UCX  WARN  cuMemUnmap( (CUdeviceptr)region->mapped_addr, region->key.b_len) failed: unrecognized error code 4
[1787714613.721325] [presto-gb200-gcn-04:3450083:0]  cuda_ipc_cache.c:181  UCX  WARN  cuMemUnmap( (CUdeviceptr)region->mapped_addr, region->key.b_len) failed: unrecognized error code 4
[1787714613.721326] [presto-gb200-gcn-04:3450083:0]  cuda_ipc_cache.c:181  UCX  WARN  cuMemUnmap( (CUdeviceptr)region->mapped_addr, region->key.b_len) failed: unrecognized error code 4
[1787714613.721328] [presto-gb200-gcn-04:3450083:0]  cuda_ipc_cache.c:181  UCX  WARN  cuMemUnmap( (CUdeviceptr)region->mapped_addr, region->key.b_len) failed: unrecognized error code 4
[1787714613.721329] [presto-gb200-gcn-04:3450083:0]  cuda_ipc_cache.c:181  UCX  WARN  cuMemUnmap( (CUdeviceptr)region->mapped_addr, region->key.b_len) failed: unrecognized error code 4
[1787714613.721330] [presto-gb200-gcn-04:3450083:0]  cuda_ipc_cache.c:181  UCX  WARN  cuMemUnmap( (CUdeviceptr)region->mapped_addr, region->key.b_len) failed: unrecognized error code 4
[1787714613.721331] [presto-gb200-gcn-04:3450083:0]  cuda_ipc_cache.c:181  UCX  WARN  cuMemUnmap( (CUdeviceptr)region->mapped_addr, region->key.b_len) failed: unrecognized error code 4
[1787714613.721331] [presto-gb200-gcn-04:3450083:0]  cuda_ipc_cache.c:181  UCX  WARN  cuMemUnmap( (CUdeviceptr)region->mapped_addr, region->key.b_len) failed: unrecognized error code 4
[1787714613.721332] [presto-gb200-gcn-04:3450083:0]  cuda_ipc_cache.c:181  UCX  WARN  cuMemUnmap( (CUdeviceptr)region->mapped_addr, region->key.b_len) failed: unrecognized error code 4
[1787714613.721333] [presto-gb200-gcn-04:3450083:0]  cuda_ipc_cache.c:181  UCX  WARN  cuMemUnmap( (CUdeviceptr)region->mapped_addr, region->key.b_len) failed: unrecognized error code 4
[1787714613.721334] [presto-gb200-gcn-04:3450083:0]  cuda_ipc_cache.c:181  UCX  WARN  cuMemUnmap( (CUdeviceptr)region->mapped_addr, region->key.b_len) failed: unrecognized error code 4
[1787714613.721335] [presto-gb200-gcn-04:3450083:0]  cuda_ipc_cache.c:181  UCX  WARN  cuMemUnmap( (CUdeviceptr)region->mapped_addr, region->key.b_len) failed: unrecognized error code 4
[1787714613.721336] [presto-gb200-gcn-04:3450083:0]  cuda_ipc_cache.c:181  UCX  WARN  cuMemUnmap( (CUdeviceptr)region->mapped_addr, region->key.b_len) failed: unrecognized error code 4
[1787714613.721338] [presto-gb200-gcn-04:3450083:0]  cuda_ipc_cache.c:181  UCX  WARN  cuMemUnmap( (CUdeviceptr)region->mapped_addr, region->key.b_len) failed: unrecognized error code 4
[1787714613.721339] [presto-gb200-gcn-04:3450083:0]  cuda_ipc_cache.c:181  UCX  WARN  cuMemUnmap( (CUdeviceptr)region->mapped_addr, region->key.b_len) failed: unrecognized error code 4
[1787714613.721340] [presto-gb200-gcn-04:3450083:0]  cuda_ipc_cache.c:181  UCX  WARN  cuMemUnmap( (CUdeviceptr)region->mapped_addr, region->key.b_len) failed: unrecognized error code 4
[1787714613.721341] [presto-gb200-gcn-04:3450083:0]  cuda_ipc_cache.c:181  UCX  WARN  cuMemUnmap( (CUdeviceptr)region->mapped_addr, region->key.b_len) failed: unrecognized error code 4
[1787714613.721342] [presto-gb200-gcn-04:3450083:0]  cuda_ipc_cache.c:181  UCX  WARN  cuMemUnmap( (CUdeviceptr)region->mapped_addr, region->key.b_len) failed: unrecognized error code 4
[1787714613.721343] [presto-gb200-gcn-04:3450083:0]  cuda_ipc_cache.c:181  UCX  WARN  cuMemUnmap( (CUdeviceptr)region->mapped_addr, region->key.b_len) failed: unrecognized error code 4
[1787714613.721344] [presto-gb200-gcn-04:3450083:0]  cuda_ipc_cache.c:181  UCX  WARN  cuMemUnmap( (CUdeviceptr)region->mapped_addr, region->key.b_len) failed: unrecognized error code 4
[1787714613.721345] [presto-gb200-gcn-04:3450083:0]  cuda_ipc_cache.c:181  UCX  WARN  cuMemUnmap( (CUdeviceptr)region->mapped_addr, region->key.b_len) failed: unrecognized error code 4
[1787714613.721345] [presto-gb200-gcn-04:3450083:0]  cuda_ipc_cache.c:181  UCX  WARN  cuMemUnmap( (CUdeviceptr)region->mapped_addr, region->key.b_len) failed: unrecognized error code 4
[1787714613.721346] [presto-gb200-gcn-04:3450083:0]  cuda_ipc_cache.c:181  UCX  WARN  cuMemUnmap( (CUdeviceptr)region->mapped_addr, region->key.b_len) failed: unrecognized error code 4
[1787714613.721347] [presto-gb200-gcn-04:3450083:0]  cuda_ipc_cache.c:181  UCX  WARN  cuMemUnmap( (CUdeviceptr)region->mapped_addr, region->key.b_len) failed: unrecognized error code 4
[1787714613.721349] [presto-gb200-gcn-04:3450083:0]  cuda_ipc_cache.c:181  UCX  WARN  cuMemUnmap( (CUdeviceptr)region->mapped_addr, region->key.b_len) failed: unrecognized error code 4
[1787714613.721350] [presto-gb200-gcn-04:3450083:0]  cuda_ipc_cache.c:181  UCX  WARN  cuMemUnmap( (CUdeviceptr)region->mapped_addr, region->key.b_len) failed: unrecognized error code 4
[1787714613.721351] [presto-gb200-gcn-04:3450083:0]  cuda_ipc_cache.c:181  UCX  WARN  cuMemUnmap( (CUdeviceptr)region->mapped_addr, region->key.b_len) failed: unrecognized error code 4
[1787714613.721352] [presto-gb200-gcn-04:3450083:0]  cuda_ipc_cache.c:181  UCX  WARN  cuMemUnmap( (CUdeviceptr)region->mapped_addr, region->key.b_len) failed: unrecognized error code 4
[1787714613.721367] [presto-gb200-gcn-04:3450083:0]  cuda_ipc_cache.c:181  UCX  WARN  cuMemUnmap( (CUdeviceptr)region->mapped_addr, region->key.b_len) failed: unrecognized error code 4
[1787714613.721368] [presto-gb200-gcn-04:3450083:0]  cuda_ipc_cache.c:181  UCX  WARN  cuMemUnmap( (CUdeviceptr)region->mapped_addr, region->key.b_len) failed: unrecognized error code 4
[1787714613.721370] [presto-gb200-gcn-04:3450083:0]  cuda_ipc_cache.c:181  UCX  WARN  cuMemUnmap( (CUdeviceptr)region->mapped_addr, region->key.b_len) failed: unrecognized error code 4
[1787714613.721371] [presto-gb200-gcn-04:3450083:0]  cuda_ipc_cache.c:181  UCX  WARN  cuMemUnmap( (CUdeviceptr)region->mapped_addr, region->key.b_len) failed: unrecognized error code 4
[1787714613.721372] [presto-gb200-gcn-04:3450083:0]  cuda_ipc_cache.c:181  UCX  WARN  cuMemUnmap( (CUdeviceptr)region->mapped_addr, region->key.b_len) failed: unrecognized error code 4
[1787714613.721373] [presto-gb200-gcn-04:3450083:0]  cuda_ipc_cache.c:181  UCX  WARN  cuMemUnmap( (CUdeviceptr)region->mapped_addr, region->key.b_len) failed: unrecognized error code 4
[1787714613.721374] [presto-gb200-gcn-04:3450083:0]  cuda_ipc_cache.c:181  UCX  WARN  cuMemUnmap( (CUdeviceptr)region->mapped_addr, region->key.b_len) failed: unrecognized error code 4
[1787714613.721375] [presto-gb200-gcn-04:3450083:0]  cuda_ipc_cache.c:181  UCX  WARN  cuMemUnmap( (CUdeviceptr)region->mapped_addr, region->key.b_len) failed: unrecognized error code 4
[1787714613.721380] [presto-gb200-gcn-04:3450083:0]  cuda_ipc_cache.c:181  UCX  WARN  cuMemUnmap( (CUdeviceptr)region->mapped_addr, region->key.b_len) failed: unrecognized error code 4
[1787714613.721381] [presto-gb200-gcn-04:3450083:0]        cuda_ctx.c:23   UCX  ERROR cuDevicePrimaryCtxGetState(cuda_device, &flags, &active) failed: unrecognized error code 4
[1787714613.721400] [presto-gb200-gcn-04:3450083:0]  cuda_ipc_cache.c:181  UCX  WARN  cuMemUnmap( (CUdeviceptr)region->mapped_addr, region->key.b_len) failed: unrecognized error code 4
[1787714613.721401] [presto-gb200-gcn-04:3450083:0]  cuda_ipc_cache.c:181  UCX  WARN  cuMemUnmap( (CUdeviceptr)region->mapped_addr, region->key.b_len) failed: unrecognized error code 4
[1787714613.721402] [presto-gb200-gcn-04:3450083:0]  cuda_ipc_cache.c:181  UCX  WARN  cuMemUnmap( (CUdeviceptr)region->mapped_addr, region->key.b_len) failed: unrecognized error code 4
[1787714613.721403] [presto-gb200-gcn-04:3450083:0]  cuda_ipc_cache.c:181  UCX  WARN  cuMemUnmap( (CUdeviceptr)region->mapped_addr, region->key.b_len) failed: unrecognized error code 4
[1787714613.721404] [presto-gb200-gcn-04:3450083:0]  cuda_ipc_cache.c:181  UCX  WARN  cuMemUnmap( (CUdeviceptr)region->mapped_addr, region->key.b_len) failed: unrecognized error code 4
[1787714613.721405] [presto-gb200-gcn-04:3450083:0]  cuda_ipc_cache.c:181  UCX  WARN  cuMemUnmap( (CUdeviceptr)region->mapped_addr, region->key.b_len) failed: unrecognized error code 4
[1787714613.721406] [presto-gb200-gcn-04:3450083:0]  cuda_ipc_cache.c:181  UCX  WARN  cuMemUnmap( (CUdeviceptr)region->mapped_addr, region->key.b_len) failed: unrecognized error code 4
[1787714613.721408] [presto-gb200-gcn-04:3450083:0]  cuda_ipc_cache.c:181  UCX  WARN  cuMemUnmap( (CUdeviceptr)region->mapped_addr, region->key.b_len) failed: unrecognized error code 4
[1787714613.721408] [presto-gb200-gcn-04:3450083:0]  cuda_ipc_cache.c:181  UCX  WARN  cuMemUnmap( (CUdeviceptr)region->mapped_addr, region->key.b_len) failed: unrecognized error code 4
[1787714613.721409] [presto-gb200-gcn-04:3450083:0]  cuda_ipc_cache.c:181  UCX  WARN  cuMemUnmap( (CUdeviceptr)region->mapped_addr, region->key.b_len) failed: unrecognized error code 4
[1787714613.721410] [presto-gb200-gcn-04:3450083:0]  cuda_ipc_cache.c:181  UCX  WARN  cuMemUnmap( (CUdeviceptr)region->mapped_addr, region->key.b_len) failed: unrecognized error code 4
[1787714613.721411] [presto-gb200-gcn-04:3450083:0]  cuda_ipc_cache.c:181  UCX  WARN  cuMemUnmap( (CUdeviceptr)region->mapped_addr, region->key.b_len) failed: unrecognized error code 4
[1787714613.721412] [presto-gb200-gcn-04:3450083:0]  cuda_ipc_cache.c:181  UCX  WARN  cuMemUnmap( (CUdeviceptr)region->mapped_addr, region->key.b_len) failed: unrecognized error code 4
[1787714613.721413] [presto-gb200-gcn-04:3450083:0]  cuda_ipc_cache.c:181  UCX  WARN  cuMemUnmap( (CUdeviceptr)region->mapped_addr, region->key.b_len) failed: unrecognized error code 4
[1787714613.721414] [presto-gb200-gcn-04:3450083:0]  cuda_ipc_cache.c:181  UCX  WARN  cuMemUnmap( (CUdeviceptr)region->mapped_addr, region->key.b_len) failed: unrecognized error code 4
[1787714613.721415] [presto-gb200-gcn-04:3450083:0]  cuda_ipc_cache.c:181  UCX  WARN  cuMemUnmap( (CUdeviceptr)region->mapped_addr, region->key.b_len) failed: unrecognized error code 4
[1787714613.721416] [presto-gb200-gcn-04:3450083:0]  cuda_ipc_cache.c:181  UCX  WARN  cuMemUnmap( (CUdeviceptr)region->mapped_addr, region->key.b_len) failed: unrecognized error code 4
[1787714613.721417] [presto-gb200-gcn-04:3450083:0]  cuda_ipc_cache.c:181  UCX  WARN  cuMemUnmap( (CUdeviceptr)region->mapped_addr, region->key.b_len) failed: unrecognized error code 4
[1787714613.721418] [presto-gb200-gcn-04:3450083:0]  cuda_ipc_cache.c:181  UCX  WARN  cuMemUnmap( (CUdeviceptr)region->mapped_addr, region->key.b_len) failed: unrecognized error code 4
[1787714613.721419] [presto-gb200-gcn-04:3450083:0]  cuda_ipc_cache.c:181  UCX  WARN  cuMemUnmap( (CUdeviceptr)region->mapped_addr, region->key.b_len) failed: unrecognized error code 4
[1787714613.721420] [presto-gb200-gcn-04:3450083:0]  cuda_ipc_cache.c:181  UCX  WARN  cuMemUnmap( (CUdeviceptr)region->mapped_addr, region->key.b_len) failed: unrecognized error code 4
[1787714613.721421] [presto-gb200-gcn-04:3450083:0]  cuda_ipc_cache.c:181  UCX  WARN  cuMemUnmap( (CUdeviceptr)region->mapped_addr, region->key.b_len) failed: unrecognized error code 4
[1787714613.721422] [presto-gb200-gcn-04:3450083:0]  cuda_ipc_cache.c:181  UCX  WARN  cuMemUnmap( (CUdeviceptr)region->mapped_addr, region->key.b_len) failed: unrecognized error code 4
[1787714613.721423] [presto-gb200-gcn-04:3450083:0]  cuda_ipc_cache.c:181  UCX  WARN  cuMemUnmap( (CUdeviceptr)region->mapped_addr, region->key.b_len) failed: unrecognized error code 4
[1787714613.721424] [presto-gb200-gcn-04:3450083:0]  cuda_ipc_cache.c:181  UCX  WARN  cuMemUnmap( (CUdeviceptr)region->mapped_addr, region->key.b_len) failed: unrecognized error code 4
[1787714613.721425] [presto-gb200-gcn-04:3450083:0]  cuda_ipc_cache.c:181  UCX  WARN  cuMemUnmap( (CUdeviceptr)region->mapped_addr, region->key.b_len) failed: unrecognized error code 4
[1787714613.721426] [presto-gb200-gcn-04:3450083:0]  cuda_ipc_cache.c:181  UCX  WARN  cuMemUnmap( (CUdeviceptr)region->mapped_addr, region->key.b_len) failed: unrecognized error code 4
[1787714613.721427] [presto-gb200-gcn-04:3450083:0]  cuda_ipc_cache.c:181  UCX  WARN  cuMemUnmap( (CUdeviceptr)region->mapped_addr, region->key.b_len) failed: unrecognized error code 4
[1787714613.721428] [presto-gb200-gcn-04:3450083:0]  cuda_ipc_cache.c:181  UCX  WARN  cuMemUnmap( (CUdeviceptr)region->mapped_addr, region->key.b_len) failed: unrecognized error code 4
[1787714613.721429] [presto-gb200-gcn-04:3450083:0]  cuda_ipc_cache.c:181  UCX  WARN  cuMemUnmap( (CUdeviceptr)region->mapped_addr, region->key.b_len) failed: unrecognized error code 4
[1787714613.721430] [presto-gb200-gcn-04:3450083:0]  cuda_ipc_cache.c:181  UCX  WARN  cuMemUnmap( (CUdeviceptr)region->mapped_addr, region->key.b_len) failed: unrecognized error code 4
[1787714613.721431] [presto-gb200-gcn-04:3450083:0]  cuda_ipc_cache.c:181  UCX  WARN  cuMemUnmap( (CUdeviceptr)region->mapped_addr, region->key.b_len) failed: unrecognized error code 4
[1787714613.721433] [presto-gb200-gcn-04:3450083:0]  cuda_ipc_cache.c:181  UCX  WARN  cuMemUnmap( (CUdeviceptr)region->mapped_addr, region->key.b_len) failed: unrecognized error code 4
[1787714613.721434] [presto-gb200-gcn-04:3450083:0]  cuda_ipc_cache.c:181  UCX  WARN  cuMemUnmap( (CUdeviceptr)region->mapped_addr, region->key.b_len) failed: unrecognized error code 4
[1787714613.721435] [presto-gb200-gcn-04:3450083:0]  cuda_ipc_cache.c:181  UCX  WARN  cuMemUnmap( (CUdeviceptr)region->mapped_addr, region->key.b_len) failed: unrecognized error code 4
[1787714613.721436] [presto-gb200-gcn-04:3450083:0]  cuda_ipc_cache.c:181  UCX  WARN  cuMemUnmap( (CUdeviceptr)region->mapped_addr, region->key.b_len) failed: unrecognized error code 4
[1787714613.721437] [presto-gb200-gcn-04:3450083:0]  cuda_ipc_cache.c:181  UCX  WARN  cuMemUnmap( (CUdeviceptr)region->mapped_addr, region->key.b_len) failed: unrecognized error code 4
[1787714613.721438] [presto-gb200-gcn-04:3450083:0]  cuda_ipc_cache.c:181  UCX  WARN  cuMemUnmap( (CUdeviceptr)region->mapped_addr, region->key.b_len) failed: unrecognized error code 4
[1787714613.721442] [presto-gb200-gcn-04:3450083:0]  cuda_ipc_cache.c:181  UCX  WARN  cuMemUnmap( (CUdeviceptr)region->mapped_addr, region->key.b_len) failed: unrecognized error code 4
[1787714613.721443] [presto-gb200-gcn-04:3450083:0]  cuda_ipc_cache.c:181  UCX  WARN  cuMemUnmap( (CUdeviceptr)region->mapped_addr, region->key.b_len) failed: unrecognized error code 4
[1787714613.721444] [presto-gb200-gcn-04:3450083:0]  cuda_ipc_cache.c:181  UCX  WARN  cuMemUnmap( (CUdeviceptr)region->mapped_addr, region->key.b_len) failed: unrecognized error code 4
[1787714613.721445] [presto-gb200-gcn-04:3450083:0]  cuda_ipc_cache.c:181  UCX  WARN  cuMemUnmap( (CUdeviceptr)region->mapped_addr, region->key.b_len) failed: unrecognized error code 4
[1787714613.721446] [presto-gb200-gcn-04:3450083:0]  cuda_ipc_cache.c:181  UCX  WARN  cuMemUnmap( (CUdeviceptr)region->mapped_addr, region->key.b_len) failed: unrecognized error code 4
[1787714613.721447] [presto-gb200-gcn-04:3450083:0]  cuda_ipc_cache.c:181  UCX  WARN  cuMemUnmap( (CUdeviceptr)region->mapped_addr, region->key.b_len) failed: unrecognized error code 4
[1787714613.721448] [presto-gb200-gcn-04:3450083:0]  cuda_ipc_cache.c:181  UCX  WARN  cuMemUnmap( (CUdeviceptr)region->mapped_addr, region->key.b_len) failed: unrecognized error code 4
[1787714613.721452] [presto-gb200-gcn-04:3450083:0]  cuda_ipc_cache.c:181  UCX  WARN  cuMemUnmap( (CUdeviceptr)region->mapped_addr, region->key.b_len) failed: unrecognized error code 4
[1787714613.721453] [presto-gb200-gcn-04:3450083:0]  cuda_ipc_cache.c:181  UCX  WARN  cuMemUnmap( (CUdeviceptr)region->mapped_addr, region->key.b_len) failed: unrecognized error code 4
[1787714613.721454] [presto-gb200-gcn-04:3450083:0]  cuda_ipc_cache.c:181  UCX  WARN  cuMemUnmap( (CUdeviceptr)region->mapped_addr, region->key.b_len) failed: unrecognized error code 4
[1787714613.721455] [presto-gb200-gcn-04:3450083:0]  cuda_ipc_cache.c:181  UCX  WARN  cuMemUnmap( (CUdeviceptr)region->mapped_addr, region->key.b_len) failed: unrecognized error code 4
[1787714613.721457] [presto-gb200-gcn-04:3450083:0]  cuda_ipc_cache.c:181  UCX  WARN  cuMemUnmap( (CUdeviceptr)region->mapped_addr, region->key.b_len) failed: unrecognized error code 4
[1787714613.721458] [presto-gb200-gcn-04:3450083:0]  cuda_ipc_cache.c:181  UCX  WARN  cuMemUnmap( (CUdeviceptr)region->mapped_addr, region->key.b_len) failed: unrecognized error code 4
[1787714613.721459] [presto-gb200-gcn-04:3450083:0]  cuda_ipc_cache.c:181  UCX  WARN  cuMemUnmap( (CUdeviceptr)region->mapped_addr, region->key.b_len) failed: unrecognized error code 4
[1787714613.721460] [presto-gb200-gcn-04:3450083:0]  cuda_ipc_cache.c:181  UCX  WARN  cuMemUnmap( (CUdeviceptr)region->mapped_addr, region->key.b_len) failed: unrecognized error code 4
[1787714613.721462] [presto-gb200-gcn-04:3450083:0]  cuda_ipc_cache.c:181  UCX  WARN  cuMemUnmap( (CUdeviceptr)region->mapped_addr, region->key.b_len) failed: unrecognized error code 4
[1787714613.721463] [presto-gb200-gcn-04:3450083:0]        cuda_ctx.c:23   UCX  ERROR cuDevicePrimaryCtxGetState(cuda_device, &flags, &active) failed: unrecognized error code 4
[1787714613.725513] [presto-gb200-gcn-04:3450086:0]  cuda_ipc_cache.c:181  UCX  WARN  cuMemUnmap( (CUdeviceptr)region->mapped_addr, region->key.b_len) failed: unrecognized error code 4
[1787714613.725517] [presto-gb200-gcn-04:3450086:0]  cuda_ipc_cache.c:181  UCX  WARN  cuMemUnmap( (CUdeviceptr)region->mapped_addr, region->key.b_len) failed: unrecognized error code 4
[1787714613.725519] [presto-gb200-gcn-04:3450086:0]  cuda_ipc_cache.c:181  UCX  WARN  cuMemUnmap( (CUdeviceptr)region->mapped_addr, region->key.b_len) failed: unrecognized error code 4
[1787714613.725520] [presto-gb200-gcn-04:3450086:0]  cuda_ipc_cache.c:181  UCX  WARN  cuMemUnmap( (CUdeviceptr)region->mapped_addr, region->key.b_len) failed: unrecognized error code 4
[1787714613.725522] [presto-gb200-gcn-04:3450086:0]  cuda_ipc_cache.c:181  UCX  WARN  cuMemUnmap( (CUdeviceptr)region->mapped_addr, region->key.b_len) failed: unrecognized error code 4
[1787714613.725523] [presto-gb200-gcn-04:3450086:0]  cuda_ipc_cache.c:181  UCX  WARN  cuMemUnmap( (CUdeviceptr)region->mapped_addr, region->key.b_len) failed: unrecognized error code 4
[1787714613.725524] [presto-gb200-gcn-04:3450086:0]  cuda_ipc_cache.c:181  UCX  WARN  cuMemUnmap( (CUdeviceptr)region->mapped_addr, region->key.b_len) failed: unrecognized error code 4
[1787714613.725526] [presto-gb200-gcn-04:3450086:0]  cuda_ipc_cache.c:181  UCX  WARN  cuMemUnmap( (CUdeviceptr)region->mapped_addr, region->key.b_len) failed: unrecognized error code 4
[1787714613.725527] [presto-gb200-gcn-04:3450086:0]  cuda_ipc_cache.c:181  UCX  WARN  cuMemUnmap( (CUdeviceptr)region->mapped_addr, region->key.b_len) failed: unrecognized error code 4
[1787714613.725529] [presto-gb200-gcn-04:3450086:0]  cuda_ipc_cache.c:181  UCX  WARN  cuMemUnmap( (CUdeviceptr)region->mapped_addr, region->key.b_len) failed: unrecognized error code 4
[1787714613.725530] [presto-gb200-gcn-04:3450086:0]  cuda_ipc_cache.c:181  UCX  WARN  cuMemUnmap( (CUdeviceptr)region->mapped_addr, region->key.b_len) failed: unrecognized error code 4
[1787714613.725532] [presto-gb200-gcn-04:3450086:0]  cuda_ipc_cache.c:181  UCX  WARN  cuMemUnmap( (CUdeviceptr)region->mapped_addr, region->key.b_len) failed: unrecognized error code 4
[1787714613.725533] [presto-gb200-gcn-04:3450086:0]  cuda_ipc_cache.c:181  UCX  WARN  cuMemUnmap( (CUdeviceptr)region->mapped_addr, region->key.b_len) failed: unrecognized error code 4
[1787714613.725534] [presto-gb200-gcn-04:3450086:0]  cuda_ipc_cache.c:181  UCX  WARN  cuMemUnmap( (CUdeviceptr)region->mapped_addr, region->key.b_len) failed: unrecognized error code 4
[1787714613.725535] [presto-gb200-gcn-04:3450086:0]  cuda_ipc_cache.c:181  UCX  WARN  cuMemUnmap( (CUdeviceptr)region->mapped_addr, region->key.b_len) failed: unrecognized error code 4
[1787714613.725536] [presto-gb200-gcn-04:3450086:0]  cuda_ipc_cache.c:181  UCX  WARN  cuMemUnmap( (CUdeviceptr)region->mapped_addr, region->key.b_len) failed: unrecognized error code 4
[1787714613.725538] [presto-gb200-gcn-04:3450086:0]  cuda_ipc_cache.c:181  UCX  WARN  cuMemUnmap( (CUdeviceptr)region->mapped_addr, region->key.b_len) failed: unrecognized error code 4
[1787714613.725539] [presto-gb200-gcn-04:3450086:0]  cuda_ipc_cache.c:181  UCX  WARN  cuMemUnmap( (CUdeviceptr)region->mapped_addr, region->key.b_len) failed: unrecognized error code 4
[1787714613.725541] [presto-gb200-gcn-04:3450086:0]  cuda_ipc_cache.c:181  UCX  WARN  cuMemUnmap( (CUdeviceptr)region->mapped_addr, region->key.b_len) failed: unrecognized error code 4
[1787714613.725542] [presto-gb200-gcn-04:3450086:0]  cuda_ipc_cache.c:181  UCX  WARN  cuMemUnmap( (CUdeviceptr)region->mapped_addr, region->key.b_len) failed: unrecognized error code 4
[1787714613.725543] [presto-gb200-gcn-04:3450086:0]  cuda_ipc_cache.c:181  UCX  WARN  cuMemUnmap( (CUdeviceptr)region->mapped_addr, region->key.b_len) failed: unrecognized error code 4
[1787714613.725545] [presto-gb200-gcn-04:3450086:0]  cuda_ipc_cache.c:181  UCX  WARN  cuMemUnmap( (CUdeviceptr)region->mapped_addr, region->key.b_len) failed: unrecognized error code 4
[1787714613.725546] [presto-gb200-gcn-04:3450086:0]  cuda_ipc_cache.c:181  UCX  WARN  cuMemUnmap( (CUdeviceptr)region->mapped_addr, region->key.b_len) failed: unrecognized error code 4
[1787714613.725547] [presto-gb200-gcn-04:3450086:0]  cuda_ipc_cache.c:181  UCX  WARN  cuMemUnmap( (CUdeviceptr)region->mapped_addr, region->key.b_len) failed: unrecognized error code 4
[1787714613.725549] [presto-gb200-gcn-04:3450086:0]  cuda_ipc_cache.c:181  UCX  WARN  cuMemUnmap( (CUdeviceptr)region->mapped_addr, region->key.b_len) failed: unrecognized error code 4
[1787714613.725550] [presto-gb200-gcn-04:3450086:0]  cuda_ipc_cache.c:181  UCX  WARN  cuMemUnmap( (CUdeviceptr)region->mapped_addr, region->key.b_len) failed: unrecognized error code 4
[1787714613.725552] [presto-gb200-gcn-04:3450086:0]  cuda_ipc_cache.c:181  UCX  WARN  cuMemUnmap( (CUdeviceptr)region->mapped_addr, region->key.b_len) failed: unrecognized error code 4
[1787714613.725553] [presto-gb200-gcn-04:3450086:0]  cuda_ipc_cache.c:181  UCX  WARN  cuMemUnmap( (CUdeviceptr)region->mapped_addr, region->key.b_len) failed: unrecognized error code 4
[1787714613.725554] [presto-gb200-gcn-04:3450086:0]  cuda_ipc_cache.c:181  UCX  WARN  cuMemUnmap( (CUdeviceptr)region->mapped_addr, region->key.b_len) failed: unrecognized error code 4
[1787714613.725556] [presto-gb200-gcn-04:3450086:0]  cuda_ipc_cache.c:181  UCX  WARN  cuMemUnmap( (CUdeviceptr)region->mapped_addr, region->key.b_len) failed: unrecognized error code 4
[1787714613.725557] [presto-gb200-gcn-04:3450086:0]  cuda_ipc_cache.c:181  UCX  WARN  cuMemUnmap( (CUdeviceptr)region->mapped_addr, region->key.b_len) failed: unrecognized error code 4
[1787714613.725559] [presto-gb200-gcn-04:3450086:0]  cuda_ipc_cache.c:181  UCX  WARN  cuMemUnmap( (CUdeviceptr)region->mapped_addr, region->key.b_len) failed: unrecognized error code 4
[1787714613.725560] [presto-gb200-gcn-04:3450086:0]  cuda_ipc_cache.c:181  UCX  WARN  cuMemUnmap( (CUdeviceptr)region->mapped_addr, region->key.b_len) failed: unrecognized error code 4
[1787714613.725562] [presto-gb200-gcn-04:3450086:0]  cuda_ipc_cache.c:181  UCX  WARN  cuMemUnmap( (CUdeviceptr)region->mapped_addr, region->key.b_len) failed: unrecognized error code 4
[1787714613.725563] [presto-gb200-gcn-04:3450086:0]  cuda_ipc_cache.c:181  UCX  WARN  cuMemUnmap( (CUdeviceptr)region->mapped_addr, region->key.b_len) failed: unrecognized error code 4
[1787714613.725564] [presto-gb200-gcn-04:3450086:0]  cuda_ipc_cache.c:181  UCX  WARN  cuMemUnmap( (CUdeviceptr)region->mapped_addr, region->key.b_len) failed: unrecognized error code 4
[1787714613.725566] [presto-gb200-gcn-04:3450086:0]  cuda_ipc_cache.c:181  UCX  WARN  cuMemUnmap( (CUdeviceptr)region->mapped_addr, region->key.b_len) failed: unrecognized error code 4
[1787714613.725567] [presto-gb200-gcn-04:3450086:0]  cuda_ipc_cache.c:181  UCX  WARN  cuMemUnmap( (CUdeviceptr)region->mapped_addr, region->key.b_len) failed: unrecognized error code 4
[1787714613.725568] [presto-gb200-gcn-04:3450086:0]  cuda_ipc_cache.c:181  UCX  WARN  cuMemUnmap( (CUdeviceptr)region->mapped_addr, region->key.b_len) failed: unrecognized error code 4
[1787714613.725569] [presto-gb200-gcn-04:3450086:0]  cuda_ipc_cache.c:181  UCX  WARN  cuMemUnmap( (CUdeviceptr)region->mapped_addr, region->key.b_len) failed: unrecognized error code 4
[1787714613.725570] [presto-gb200-gcn-04:3450086:0]  cuda_ipc_cache.c:181  UCX  WARN  cuMemUnmap( (CUdeviceptr)region->mapped_addr, region->key.b_len) failed: unrecognized error code 4
[1787714613.725571] [presto-gb200-gcn-04:3450086:0]  cuda_ipc_cache.c:181  UCX  WARN  cuMemUnmap( (CUdeviceptr)region->mapped_addr, region->key.b_len) failed: unrecognized error code 4
[1787714613.725573] [presto-gb200-gcn-04:3450086:0]  cuda_ipc_cache.c:181  UCX  WARN  cuMemUnmap( (CUdeviceptr)region->mapped_addr, region->key.b_len) failed: unrecognized error code 4
[1787714613.725574] [presto-gb200-gcn-04:3450086:0]  cuda_ipc_cache.c:181  UCX  WARN  cuMemUnmap( (CUdeviceptr)region->mapped_addr, region->key.b_len) failed: unrecognized error code 4
[1787714613.725576] [presto-gb200-gcn-04:3450086:0]  cuda_ipc_cache.c:181  UCX  WARN  cuMemUnmap( (CUdeviceptr)region->mapped_addr, region->key.b_len) failed: unrecognized error code 4
[1787714613.725590] [presto-gb200-gcn-04:3450086:0]  cuda_ipc_cache.c:181  UCX  WARN  cuMemUnmap( (CUdeviceptr)region->mapped_addr, region->key.b_len) failed: unrecognized error code 4
[1787714613.725591] [presto-gb200-gcn-04:3450086:0]  cuda_ipc_cache.c:181  UCX  WARN  cuMemUnmap( (CUdeviceptr)region->mapped_addr, region->key.b_len) failed: unrecognized error code 4
[1787714613.725592] [presto-gb200-gcn-04:3450086:0]  cuda_ipc_cache.c:181  UCX  WARN  cuMemUnmap( (CUdeviceptr)region->mapped_addr, region->key.b_len) failed: unrecognized error code 4
[1787714613.725594] [presto-gb200-gcn-04:3450086:0]  cuda_ipc_cache.c:181  UCX  WARN  cuMemUnmap( (CUdeviceptr)region->mapped_addr, region->key.b_len) failed: unrecognized error code 4
[1787714613.725595] [presto-gb200-gcn-04:3450086:0]  cuda_ipc_cache.c:181  UCX  WARN  cuMemUnmap( (CUdeviceptr)region->mapped_addr, region->key.b_len) failed: unrecognized error code 4
[1787714613.725619] [presto-gb200-gcn-04:3450086:0]        cuda_ctx.c:23   UCX  ERROR cuDevicePrimaryCtxGetState(cuda_device, &flags, &active) failed: unrecognized error code 4
[1787714613.725655] [presto-gb200-gcn-04:3450086:0]  cuda_ipc_cache.c:181  UCX  WARN  cuMemUnmap( (CUdeviceptr)region->mapped_addr, region->key.b_len) failed: unrecognized error code 4
[1787714613.725656] [presto-gb200-gcn-04:3450086:0]  cuda_ipc_cache.c:181  UCX  WARN  cuMemUnmap( (CUdeviceptr)region->mapped_addr, region->key.b_len) failed: unrecognized error code 4
[1787714613.725658] [presto-gb200-gcn-04:3450086:0]  cuda_ipc_cache.c:181  UCX  WARN  cuMemUnmap( (CUdeviceptr)region->mapped_addr, region->key.b_len) failed: unrecognized error code 4
[1787714613.725659] [presto-gb200-gcn-04:3450086:0]  cuda_ipc_cache.c:181  UCX  WARN  cuMemUnmap( (CUdeviceptr)region->mapped_addr, region->key.b_len) failed: unrecognized error code 4
[1787714613.725660] [presto-gb200-gcn-04:3450086:0]  cuda_ipc_cache.c:181  UCX  WARN  cuMemUnmap( (CUdeviceptr)region->mapped_addr, region->key.b_len) failed: unrecognized error code 4
[1787714613.725661] [presto-gb200-gcn-04:3450086:0]  cuda_ipc_cache.c:181  UCX  WARN  cuMemUnmap( (CUdeviceptr)region->mapped_addr, region->key.b_len) failed: unrecognized error code 4
[1787714613.725663] [presto-gb200-gcn-04:3450086:0]  cuda_ipc_cache.c:181  UCX  WARN  cuMemUnmap( (CUdeviceptr)region->mapped_addr, region->key.b_len) failed: unrecognized error code 4
[1787714613.725664] [presto-gb200-gcn-04:3450086:0]  cuda_ipc_cache.c:181  UCX  WARN  cuMemUnmap( (CUdeviceptr)region->mapped_addr, region->key.b_len) failed: unrecognized error code 4
[1787714613.725665] [presto-gb200-gcn-04:3450086:0]  cuda_ipc_cache.c:181  UCX  WARN  cuMemUnmap( (CUdeviceptr)region->mapped_addr, region->key.b_len) failed: unrecognized error code 4
[1787714613.725666] [presto-gb200-gcn-04:3450086:0]  cuda_ipc_cache.c:181  UCX  WARN  cuMemUnmap( (CUdeviceptr)region->mapped_addr, region->key.b_len) failed: unrecognized error code 4
[1787714613.725667] [presto-gb200-gcn-04:3450086:0]  cuda_ipc_cache.c:181  UCX  WARN  cuMemUnmap( (CUdeviceptr)region->mapped_addr, region->key.b_len) failed: unrecognized error code 4
[1787714613.725668] [presto-gb200-gcn-04:3450086:0]  cuda_ipc_cache.c:181  UCX  WARN  cuMemUnmap( (CUdeviceptr)region->mapped_addr, region->key.b_len) failed: unrecognized error code 4
[1787714613.725669] [presto-gb200-gcn-04:3450086:0]  cuda_ipc_cache.c:181  UCX  WARN  cuMemUnmap( (CUdeviceptr)region->mapped_addr, region->key.b_len) failed: unrecognized error code 4
[1787714613.725670] [presto-gb200-gcn-04:3450086:0]  cuda_ipc_cache.c:181  UCX  WARN  cuMemUnmap( (CUdeviceptr)region->mapped_addr, region->key.b_len) failed: unrecognized error code 4
[1787714613.725671] [presto-gb200-gcn-04:3450086:0]  cuda_ipc_cache.c:181  UCX  WARN  cuMemUnmap( (CUdeviceptr)region->mapped_addr, region->key.b_len) failed: unrecognized error code 4
[1787714613.725672] [presto-gb200-gcn-04:3450086:0]  cuda_ipc_cache.c:181  UCX  WARN  cuMemUnmap( (CUdeviceptr)region->mapped_addr, region->key.b_len) failed: unrecognized error code 4
[1787714613.725673] [presto-gb200-gcn-04:3450086:0]  cuda_ipc_cache.c:181  UCX  WARN  cuMemUnmap( (CUdeviceptr)region->mapped_addr, region->key.b_len) failed: unrecognized error code 4
[1787714613.725674] [presto-gb200-gcn-04:3450086:0]  cuda_ipc_cache.c:181  UCX  WARN  cuMemUnmap( (CUdeviceptr)region->mapped_addr, region->key.b_len) failed: unrecognized error code 4
[1787714613.725675] [presto-gb200-gcn-04:3450086:0]  cuda_ipc_cache.c:181  UCX  WARN  cuMemUnmap( (CUdeviceptr)region->mapped_addr, region->key.b_len) failed: unrecognized error code 4
[1787714613.725676] [presto-gb200-gcn-04:3450086:0]  cuda_ipc_cache.c:181  UCX  WARN  cuMemUnmap( (CUdeviceptr)region->mapped_addr, region->key.b_len) failed: unrecognized error code 4
[1787714613.725677] [presto-gb200-gcn-04:3450086:0]  cuda_ipc_cache.c:181  UCX  WARN  cuMemUnmap( (CUdeviceptr)region->mapped_addr, region->key.b_len) failed: unrecognized error code 4
[1787714613.725678] [presto-gb200-gcn-04:3450086:0]  cuda_ipc_cache.c:181  UCX  WARN  cuMemUnmap( (CUdeviceptr)region->mapped_addr, region->key.b_len) failed: unrecognized error code 4
[1787714613.725680] [presto-gb200-gcn-04:3450086:0]  cuda_ipc_cache.c:181  UCX  WARN  cuMemUnmap( (CUdeviceptr)region->mapped_addr, region->key.b_len) failed: unrecognized error code 4
[1787714613.725681] [presto-gb200-gcn-04:3450086:0]  cuda_ipc_cache.c:181  UCX  WARN  cuMemUnmap( (CUdeviceptr)region->mapped_addr, region->key.b_len) failed: unrecognized error code 4
[1787714613.725682] [presto-gb200-gcn-04:3450086:0]  cuda_ipc_cache.c:181  UCX  WARN  cuMemUnmap( (CUdeviceptr)region->mapped_addr, region->key.b_len) failed: unrecognized error code 4
[1787714613.725683] [presto-gb200-gcn-04:3450086:0]  cuda_ipc_cache.c:181  UCX  WARN  cuMemUnmap( (CUdeviceptr)region->mapped_addr, region->key.b_len) failed: unrecognized error code 4
[1787714613.725684] [presto-gb200-gcn-04:3450086:0]  cuda_ipc_cache.c:181  UCX  WARN  cuMemUnmap( (CUdeviceptr)region->mapped_addr, region->key.b_len) failed: unrecognized error code 4
[1787714613.725685] [presto-gb200-gcn-04:3450086:0]  cuda_ipc_cache.c:181  UCX  WARN  cuMemUnmap( (CUdeviceptr)region->mapped_addr, region->key.b_len) failed: unrecognized error code 4
[1787714613.725686] [presto-gb200-gcn-04:3450086:0]  cuda_ipc_cache.c:181  UCX  WARN  cuMemUnmap( (CUdeviceptr)region->mapped_addr, region->key.b_len) failed: unrecognized error code 4
[1787714613.725687] [presto-gb200-gcn-04:3450086:0]  cuda_ipc_cache.c:181  UCX  WARN  cuMemUnmap( (CUdeviceptr)region->mapped_addr, region->key.b_len) failed: unrecognized error code 4
[1787714613.725689] [presto-gb200-gcn-04:3450086:0]  cuda_ipc_cache.c:181  UCX  WARN  cuMemUnmap( (CUdeviceptr)region->mapped_addr, region->key.b_len) failed: unrecognized error code 4
[1787714613.725690] [presto-gb200-gcn-04:3450086:0]  cuda_ipc_cache.c:181  UCX  WARN  cuMemUnmap( (CUdeviceptr)region->mapped_addr, region->key.b_len) failed: unrecognized error code 4
[1787714613.725691] [presto-gb200-gcn-04:3450086:0]  cuda_ipc_cache.c:181  UCX  WARN  cuMemUnmap( (CUdeviceptr)region->mapped_addr, region->key.b_len) failed: unrecognized error code 4
[1787714613.725692] [presto-gb200-gcn-04:3450086:0]  cuda_ipc_cache.c:181  UCX  WARN  cuMemUnmap( (CUdeviceptr)region->mapped_addr, region->key.b_len) failed: unrecognized error code 4
[1787714613.725693] [presto-gb200-gcn-04:3450086:0]  cuda_ipc_cache.c:181  UCX  WARN  cuMemUnmap( (CUdeviceptr)region->mapped_addr, region->key.b_len) failed: unrecognized error code 4
[1787714613.725695] [presto-gb200-gcn-04:3450086:0]  cuda_ipc_cache.c:181  UCX  WARN  cuMemUnmap( (CUdeviceptr)region->mapped_addr, region->key.b_len) failed: unrecognized error code 4
[1787714613.725696] [presto-gb200-gcn-04:3450086:0]  cuda_ipc_cache.c:181  UCX  WARN  cuMemUnmap( (CUdeviceptr)region->mapped_addr, region->key.b_len) failed: unrecognized error code 4
[1787714613.725697] [presto-gb200-gcn-04:3450086:0]  cuda_ipc_cache.c:181  UCX  WARN  cuMemUnmap( (CUdeviceptr)region->mapped_addr, region->key.b_len) failed: unrecognized error code 4
[1787714613.725699] [presto-gb200-gcn-04:3450086:0]  cuda_ipc_cache.c:181  UCX  WARN  cuMemUnmap( (CUdeviceptr)region->mapped_addr, region->key.b_len) failed: unrecognized error code 4
[1787714613.725700] [presto-gb200-gcn-04:3450086:0]  cuda_ipc_cache.c:181  UCX  WARN  cuMemUnmap( (CUdeviceptr)region->mapped_addr, region->key.b_len) failed: unrecognized error code 4
[1787714613.725701] [presto-gb200-gcn-04:3450086:0]  cuda_ipc_cache.c:181  UCX  WARN  cuMemUnmap( (CUdeviceptr)region->mapped_addr, region->key.b_len) failed: unrecognized error code 4
[1787714613.725702] [presto-gb200-gcn-04:3450086:0]  cuda_ipc_cache.c:181  UCX  WARN  cuMemUnmap( (CUdeviceptr)region->mapped_addr, region->key.b_len) failed: unrecognized error code 4
[1787714613.725704] [presto-gb200-gcn-04:3450086:0]  cuda_ipc_cache.c:181  UCX  WARN  cuMemUnmap( (CUdeviceptr)region->mapped_addr, region->key.b_len) failed: unrecognized error code 4
[1787714613.725704] [presto-gb200-gcn-04:3450086:0]  cuda_ipc_cache.c:181  UCX  WARN  cuMemUnmap( (CUdeviceptr)region->mapped_addr, region->key.b_len) failed: unrecognized error code 4
[1787714613.725705] [presto-gb200-gcn-04:3450086:0]  cuda_ipc_cache.c:181  UCX  WARN  cuMemUnmap( (CUdeviceptr)region->mapped_addr, region->key.b_len) failed: unrecognized error code 4
[1787714613.725711] [presto-gb200-gcn-04:3450086:0]  cuda_ipc_cache.c:181  UCX  WARN  cuMemUnmap( (CUdeviceptr)region->mapped_addr, region->key.b_len) failed: unrecognized error code 4
[1787714613.725712] [presto-gb200-gcn-04:3450086:0]        cuda_ctx.c:23   UCX  ERROR cuDevicePrimaryCtxGetState(cuda_device, &flags, &active) failed: unrecognized error code 4
[1787714613.725733] [presto-gb200-gcn-04:3450086:0]  cuda_ipc_cache.c:181  UCX  WARN  cuMemUnmap( (CUdeviceptr)region->mapped_addr, region->key.b_len) failed: unrecognized error code 4
[1787714613.725734] [presto-gb200-gcn-04:3450086:0]  cuda_ipc_cache.c:181  UCX  WARN  cuMemUnmap( (CUdeviceptr)region->mapped_addr, region->key.b_len) failed: unrecognized error code 4
[1787714613.725735] [presto-gb200-gcn-04:3450086:0]  cuda_ipc_cache.c:181  UCX  WARN  cuMemUnmap( (CUdeviceptr)region->mapped_addr, region->key.b_len) failed: unrecognized error code 4
[1787714613.725736] [presto-gb200-gcn-04:3450086:0]  cuda_ipc_cache.c:181  UCX  WARN  cuMemUnmap( (CUdeviceptr)region->mapped_addr, region->key.b_len) failed: unrecognized error code 4
[1787714613.725737] [presto-gb200-gcn-04:3450086:0]  cuda_ipc_cache.c:181  UCX  WARN  cuMemUnmap( (CUdeviceptr)region->mapped_addr, region->key.b_len) failed: unrecognized error code 4
[1787714613.725739] [presto-gb200-gcn-04:3450086:0]  cuda_ipc_cache.c:181  UCX  WARN  cuMemUnmap( (CUdeviceptr)region->mapped_addr, region->key.b_len) failed: unrecognized error code 4
[1787714613.725740] [presto-gb200-gcn-04:3450086:0]  cuda_ipc_cache.c:181  UCX  WARN  cuMemUnmap( (CUdeviceptr)region->mapped_addr, region->key.b_len) failed: unrecognized error code 4
[1787714613.725742] [presto-gb200-gcn-04:3450086:0]  cuda_ipc_cache.c:181  UCX  WARN  cuMemUnmap( (CUdeviceptr)region->mapped_addr, region->key.b_len) failed: unrecognized error code 4
[1787714613.725743] [presto-gb200-gcn-04:3450086:0]  cuda_ipc_cache.c:181  UCX  WARN  cuMemUnmap( (CUdeviceptr)region->mapped_addr, region->key.b_len) failed: unrecognized error code 4
[1787714613.725744] [presto-gb200-gcn-04:3450086:0]  cuda_ipc_cache.c:181  UCX  WARN  cuMemUnmap( (CUdeviceptr)region->mapped_addr, region->key.b_len) failed: unrecognized error code 4
[1787714613.725745] [presto-gb200-gcn-04:3450086:0]  cuda_ipc_cache.c:181  UCX  WARN  cuMemUnmap( (CUdeviceptr)region->mapped_addr, region->key.b_len) failed: unrecognized error code 4
[1787714613.725746] [presto-gb200-gcn-04:3450086:0]  cuda_ipc_cache.c:181  UCX  WARN  cuMemUnmap( (CUdeviceptr)region->mapped_addr, region->key.b_len) failed: unrecognized error code 4
[1787714613.725748] [presto-gb200-gcn-04:3450086:0]  cuda_ipc_cache.c:181  UCX  WARN  cuMemUnmap( (CUdeviceptr)region->mapped_addr, region->key.b_len) failed: unrecognized error code 4
[1787714613.725749] [presto-gb200-gcn-04:3450086:0]  cuda_ipc_cache.c:181  UCX  WARN  cuMemUnmap( (CUdeviceptr)region->mapped_addr, region->key.b_len) failed: unrecognized error code 4
[1787714613.725750] [presto-gb200-gcn-04:3450086:0]  cuda_ipc_cache.c:181  UCX  WARN  cuMemUnmap( (CUdeviceptr)region->mapped_addr, region->key.b_len) failed: unrecognized error code 4
[1787714613.725751] [presto-gb200-gcn-04:3450086:0]  cuda_ipc_cache.c:181  UCX  WARN  cuMemUnmap( (CUdeviceptr)region->mapped_addr, region->key.b_len) failed: unrecognized error code 4
[1787714613.725752] [presto-gb200-gcn-04:3450086:0]  cuda_ipc_cache.c:181  UCX  WARN  cuMemUnmap( (CUdeviceptr)region->mapped_addr, region->key.b_len) failed: unrecognized error code 4
[1787714613.725753] [presto-gb200-gcn-04:3450086:0]  cuda_ipc_cache.c:181  UCX  WARN  cuMemUnmap( (CUdeviceptr)region->mapped_addr, region->key.b_len) failed: unrecognized error code 4
[1787714613.725754] [presto-gb200-gcn-04:3450086:0]  cuda_ipc_cache.c:181  UCX  WARN  cuMemUnmap( (CUdeviceptr)region->mapped_addr, region->key.b_len) failed: unrecognized error code 4
[1787714613.725756] [presto-gb200-gcn-04:3450086:0]  cuda_ipc_cache.c:181  UCX  WARN  cuMemUnmap( (CUdeviceptr)region->mapped_addr, region->key.b_len) failed: unrecognized error code 4
[1787714613.725757] [presto-gb200-gcn-04:3450086:0]  cuda_ipc_cache.c:181  UCX  WARN  cuMemUnmap( (CUdeviceptr)region->mapped_addr, region->key.b_len) failed: unrecognized error code 4
[1787714613.725758] [presto-gb200-gcn-04:3450086:0]  cuda_ipc_cache.c:181  UCX  WARN  cuMemUnmap( (CUdeviceptr)region->mapped_addr, region->key.b_len) failed: unrecognized error code 4
[1787714613.725759] [presto-gb200-gcn-04:3450086:0]  cuda_ipc_cache.c:181  UCX  WARN  cuMemUnmap( (CUdeviceptr)region->mapped_addr, region->key.b_len) failed: unrecognized error code 4
[1787714613.725760] [presto-gb200-gcn-04:3450086:0]  cuda_ipc_cache.c:181  UCX  WARN  cuMemUnmap( (CUdeviceptr)region->mapped_addr, region->key.b_len) failed: unrecognized error code 4
[1787714613.725761] [presto-gb200-gcn-04:3450086:0]  cuda_ipc_cache.c:181  UCX  WARN  cuMemUnmap( (CUdeviceptr)region->mapped_addr, region->key.b_len) failed: unrecognized error code 4
[1787714613.725762] [presto-gb200-gcn-04:3450086:0]  cuda_ipc_cache.c:181  UCX  WARN  cuMemUnmap( (CUdeviceptr)region->mapped_addr, region->key.b_len) failed: unrecognized error code 4
[1787714613.725763] [presto-gb200-gcn-04:3450086:0]  cuda_ipc_cache.c:181  UCX  WARN  cuMemUnmap( (CUdeviceptr)region->mapped_addr, region->key.b_len) failed: unrecognized error code 4
[1787714613.725765] [presto-gb200-gcn-04:3450086:0]  cuda_ipc_cache.c:181  UCX  WARN  cuMemUnmap( (CUdeviceptr)region->mapped_addr, region->key.b_len) failed: unrecognized error code 4
[1787714613.725766] [presto-gb200-gcn-04:3450086:0]  cuda_ipc_cache.c:181  UCX  WARN  cuMemUnmap( (CUdeviceptr)region->mapped_addr, region->key.b_len) failed: unrecognized error code 4
[1787714613.725767] [presto-gb200-gcn-04:3450086:0]  cuda_ipc_cache.c:181  UCX  WARN  cuMemUnmap( (CUdeviceptr)region->mapped_addr, region->key.b_len) failed: unrecognized error code 4
[1787714613.725768] [presto-gb200-gcn-04:3450086:0]  cuda_ipc_cache.c:181  UCX  WARN  cuMemUnmap( (CUdeviceptr)region->mapped_addr, region->key.b_len) failed: unrecognized error code 4
[1787714613.725769] [presto-gb200-gcn-04:3450086:0]  cuda_ipc_cache.c:181  UCX  WARN  cuMemUnmap( (CUdeviceptr)region->mapped_addr, region->key.b_len) failed: unrecognized error code 4
[1787714613.725771] [presto-gb200-gcn-04:3450086:0]  cuda_ipc_cache.c:181  UCX  WARN  cuMemUnmap( (CUdeviceptr)region->mapped_addr, region->key.b_len) failed: unrecognized error code 4
[1787714613.725771] [presto-gb200-gcn-04:3450086:0]  cuda_ipc_cache.c:181  UCX  WARN  cuMemUnmap( (CUdeviceptr)region->mapped_addr, region->key.b_len) failed: unrecognized error code 4
[1787714613.725773] [presto-gb200-gcn-04:3450086:0]  cuda_ipc_cache.c:181  UCX  WARN  cuMemUnmap( (CUdeviceptr)region->mapped_addr, region->key.b_len) failed: unrecognized error code 4
[1787714613.725774] [presto-gb200-gcn-04:3450086:0]  cuda_ipc_cache.c:181  UCX  WARN  cuMemUnmap( (CUdeviceptr)region->mapped_addr, region->key.b_len) failed: unrecognized error code 4
[1787714613.725775] [presto-gb200-gcn-04:3450086:0]  cuda_ipc_cache.c:181  UCX  WARN  cuMemUnmap( (CUdeviceptr)region->mapped_addr, region->key.b_len) failed: unrecognized error code 4
[1787714613.725776] [presto-gb200-gcn-04:3450086:0]  cuda_ipc_cache.c:181  UCX  WARN  cuMemUnmap( (CUdeviceptr)region->mapped_addr, region->key.b_len) failed: unrecognized error code 4
[1787714613.725777] [presto-gb200-gcn-04:3450086:0]  cuda_ipc_cache.c:181  UCX  WARN  cuMemUnmap( (CUdeviceptr)region->mapped_addr, region->key.b_len) failed: unrecognized error code 4
[1787714613.725778] [presto-gb200-gcn-04:3450086:0]  cuda_ipc_cache.c:181  UCX  WARN  cuMemUnmap( (CUdeviceptr)region->mapped_addr, region->key.b_len) failed: unrecognized error code 4
[1787714613.725779] [presto-gb200-gcn-04:3450086:0]  cuda_ipc_cache.c:181  UCX  WARN  cuMemUnmap( (CUdeviceptr)region->mapped_addr, region->key.b_len) failed: unrecognized error code 4
[1787714613.725780] [presto-gb200-gcn-04:3450086:0]  cuda_ipc_cache.c:181  UCX  WARN  cuMemUnmap( (CUdeviceptr)region->mapped_addr, region->key.b_len) failed: unrecognized error code 4
[1787714613.725782] [presto-gb200-gcn-04:3450086:0]  cuda_ipc_cache.c:181  UCX  WARN  cuMemUnmap( (CUdeviceptr)region->mapped_addr, region->key.b_len) failed: unrecognized error code 4
[1787714613.725783] [presto-gb200-gcn-04:3450086:0]  cuda_ipc_cache.c:181  UCX  WARN  cuMemUnmap( (CUdeviceptr)region->mapped_addr, region->key.b_len) failed: unrecognized error code 4
[1787714613.725783] [presto-gb200-gcn-04:3450086:0]  cuda_ipc_cache.c:181  UCX  WARN  cuMemUnmap( (CUdeviceptr)region->mapped_addr, region->key.b_len) failed: unrecognized error code 4
[1787714613.725788] [presto-gb200-gcn-04:3450086:0]  cuda_ipc_cache.c:181  UCX  WARN  cuMemUnmap( (CUdeviceptr)region->mapped_addr, region->key.b_len) failed: unrecognized error code 4
[1787714613.725789] [presto-gb200-gcn-04:3450086:0]  cuda_ipc_cache.c:181  UCX  WARN  cuMemUnmap( (CUdeviceptr)region->mapped_addr, region->key.b_len) failed: unrecognized error code 4
[1787714613.725790] [presto-gb200-gcn-04:3450086:0]  cuda_ipc_cache.c:181  UCX  WARN  cuMemUnmap( (CUdeviceptr)region->mapped_addr, region->key.b_len) failed: unrecognized error code 4
[1787714613.725791] [presto-gb200-gcn-04:3450086:0]  cuda_ipc_cache.c:181  UCX  WARN  cuMemUnmap( (CUdeviceptr)region->mapped_addr, region->key.b_len) failed: unrecognized error code 4
[1787714613.725792] [presto-gb200-gcn-04:3450086:0]  cuda_ipc_cache.c:181  UCX  WARN  cuMemUnmap( (CUdeviceptr)region->mapped_addr, region->key.b_len) failed: unrecognized error code 4
[1787714613.725794] [presto-gb200-gcn-04:3450086:0]  cuda_ipc_cache.c:181  UCX  WARN  cuMemUnmap( (CUdeviceptr)region->mapped_addr, region->key.b_len) failed: unrecognized error code 4
[1787714613.725795] [presto-gb200-gcn-04:3450086:0]  cuda_ipc_cache.c:181  UCX  WARN  cuMemUnmap( (CUdeviceptr)region->mapped_addr, region->key.b_len) failed: unrecognized error code 4
[1787714613.725796] [presto-gb200-gcn-04:3450086:0]  cuda_ipc_cache.c:181  UCX  WARN  cuMemUnmap( (CUdeviceptr)region->mapped_addr, region->key.b_len) failed: unrecognized error code 4
[1787714613.725797] [presto-gb200-gcn-04:3450086:0]  cuda_ipc_cache.c:181  UCX  WARN  cuMemUnmap( (CUdeviceptr)region->mapped_addr, region->key.b_len) failed: unrecognized error code 4
[1787714613.725798] [presto-gb200-gcn-04:3450086:0]        cuda_ctx.c:23   UCX  ERROR cuDevicePrimaryCtxGetState(cuda_device, &flags, &active) failed: unrecognized error code 4
end_utc=2026-08-26T03:23:36+00:00
exit_code=0
