============================================================
experiment=single-nvl4-spill-extreme-spill-limit-16384MiB-local-32GiB-20260826T032149Z
run=7/8
start_utc=2026-08-26T03:24:00+00:00
spill_label=extreme-spill device_limit_mib=16384
ranks=4 local_input_gib=32
rows_per_partition=536870912 columns=4 input_partitions=4 output_partitions=8
command= rrun -n 4 --bind-to cpu --bind-to memory -x UCX_TLS=\^ib\,ud:aux -x UCX_MAX_RNDV_RAILS=1 -x UCX_PROTO_ENABLE=y -x UCX_WARN_UNUSED_ENV_VARS=n libcudf_streaming_bench_shuffle -w 3 -r 10 -g -s -x -m pool -l 16384 -n 536870912 -c 4 -p 4 -o 8 -C ucxx
============================================================

[rrun] All ranks launched. Waiting for completion...

[2:PRINT:0:2026-08-26 03:24:06.496531848] Hardware setup: 
  GPU (NVIDIA GB200): 
    Device number: 0
    PCI Bus ID: 0018:01:00.0
    Total Memory: 184 GiB
  Comm: UCXX(rank=2, nranks=4, ucx-version=1.23.0)

[3:PRINT:0:2026-08-26 03:24:06.496531368] Hardware setup: 
  GPU (NVIDIA GB200): 
    Device number: 0
    PCI Bus ID: 0019:01:00.0
    Total Memory: 184 GiB
  Comm: UCXX(rank=3, nranks=4, ucx-version=1.23.0)

[1:PRINT:0:2026-08-26 03:24:06.496553256] Hardware setup: 
  GPU (NVIDIA GB200): 
    Device number: 0
    PCI Bus ID: 0009:01:00.0
    Total Memory: 184 GiB
  Comm: UCXX(rank=1, nranks=4, ucx-version=1.23.0)

[0:PRINT:0:2026-08-26 03:24:06.596726108] Arguments:
  -c ucxx (communicator)
  -r 10 (number of runs)
  -w 3 (number of warmup runs)
  -c 4 (number of columns)
  -n 536870912 (number of rows per rank)
  -p 4 (number of input partitions per rank)
  -o 8 (number of output partitions per rank)
  -m pool (RMM memory resource)
  -l 16384 (device memory limit in MiB)
  -s (enable output discard to simulate streaming)
  -x (enable memory profiling)
  -g (use pre-partitioned input tables)
Local size: 32 GiB
Total size: 128 GiB

[0:PRINT:0:2026-08-26 03:24:06.596779996] Hardware setup: 
  GPU (NVIDIA GB200): 
    Device number: 0
    PCI Bus ID: 0008:01:00.0
    Total Memory: 184 GiB
  Comm: UCXX(rank=0, nranks=4, ucx-version=1.23.0)

[2:PRINT:0:2026-08-26 03:24:14.968573020] elapsed: 8.29 s | local throughput: 3.86 GiB/s | global throughput: 15.43 GiB/s (warmup run)
[3:PRINT:0:2026-08-26 03:24:14.968560508] elapsed: 8.29 s | local throughput: 3.86 GiB/s | global throughput: 15.43 GiB/s (warmup run)
[1:PRINT:0:2026-08-26 03:24:14.968564220] elapsed: 8.29 s | local throughput: 3.86 GiB/s | global throughput: 15.43 GiB/s (warmup run)
[0:PRINT:0:2026-08-26 03:24:14.968558780] elapsed: 8.30 s | local throughput: 3.86 GiB/s | global throughput: 15.42 GiB/s (warmup run)
[2:PRINT:0:2026-08-26 03:24:16.301427993] elapsed: 1.24 s | local throughput: 25.85 GiB/s | global throughput: 103.41 GiB/s (warmup run)
[3:PRINT:0:2026-08-26 03:24:16.301422137] elapsed: 1.24 s | local throughput: 25.81 GiB/s | global throughput: 103.26 GiB/s (warmup run)
[0:PRINT:0:2026-08-26 03:24:16.301414265] elapsed: 1.24 s | local throughput: 25.83 GiB/s | global throughput: 103.33 GiB/s (warmup run)
[1:PRINT:0:2026-08-26 03:24:16.301426137] elapsed: 1.26 s | local throughput: 25.31 GiB/s | global throughput: 101.23 GiB/s (warmup run)
[3:PRINT:0:2026-08-26 03:24:16.969707592] elapsed: 599.58 ms | local throughput: 53.37 GiB/s | global throughput: 213.48 GiB/s (warmup run)
[2:PRINT:0:2026-08-26 03:24:16.969713640] elapsed: 594.84 ms | local throughput: 53.80 GiB/s | global throughput: 215.19 GiB/s (warmup run)
[0:PRINT:0:2026-08-26 03:24:16.969708008] elapsed: 548.09 ms | local throughput: 58.38 GiB/s | global throughput: 233.54 GiB/s (warmup run)
[1:PRINT:0:2026-08-26 03:24:16.969725960] elapsed: 570.68 ms | local throughput: 56.07 GiB/s | global throughput: 224.29 GiB/s (warmup run)
[3:PRINT:0:2026-08-26 03:24:17.650414772] elapsed: 552.67 ms | local throughput: 57.90 GiB/s | global throughput: 231.60 GiB/s
[0:PRINT:0:2026-08-26 03:24:17.650419828] elapsed: 598.25 ms | local throughput: 53.49 GiB/s | global throughput: 213.96 GiB/s
[2:PRINT:0:2026-08-26 03:24:17.650440532] elapsed: 612.24 ms | local throughput: 52.27 GiB/s | global throughput: 209.07 GiB/s
[1:PRINT:0:2026-08-26 03:24:17.650435124] elapsed: 583.98 ms | local throughput: 54.80 GiB/s | global throughput: 219.18 GiB/s
[3:PRINT:0:2026-08-26 03:24:18.288539142] elapsed: 569.72 ms | local throughput: 56.17 GiB/s | global throughput: 224.67 GiB/s
[0:PRINT:0:2026-08-26 03:24:18.288539334] elapsed: 549.68 ms | local throughput: 58.22 GiB/s | global throughput: 232.86 GiB/s
[2:PRINT:0:2026-08-26 03:24:18.288551910] elapsed: 555.48 ms | local throughput: 57.61 GiB/s | global throughput: 230.43 GiB/s
[1:PRINT:0:2026-08-26 03:24:18.288558982] elapsed: 548.28 ms | local throughput: 58.36 GiB/s | global throughput: 233.46 GiB/s
[3:PRINT:0:2026-08-26 03:24:18.955385717] elapsed: 594.87 ms | local throughput: 53.79 GiB/s | global throughput: 215.17 GiB/s
[2:PRINT:0:2026-08-26 03:24:18.955388501] elapsed: 598.36 ms | local throughput: 53.48 GiB/s | global throughput: 213.92 GiB/s
[0:PRINT:0:2026-08-26 03:24:18.955387445] elapsed: 561.97 ms | local throughput: 56.94 GiB/s | global throughput: 227.77 GiB/s
[1:PRINT:0:2026-08-26 03:24:18.955394101] elapsed: 567.50 ms | local throughput: 56.39 GiB/s | global throughput: 225.55 GiB/s
[3:PRINT:0:2026-08-26 03:24:19.604043814] elapsed: 580.25 ms | local throughput: 55.15 GiB/s | global throughput: 220.59 GiB/s
[2:PRINT:0:2026-08-26 03:24:19.604056678] elapsed: 526.02 ms | local throughput: 60.83 GiB/s | global throughput: 243.34 GiB/s
[0:PRINT:0:2026-08-26 03:24:19.604054566] elapsed: 557.48 ms | local throughput: 57.40 GiB/s | global throughput: 229.61 GiB/s
[1:PRINT:0:2026-08-26 03:24:19.604055622] elapsed: 557.75 ms | local throughput: 57.37 GiB/s | global throughput: 229.49 GiB/s
[3:PRINT:0:2026-08-26 03:24:20.238783224] elapsed: 566.31 ms | local throughput: 56.51 GiB/s | global throughput: 226.02 GiB/s
[0:PRINT:0:2026-08-26 03:24:20.238779896] elapsed: 545.25 ms | local throughput: 58.69 GiB/s | global throughput: 234.76 GiB/s
[2:PRINT:0:2026-08-26 03:24:20.238791960] elapsed: 558.34 ms | local throughput: 57.31 GiB/s | global throughput: 229.25 GiB/s
[1:PRINT:0:2026-08-26 03:24:20.238801048] elapsed: 542 ms | local throughput: 59.04 GiB/s | global throughput: 236.16 GiB/s
[3:PRINT:0:2026-08-26 03:24:20.882653737] elapsed: 552.38 ms | local throughput: 57.93 GiB/s | global throughput: 231.72 GiB/s
[0:PRINT:0:2026-08-26 03:24:20.882652937] elapsed: 551.18 ms | local throughput: 58.06 GiB/s | global throughput: 232.23 GiB/s
[2:PRINT:0:2026-08-26 03:24:20.882662473] elapsed: 575.54 ms | local throughput: 55.60 GiB/s | global throughput: 222.40 GiB/s
[1:PRINT:0:2026-08-26 03:24:20.882667785] elapsed: 535.01 ms | local throughput: 59.81 GiB/s | global throughput: 239.25 GiB/s
[3:PRINT:0:2026-08-26 03:24:21.537617145] elapsed: 586.54 ms | local throughput: 54.56 GiB/s | global throughput: 218.23 GiB/s
[2:PRINT:0:2026-08-26 03:24:21.537627833] elapsed: 554.23 ms | local throughput: 57.74 GiB/s | global throughput: 230.95 GiB/s
[0:PRINT:0:2026-08-26 03:24:21.537625465] elapsed: 545.13 ms | local throughput: 58.70 GiB/s | global throughput: 234.81 GiB/s
[1:PRINT:0:2026-08-26 03:24:21.537641497] elapsed: 555.56 ms | local throughput: 57.60 GiB/s | global throughput: 230.40 GiB/s
[3:PRINT:0:2026-08-26 03:24:22.170009772] elapsed: 560.31 ms | local throughput: 57.11 GiB/s | global throughput: 228.44 GiB/s
[2:PRINT:0:2026-08-26 03:24:22.170021420] elapsed: 550.02 ms | local throughput: 58.18 GiB/s | global throughput: 232.72 GiB/s
[0:PRINT:0:2026-08-26 03:24:22.170008396] elapsed: 564 ms | local throughput: 56.74 GiB/s | global throughput: 226.95 GiB/s
[1:PRINT:0:2026-08-26 03:24:22.170019500] elapsed: 554.97 ms | local throughput: 57.66 GiB/s | global throughput: 230.64 GiB/s
[3:PRINT:0:2026-08-26 03:24:22.823585340] elapsed: 535.94 ms | local throughput: 59.71 GiB/s | global throughput: 238.83 GiB/s
[0:PRINT:0:2026-08-26 03:24:22.823587836] elapsed: 553.10 ms | local throughput: 57.86 GiB/s | global throughput: 231.42 GiB/s
[2:PRINT:0:2026-08-26 03:24:22.823588156] elapsed: 585.11 ms | local throughput: 54.69 GiB/s | global throughput: 218.76 GiB/s
[1:PRINT:0:2026-08-26 03:24:22.823592828] elapsed: 557.01 ms | local throughput: 57.45 GiB/s | global throughput: 229.80 GiB/s
[3:PRINT:0:2026-08-26 03:24:23.450585391] elapsed: 554.40 ms | local throughput: 57.72 GiB/s | global throughput: 230.88 GiB/s
[3:PRINT:0:2026-08-26 03:24:23.450603471] means: 564.83 ms | local throughput: 56.65 GiB/s | global throughput: 226.62 GiB/s | in_parts: 4 | out_parts: 8 | nranks: 4 | device memory peak: 48 GiB | device memory total: 172.36 GiB (avg)
[0:PRINT:0:2026-08-26 03:24:23.450586159] elapsed: 556.43 ms | local throughput: 57.51 GiB/s | global throughput: 230.04 GiB/s
[2:PRINT:0:2026-08-26 03:24:23.450596015] elapsed: 538.01 ms | local throughput: 59.48 GiB/s | global throughput: 237.91 GiB/s
[0:PRINT:0:2026-08-26 03:24:23.450608719] means: 557.88 ms | local throughput: 57.36 GiB/s | global throughput: 229.44 GiB/s | in_parts: 4 | out_parts: 8 | nranks: 4 | device memory peak: 48 GiB | device memory total: 172.13 GiB (avg)
[2:PRINT:0:2026-08-26 03:24:23.450612303] means: 564.19 ms | local throughput: 56.72 GiB/s | global throughput: 226.87 GiB/s | in_parts: 4 | out_parts: 8 | nranks: 4 | device memory peak: 48 GiB | device memory total: 172.14 GiB (avg)
[1:PRINT:0:2026-08-26 03:24:23.450602319] elapsed: 558.52 ms | local throughput: 57.29 GiB/s | global throughput: 229.18 GiB/s
[1:PRINT:0:2026-08-26 03:24:23.450623151] means: 555.77 ms | local throughput: 57.58 GiB/s | global throughput: 230.31 GiB/s | in_parts: 4 | out_parts: 8 | nranks: 4 | device memory peak: 48 GiB | device memory total: 172.13 GiB (avg)
[3:PRINT:0:2026-08-26 03:24:23.450671759] Statistics (of the last run):
 - alloc-device:                                       28.24 GiB | 205.68 ms | 137.32 GiB/s | avg-stream-delay 5.13 ms
 - alloc-pinned_host:                                  39.99 GiB | 15.20 ms | 2.57 TiB/s | avg-stream-delay 29.97 ms
 - copy-device-to-pinned_host:                         16.25 GiB | 153.76 ms | 105.68 GiB/s | avg-stream-delay 72.39 ms
 - copy-pinned_host-to-device:                         27.99 GiB | 645.72 ms | 43.35 GiB/s | avg-stream-delay 5.94 ms
 - event-loop-total:                                   160.91 ms | avg 22.25 us
 - metadata-payload-exchange-complete-data-transfers:  3.12 ms | avg 432.08 ns
 - metadata-payload-exchange-progress:                 140.48 ms | avg 19.42 us
 - metadata-payload-exchange-receive-metadata:         127.93 ms | avg 17.69 us
 - metadata-payload-exchange-send-messages:            17.21 ms | avg 409.83 us
 - metadata-payload-exchange-setup-data-receives:      5.14 ms | avg 711.31 ns
 - shuffle-payload-recv:                               23.99 GiB | avg 255.93 MiB
 - shuffle-payload-send:                               24 GiB | avg 256.02 MiB

Memory Profiling
----------------
Legends:
  ncalls - number of times the scope was executed.
  peak   - peak memory usage by the scope.
  g-peak - global peak memory usage during the scope's execution.
  accum  - total accumulated memory allocations by the scope.
[2:PRINT:0:2026-08-26 03:24:23.450676047] Statistics (of the last run):
 - alloc-device:                                       28 GiB | 77.10 ms | 363.23 GiB/s | avg-stream-delay 5.32 ms
  max    - largest single allocation by the scope.
[1:PRINT:0:2026-08-26 03:24:23.450691631] Statistics (of the last run):
 - alloc-pinned_host:                                  40.25 GiB | 16.61 ms | 2.37 TiB/s | avg-stream-delay 28.55 ms
[0:PRINT:0:2026-08-26 03:24:23.450687759] Statistics (of the last run):

 - alloc-device:                                       28 GiB | 93.42 ms | 299.75 GiB/s | avg-stream-delay 3.94 ms
 - copy-device-to-pinned_host:                         16.25 GiB | 146.57 ms | 110.87 GiB/s | avg-stream-delay 70.63 ms
 - alloc-device:                                       28 GiB | 89.70 ms | 312.15 GiB/s | avg-stream-delay 3.91 ms
Ordered by: peak (descending)
 - alloc-pinned_host:                                  40.25 GiB | 18.86 ms | 2.08 TiB/s | avg-stream-delay 27.59 ms
 - copy-pinned_host-to-device:                         28 GiB | 674.08 ms | 41.55 GiB/s | avg-stream-delay 6.01 ms
 - event-loop-total:                                   163.04 ms | avg 23.55 us

 - copy-device-to-pinned_host:                         16.25 GiB | 135.59 ms | 119.85 GiB/s | avg-stream-delay 68.26 ms
 - alloc-pinned_host:                                  40.25 GiB | 23.78 ms | 1.65 TiB/s | avg-stream-delay 26.56 ms
 - metadata-payload-exchange-complete-data-transfers:  6.25 ms | avg 902.87 ns
  ncalls        peak      g-peak       accum         max  filename:lineno(name)
       1      48 GiB      48 GiB    2.19 TiB       2 GiB  main (all allocations using RmmResourceAdaptor)
       4      16 GiB      16 GiB   80.13 GiB       2 GiB  /tmp/conda-bld-output/bld/rattler-build_libcudf/work/cpp/libcudf_streaming/src/partition_utils.cpp:83(partition_and_pack)
 - copy-pinned_host-to-device:                         28 GiB | 870.68 ms | 32.16 GiB/s | avg-stream-delay 4.78 ms
 - event-loop-total:                                   255.16 ms | avg 45.73 us
 - copy-device-to-pinned_host:                         16.25 GiB | 128.76 ms | 126.20 GiB/s | avg-stream-delay 65.70 ms
       4       8 GiB       8 GiB      32 GiB  256.17 MiB  /tmp/conda-bld-output/bld/rattler-build_libcudf/work/cpp/libcudf_streaming/src/partition_utils.cpp:110(split_and_pack)
 - metadata-payload-exchange-progress:                 157.22 ms | avg 22.71 us
 - metadata-payload-exchange-complete-data-transfers:  1.45 ms | avg 260.16 ns
 - copy-pinned_host-to-device:                         28 GiB | 843.36 ms | 33.20 GiB/s | avg-stream-delay 4.72 ms
 - event-loop-total:                                   177.14 ms | avg 25.28 us
 - metadata-payload-exchange-complete-data-transfers:  2.87 ms | avg 408.94 ns
 - metadata-payload-exchange-progress:                 172.86 ms | avg 24.67 us
 - metadata-payload-exchange-receive-metadata:         160.49 ms | avg 22.91 us
 - metadata-payload-exchange-send-messages:            1.55 ms | avg 73.58 us
 - metadata-payload-exchange-receive-metadata:         141.80 ms | avg 20.48 us
 - metadata-payload-exchange-progress:                 248.42 ms | avg 44.52 us
       8       4 GiB       4 GiB   31.99 GiB       1 GiB  /tmp/conda-bld-output/bld/rattler-build_libcudf/work/cpp/libcudf_streaming/src/partition_utils.cpp:136(unpack_and_concat)
 - metadata-payload-exchange-setup-data-receives:      4.80 ms | avg 684.84 ns
 - shuffle-payload-recv:                               24 GiB | avg 256 MiB
 - shuffle-payload-send:                               24 GiB | avg 256 MiB

Memory Profiling
 - metadata-payload-exchange-receive-metadata:         236.98 ms | avg 42.47 us
       1         0 B         0 B         0 B         0 B  /tmp/conda-bld-output/bld/rattler-build_libcudf/work/cpp/libcudf_streaming/benchmarks/bench_shuffle.cpp:276(shuffling)
 - metadata-payload-exchange-send-messages:            3.20 ms | avg 152.27 us
 - metadata-payload-exchange-setup-data-receives:      5.06 ms | avg 730.21 ns
 - shuffle-payload-recv:                               24 GiB | avg 256.04 MiB
 - metadata-payload-exchange-send-messages:            4.45 ms | avg 234.10 us

Limitation:
  - A scope only tracks allocations made by the thread that entered it.

 - metadata-payload-exchange-setup-data-receives:      6.25 ms | avg 1.12 us
----------------
Legends:
  ncalls - number of times the scope was executed.
  peak   - peak memory usage by the scope.
  g-peak - global peak memory usage during the scope's execution.
 - shuffle-payload-recv:                               24 GiB | avg 256.03 MiB
 - shuffle-payload-send:                               24 GiB | avg 255.99 MiB
  accum  - total accumulated memory allocations by the scope.
 - shuffle-payload-send:                               24 GiB | avg 255.99 MiB

  max    - largest single allocation by the scope.

Memory Profiling

Ordered by: peak (descending)

  ncalls        peak      g-peak       accum         max  filename:lineno(name)
Memory Profiling
----------------
Legends:
  ncalls - number of times the scope was executed.
  peak   - peak memory usage by the scope.
  g-peak - global peak memory usage during the scope's execution.
  accum  - total accumulated memory allocations by the scope.
----------------
Legends:
  ncalls - number of times the scope was executed.
  peak   - peak memory usage by the scope.
  g-peak - global peak memory usage during the scope's execution.
  max    - largest single allocation by the scope.

Ordered by: peak (descending)
  accum  - total accumulated memory allocations by the scope.
       1      48 GiB      48 GiB    2.19 TiB       2 GiB  main (all allocations using RmmResourceAdaptor)

  max    - largest single allocation by the scope.
       4      16 GiB      16 GiB   80.13 GiB       2 GiB  /tmp/conda-bld-output/bld/rattler-build_libcudf/work/cpp/libcudf_streaming/src/partition_utils.cpp:83(partition_and_pack)
       4       8 GiB       8 GiB      32 GiB  256.17 MiB  /tmp/conda-bld-output/bld/rattler-build_libcudf/work/cpp/libcudf_streaming/src/partition_utils.cpp:110(split_and_pack)
       8       4 GiB       4 GiB      32 GiB       1 GiB  /tmp/conda-bld-output/bld/rattler-build_libcudf/work/cpp/libcudf_streaming/src/partition_utils.cpp:136(unpack_and_concat)
       1         0 B         0 B         0 B         0 B  /tmp/conda-bld-output/bld/rattler-build_libcudf/work/cpp/libcudf_streaming/benchmarks/bench_shuffle.cpp:276(shuffling)
  ncalls        peak      g-peak       accum         max  filename:lineno(name)

Ordered by: peak (descending)

  ncalls        peak      g-peak       accum         max  filename:lineno(name)
       1      48 GiB      48 GiB    2.19 TiB       2 GiB  main (all allocations using RmmResourceAdaptor)
       1      48 GiB      48 GiB    2.19 TiB       2 GiB  main (all allocations using RmmResourceAdaptor)

Limitation:
  - A scope only tracks allocations made by the thread that entered it.
       4      16 GiB      16 GiB   80.13 GiB       2 GiB  /tmp/conda-bld-output/bld/rattler-build_libcudf/work/cpp/libcudf_streaming/src/partition_utils.cpp:83(partition_and_pack)
       4      16 GiB      16 GiB   80.13 GiB       2 GiB  /tmp/conda-bld-output/bld/rattler-build_libcudf/work/cpp/libcudf_streaming/src/partition_utils.cpp:83(partition_and_pack)
       4       8 GiB       8 GiB      32 GiB  256.17 MiB  /tmp/conda-bld-output/bld/rattler-build_libcudf/work/cpp/libcudf_streaming/src/partition_utils.cpp:110(split_and_pack)
       8       4 GiB       4 GiB   32.01 GiB       1 GiB  /tmp/conda-bld-output/bld/rattler-build_libcudf/work/cpp/libcudf_streaming/src/partition_utils.cpp:136(unpack_and_concat)
       1         0 B         0 B         0 B         0 B  /tmp/conda-bld-output/bld/rattler-build_libcudf/work/cpp/libcudf_streaming/benchmarks/bench_shuffle.cpp:276(shuffling)


       4       8 GiB       8 GiB      32 GiB  256.17 MiB  /tmp/conda-bld-output/bld/rattler-build_libcudf/work/cpp/libcudf_streaming/src/partition_utils.cpp:110(split_and_pack)
Limitation:
  - A scope only tracks allocations made by the thread that entered it.

       8       4 GiB       4 GiB      32 GiB       1 GiB  /tmp/conda-bld-output/bld/rattler-build_libcudf/work/cpp/libcudf_streaming/src/partition_utils.cpp:136(unpack_and_concat)
       1         0 B         0 B         0 B         0 B  /tmp/conda-bld-output/bld/rattler-build_libcudf/work/cpp/libcudf_streaming/benchmarks/bench_shuffle.cpp:276(shuffling)

Limitation:
  - A scope only tracks allocations made by the thread that entered it.

[1787714664.028166] [presto-gb200-gcn-04:3451251:0]  cuda_ipc_cache.c:181  UCX  WARN  cuMemUnmap( (CUdeviceptr)region->mapped_addr, region->key.b_len) failed: unrecognized error code 4
[1787714664.028173] [presto-gb200-gcn-04:3451251:0]  cuda_ipc_cache.c:181  UCX  WARN  cuMemUnmap( (CUdeviceptr)region->mapped_addr, region->key.b_len) failed: unrecognized error code 4
[1787714664.028175] [presto-gb200-gcn-04:3451251:0]  cuda_ipc_cache.c:181  UCX  WARN  cuMemUnmap( (CUdeviceptr)region->mapped_addr, region->key.b_len) failed: unrecognized error code 4
[1787714664.028177] [presto-gb200-gcn-04:3451251:0]  cuda_ipc_cache.c:181  UCX  WARN  cuMemUnmap( (CUdeviceptr)region->mapped_addr, region->key.b_len) failed: unrecognized error code 4
[1787714664.028178] [presto-gb200-gcn-04:3451251:0]  cuda_ipc_cache.c:181  UCX  WARN  cuMemUnmap( (CUdeviceptr)region->mapped_addr, region->key.b_len) failed: unrecognized error code 4
[1787714664.028180] [presto-gb200-gcn-04:3451251:0]  cuda_ipc_cache.c:181  UCX  WARN  cuMemUnmap( (CUdeviceptr)region->mapped_addr, region->key.b_len) failed: unrecognized error code 4
[1787714664.028181] [presto-gb200-gcn-04:3451251:0]  cuda_ipc_cache.c:181  UCX  WARN  cuMemUnmap( (CUdeviceptr)region->mapped_addr, region->key.b_len) failed: unrecognized error code 4
[1787714664.028183] [presto-gb200-gcn-04:3451251:0]  cuda_ipc_cache.c:181  UCX  WARN  cuMemUnmap( (CUdeviceptr)region->mapped_addr, region->key.b_len) failed: unrecognized error code 4
[1787714664.028184] [presto-gb200-gcn-04:3451251:0]  cuda_ipc_cache.c:181  UCX  WARN  cuMemUnmap( (CUdeviceptr)region->mapped_addr, region->key.b_len) failed: unrecognized error code 4
[1787714664.028186] [presto-gb200-gcn-04:3451251:0]  cuda_ipc_cache.c:181  UCX  WARN  cuMemUnmap( (CUdeviceptr)region->mapped_addr, region->key.b_len) failed: unrecognized error code 4
[1787714664.028187] [presto-gb200-gcn-04:3451251:0]  cuda_ipc_cache.c:181  UCX  WARN  cuMemUnmap( (CUdeviceptr)region->mapped_addr, region->key.b_len) failed: unrecognized error code 4
[1787714664.028189] [presto-gb200-gcn-04:3451251:0]  cuda_ipc_cache.c:181  UCX  WARN  cuMemUnmap( (CUdeviceptr)region->mapped_addr, region->key.b_len) failed: unrecognized error code 4
[1787714664.028190] [presto-gb200-gcn-04:3451251:0]  cuda_ipc_cache.c:181  UCX  WARN  cuMemUnmap( (CUdeviceptr)region->mapped_addr, region->key.b_len) failed: unrecognized error code 4
[1787714664.028191] [presto-gb200-gcn-04:3451251:0]  cuda_ipc_cache.c:181  UCX  WARN  cuMemUnmap( (CUdeviceptr)region->mapped_addr, region->key.b_len) failed: unrecognized error code 4
[1787714664.028193] [presto-gb200-gcn-04:3451251:0]  cuda_ipc_cache.c:181  UCX  WARN  cuMemUnmap( (CUdeviceptr)region->mapped_addr, region->key.b_len) failed: unrecognized error code 4
[1787714664.028193] [presto-gb200-gcn-04:3451251:0]  cuda_ipc_cache.c:181  UCX  WARN  cuMemUnmap( (CUdeviceptr)region->mapped_addr, region->key.b_len) failed: unrecognized error code 4
[1787714664.028195] [presto-gb200-gcn-04:3451251:0]  cuda_ipc_cache.c:181  UCX  WARN  cuMemUnmap( (CUdeviceptr)region->mapped_addr, region->key.b_len) failed: unrecognized error code 4
[1787714664.028196] [presto-gb200-gcn-04:3451251:0]  cuda_ipc_cache.c:181  UCX  WARN  cuMemUnmap( (CUdeviceptr)region->mapped_addr, region->key.b_len) failed: unrecognized error code 4
[1787714664.028198] [presto-gb200-gcn-04:3451251:0]  cuda_ipc_cache.c:181  UCX  WARN  cuMemUnmap( (CUdeviceptr)region->mapped_addr, region->key.b_len) failed: unrecognized error code 4
[1787714664.028199] [presto-gb200-gcn-04:3451251:0]  cuda_ipc_cache.c:181  UCX  WARN  cuMemUnmap( (CUdeviceptr)region->mapped_addr, region->key.b_len) failed: unrecognized error code 4
[1787714664.028201] [presto-gb200-gcn-04:3451251:0]  cuda_ipc_cache.c:181  UCX  WARN  cuMemUnmap( (CUdeviceptr)region->mapped_addr, region->key.b_len) failed: unrecognized error code 4
[1787714664.028202] [presto-gb200-gcn-04:3451251:0]  cuda_ipc_cache.c:181  UCX  WARN  cuMemUnmap( (CUdeviceptr)region->mapped_addr, region->key.b_len) failed: unrecognized error code 4
[1787714664.028204] [presto-gb200-gcn-04:3451251:0]  cuda_ipc_cache.c:181  UCX  WARN  cuMemUnmap( (CUdeviceptr)region->mapped_addr, region->key.b_len) failed: unrecognized error code 4
[1787714664.028205] [presto-gb200-gcn-04:3451251:0]  cuda_ipc_cache.c:181  UCX  WARN  cuMemUnmap( (CUdeviceptr)region->mapped_addr, region->key.b_len) failed: unrecognized error code 4
[1787714664.028207] [presto-gb200-gcn-04:3451251:0]  cuda_ipc_cache.c:181  UCX  WARN  cuMemUnmap( (CUdeviceptr)region->mapped_addr, region->key.b_len) failed: unrecognized error code 4
[1787714664.028208] [presto-gb200-gcn-04:3451251:0]  cuda_ipc_cache.c:181  UCX  WARN  cuMemUnmap( (CUdeviceptr)region->mapped_addr, region->key.b_len) failed: unrecognized error code 4
[1787714664.028210] [presto-gb200-gcn-04:3451251:0]  cuda_ipc_cache.c:181  UCX  WARN  cuMemUnmap( (CUdeviceptr)region->mapped_addr, region->key.b_len) failed: unrecognized error code 4
[1787714664.028211] [presto-gb200-gcn-04:3451251:0]  cuda_ipc_cache.c:181  UCX  WARN  cuMemUnmap( (CUdeviceptr)region->mapped_addr, region->key.b_len) failed: unrecognized error code 4
[1787714664.028212] [presto-gb200-gcn-04:3451251:0]  cuda_ipc_cache.c:181  UCX  WARN  cuMemUnmap( (CUdeviceptr)region->mapped_addr, region->key.b_len) failed: unrecognized error code 4
[1787714664.028213] [presto-gb200-gcn-04:3451251:0]  cuda_ipc_cache.c:181  UCX  WARN  cuMemUnmap( (CUdeviceptr)region->mapped_addr, region->key.b_len) failed: unrecognized error code 4
[1787714664.028215] [presto-gb200-gcn-04:3451251:0]  cuda_ipc_cache.c:181  UCX  WARN  cuMemUnmap( (CUdeviceptr)region->mapped_addr, region->key.b_len) failed: unrecognized error code 4
[1787714664.028216] [presto-gb200-gcn-04:3451251:0]  cuda_ipc_cache.c:181  UCX  WARN  cuMemUnmap( (CUdeviceptr)region->mapped_addr, region->key.b_len) failed: unrecognized error code 4
[1787714664.028217] [presto-gb200-gcn-04:3451251:0]  cuda_ipc_cache.c:181  UCX  WARN  cuMemUnmap( (CUdeviceptr)region->mapped_addr, region->key.b_len) failed: unrecognized error code 4
[1787714664.028218] [presto-gb200-gcn-04:3451251:0]  cuda_ipc_cache.c:181  UCX  WARN  cuMemUnmap( (CUdeviceptr)region->mapped_addr, region->key.b_len) failed: unrecognized error code 4
[1787714664.028220] [presto-gb200-gcn-04:3451251:0]  cuda_ipc_cache.c:181  UCX  WARN  cuMemUnmap( (CUdeviceptr)region->mapped_addr, region->key.b_len) failed: unrecognized error code 4
[1787714664.028221] [presto-gb200-gcn-04:3451251:0]  cuda_ipc_cache.c:181  UCX  WARN  cuMemUnmap( (CUdeviceptr)region->mapped_addr, region->key.b_len) failed: unrecognized error code 4
[1787714664.028222] [presto-gb200-gcn-04:3451251:0]  cuda_ipc_cache.c:181  UCX  WARN  cuMemUnmap( (CUdeviceptr)region->mapped_addr, region->key.b_len) failed: unrecognized error code 4
[1787714664.028223] [presto-gb200-gcn-04:3451251:0]  cuda_ipc_cache.c:181  UCX  WARN  cuMemUnmap( (CUdeviceptr)region->mapped_addr, region->key.b_len) failed: unrecognized error code 4
[1787714664.028224] [presto-gb200-gcn-04:3451251:0]  cuda_ipc_cache.c:181  UCX  WARN  cuMemUnmap( (CUdeviceptr)region->mapped_addr, region->key.b_len) failed: unrecognized error code 4
[1787714664.028225] [presto-gb200-gcn-04:3451251:0]  cuda_ipc_cache.c:181  UCX  WARN  cuMemUnmap( (CUdeviceptr)region->mapped_addr, region->key.b_len) failed: unrecognized error code 4
[1787714664.028227] [presto-gb200-gcn-04:3451251:0]  cuda_ipc_cache.c:181  UCX  WARN  cuMemUnmap( (CUdeviceptr)region->mapped_addr, region->key.b_len) failed: unrecognized error code 4
[1787714664.028228] [presto-gb200-gcn-04:3451251:0]  cuda_ipc_cache.c:181  UCX  WARN  cuMemUnmap( (CUdeviceptr)region->mapped_addr, region->key.b_len) failed: unrecognized error code 4
[1787714664.028229] [presto-gb200-gcn-04:3451251:0]  cuda_ipc_cache.c:181  UCX  WARN  cuMemUnmap( (CUdeviceptr)region->mapped_addr, region->key.b_len) failed: unrecognized error code 4
[1787714664.028230] [presto-gb200-gcn-04:3451251:0]  cuda_ipc_cache.c:181  UCX  WARN  cuMemUnmap( (CUdeviceptr)region->mapped_addr, region->key.b_len) failed: unrecognized error code 4
[1787714664.028231] [presto-gb200-gcn-04:3451251:0]  cuda_ipc_cache.c:181  UCX  WARN  cuMemUnmap( (CUdeviceptr)region->mapped_addr, region->key.b_len) failed: unrecognized error code 4
[1787714664.028248] [presto-gb200-gcn-04:3451251:0]  cuda_ipc_cache.c:181  UCX  WARN  cuMemUnmap( (CUdeviceptr)region->mapped_addr, region->key.b_len) failed: unrecognized error code 4
[1787714664.028249] [presto-gb200-gcn-04:3451251:0]  cuda_ipc_cache.c:181  UCX  WARN  cuMemUnmap( (CUdeviceptr)region->mapped_addr, region->key.b_len) failed: unrecognized error code 4
[1787714664.028250] [presto-gb200-gcn-04:3451251:0]  cuda_ipc_cache.c:181  UCX  WARN  cuMemUnmap( (CUdeviceptr)region->mapped_addr, region->key.b_len) failed: unrecognized error code 4
[1787714664.028252] [presto-gb200-gcn-04:3451251:0]  cuda_ipc_cache.c:181  UCX  WARN  cuMemUnmap( (CUdeviceptr)region->mapped_addr, region->key.b_len) failed: unrecognized error code 4
[1787714664.028253] [presto-gb200-gcn-04:3451251:0]  cuda_ipc_cache.c:181  UCX  WARN  cuMemUnmap( (CUdeviceptr)region->mapped_addr, region->key.b_len) failed: unrecognized error code 4
[1787714664.028254] [presto-gb200-gcn-04:3451251:0]  cuda_ipc_cache.c:181  UCX  WARN  cuMemUnmap( (CUdeviceptr)region->mapped_addr, region->key.b_len) failed: unrecognized error code 4
[1787714664.028255] [presto-gb200-gcn-04:3451251:0]        cuda_ctx.c:23   UCX  ERROR cuDevicePrimaryCtxGetState(cuda_device, &flags, &active) failed: unrecognized error code 4
[1787714664.028281] [presto-gb200-gcn-04:3451251:0]  cuda_ipc_cache.c:181  UCX  WARN  cuMemUnmap( (CUdeviceptr)region->mapped_addr, region->key.b_len) failed: unrecognized error code 4
[1787714664.028282] [presto-gb200-gcn-04:3451251:0]  cuda_ipc_cache.c:181  UCX  WARN  cuMemUnmap( (CUdeviceptr)region->mapped_addr, region->key.b_len) failed: unrecognized error code 4
[1787714664.028284] [presto-gb200-gcn-04:3451251:0]  cuda_ipc_cache.c:181  UCX  WARN  cuMemUnmap( (CUdeviceptr)region->mapped_addr, region->key.b_len) failed: unrecognized error code 4
[1787714664.028285] [presto-gb200-gcn-04:3451251:0]  cuda_ipc_cache.c:181  UCX  WARN  cuMemUnmap( (CUdeviceptr)region->mapped_addr, region->key.b_len) failed: unrecognized error code 4
[1787714664.028286] [presto-gb200-gcn-04:3451251:0]  cuda_ipc_cache.c:181  UCX  WARN  cuMemUnmap( (CUdeviceptr)region->mapped_addr, region->key.b_len) failed: unrecognized error code 4
[1787714664.028287] [presto-gb200-gcn-04:3451251:0]  cuda_ipc_cache.c:181  UCX  WARN  cuMemUnmap( (CUdeviceptr)region->mapped_addr, region->key.b_len) failed: unrecognized error code 4
[1787714664.028288] [presto-gb200-gcn-04:3451251:0]  cuda_ipc_cache.c:181  UCX  WARN  cuMemUnmap( (CUdeviceptr)region->mapped_addr, region->key.b_len) failed: unrecognized error code 4
[1787714664.028290] [presto-gb200-gcn-04:3451251:0]  cuda_ipc_cache.c:181  UCX  WARN  cuMemUnmap( (CUdeviceptr)region->mapped_addr, region->key.b_len) failed: unrecognized error code 4
[1787714664.028291] [presto-gb200-gcn-04:3451251:0]  cuda_ipc_cache.c:181  UCX  WARN  cuMemUnmap( (CUdeviceptr)region->mapped_addr, region->key.b_len) failed: unrecognized error code 4
[1787714664.028292] [presto-gb200-gcn-04:3451251:0]  cuda_ipc_cache.c:181  UCX  WARN  cuMemUnmap( (CUdeviceptr)region->mapped_addr, region->key.b_len) failed: unrecognized error code 4
[1787714664.028293] [presto-gb200-gcn-04:3451251:0]  cuda_ipc_cache.c:181  UCX  WARN  cuMemUnmap( (CUdeviceptr)region->mapped_addr, region->key.b_len) failed: unrecognized error code 4
[1787714664.028294] [presto-gb200-gcn-04:3451251:0]  cuda_ipc_cache.c:181  UCX  WARN  cuMemUnmap( (CUdeviceptr)region->mapped_addr, region->key.b_len) failed: unrecognized error code 4
[1787714664.028296] [presto-gb200-gcn-04:3451251:0]  cuda_ipc_cache.c:181  UCX  WARN  cuMemUnmap( (CUdeviceptr)region->mapped_addr, region->key.b_len) failed: unrecognized error code 4
[1787714664.028297] [presto-gb200-gcn-04:3451251:0]  cuda_ipc_cache.c:181  UCX  WARN  cuMemUnmap( (CUdeviceptr)region->mapped_addr, region->key.b_len) failed: unrecognized error code 4
[1787714664.028298] [presto-gb200-gcn-04:3451251:0]  cuda_ipc_cache.c:181  UCX  WARN  cuMemUnmap( (CUdeviceptr)region->mapped_addr, region->key.b_len) failed: unrecognized error code 4
[1787714664.028299] [presto-gb200-gcn-04:3451251:0]  cuda_ipc_cache.c:181  UCX  WARN  cuMemUnmap( (CUdeviceptr)region->mapped_addr, region->key.b_len) failed: unrecognized error code 4
[1787714664.028300] [presto-gb200-gcn-04:3451251:0]  cuda_ipc_cache.c:181  UCX  WARN  cuMemUnmap( (CUdeviceptr)region->mapped_addr, region->key.b_len) failed: unrecognized error code 4
[1787714664.028302] [presto-gb200-gcn-04:3451251:0]  cuda_ipc_cache.c:181  UCX  WARN  cuMemUnmap( (CUdeviceptr)region->mapped_addr, region->key.b_len) failed: unrecognized error code 4
[1787714664.028303] [presto-gb200-gcn-04:3451251:0]  cuda_ipc_cache.c:181  UCX  WARN  cuMemUnmap( (CUdeviceptr)region->mapped_addr, region->key.b_len) failed: unrecognized error code 4
[1787714664.028304] [presto-gb200-gcn-04:3451251:0]  cuda_ipc_cache.c:181  UCX  WARN  cuMemUnmap( (CUdeviceptr)region->mapped_addr, region->key.b_len) failed: unrecognized error code 4
[1787714664.028305] [presto-gb200-gcn-04:3451251:0]  cuda_ipc_cache.c:181  UCX  WARN  cuMemUnmap( (CUdeviceptr)region->mapped_addr, region->key.b_len) failed: unrecognized error code 4
[1787714664.028306] [presto-gb200-gcn-04:3451251:0]  cuda_ipc_cache.c:181  UCX  WARN  cuMemUnmap( (CUdeviceptr)region->mapped_addr, region->key.b_len) failed: unrecognized error code 4
[1787714664.028307] [presto-gb200-gcn-04:3451251:0]  cuda_ipc_cache.c:181  UCX  WARN  cuMemUnmap( (CUdeviceptr)region->mapped_addr, region->key.b_len) failed: unrecognized error code 4
[1787714664.028308] [presto-gb200-gcn-04:3451251:0]  cuda_ipc_cache.c:181  UCX  WARN  cuMemUnmap( (CUdeviceptr)region->mapped_addr, region->key.b_len) failed: unrecognized error code 4
[1787714664.028309] [presto-gb200-gcn-04:3451251:0]  cuda_ipc_cache.c:181  UCX  WARN  cuMemUnmap( (CUdeviceptr)region->mapped_addr, region->key.b_len) failed: unrecognized error code 4
[1787714664.028310] [presto-gb200-gcn-04:3451251:0]  cuda_ipc_cache.c:181  UCX  WARN  cuMemUnmap( (CUdeviceptr)region->mapped_addr, region->key.b_len) failed: unrecognized error code 4
[1787714664.028311] [presto-gb200-gcn-04:3451251:0]  cuda_ipc_cache.c:181  UCX  WARN  cuMemUnmap( (CUdeviceptr)region->mapped_addr, region->key.b_len) failed: unrecognized error code 4
[1787714664.028312] [presto-gb200-gcn-04:3451251:0]  cuda_ipc_cache.c:181  UCX  WARN  cuMemUnmap( (CUdeviceptr)region->mapped_addr, region->key.b_len) failed: unrecognized error code 4
[1787714664.028313] [presto-gb200-gcn-04:3451251:0]  cuda_ipc_cache.c:181  UCX  WARN  cuMemUnmap( (CUdeviceptr)region->mapped_addr, region->key.b_len) failed: unrecognized error code 4
[1787714664.028315] [presto-gb200-gcn-04:3451251:0]  cuda_ipc_cache.c:181  UCX  WARN  cuMemUnmap( (CUdeviceptr)region->mapped_addr, region->key.b_len) failed: unrecognized error code 4
[1787714664.028316] [presto-gb200-gcn-04:3451251:0]  cuda_ipc_cache.c:181  UCX  WARN  cuMemUnmap( (CUdeviceptr)region->mapped_addr, region->key.b_len) failed: unrecognized error code 4
[1787714664.028317] [presto-gb200-gcn-04:3451251:0]  cuda_ipc_cache.c:181  UCX  WARN  cuMemUnmap( (CUdeviceptr)region->mapped_addr, region->key.b_len) failed: unrecognized error code 4
[1787714664.028318] [presto-gb200-gcn-04:3451251:0]  cuda_ipc_cache.c:181  UCX  WARN  cuMemUnmap( (CUdeviceptr)region->mapped_addr, region->key.b_len) failed: unrecognized error code 4
[1787714664.028319] [presto-gb200-gcn-04:3451251:0]  cuda_ipc_cache.c:181  UCX  WARN  cuMemUnmap( (CUdeviceptr)region->mapped_addr, region->key.b_len) failed: unrecognized error code 4
[1787714664.028321] [presto-gb200-gcn-04:3451251:0]  cuda_ipc_cache.c:181  UCX  WARN  cuMemUnmap( (CUdeviceptr)region->mapped_addr, region->key.b_len) failed: unrecognized error code 4
[1787714664.028321] [presto-gb200-gcn-04:3451251:0]  cuda_ipc_cache.c:181  UCX  WARN  cuMemUnmap( (CUdeviceptr)region->mapped_addr, region->key.b_len) failed: unrecognized error code 4
[1787714664.028322] [presto-gb200-gcn-04:3451251:0]  cuda_ipc_cache.c:181  UCX  WARN  cuMemUnmap( (CUdeviceptr)region->mapped_addr, region->key.b_len) failed: unrecognized error code 4
[1787714664.028323] [presto-gb200-gcn-04:3451251:0]  cuda_ipc_cache.c:181  UCX  WARN  cuMemUnmap( (CUdeviceptr)region->mapped_addr, region->key.b_len) failed: unrecognized error code 4
[1787714664.028324] [presto-gb200-gcn-04:3451251:0]  cuda_ipc_cache.c:181  UCX  WARN  cuMemUnmap( (CUdeviceptr)region->mapped_addr, region->key.b_len) failed: unrecognized error code 4
[1787714664.028325] [presto-gb200-gcn-04:3451251:0]  cuda_ipc_cache.c:181  UCX  WARN  cuMemUnmap( (CUdeviceptr)region->mapped_addr, region->key.b_len) failed: unrecognized error code 4
[1787714664.028327] [presto-gb200-gcn-04:3451251:0]  cuda_ipc_cache.c:181  UCX  WARN  cuMemUnmap( (CUdeviceptr)region->mapped_addr, region->key.b_len) failed: unrecognized error code 4
[1787714664.028328] [presto-gb200-gcn-04:3451251:0]  cuda_ipc_cache.c:181  UCX  WARN  cuMemUnmap( (CUdeviceptr)region->mapped_addr, region->key.b_len) failed: unrecognized error code 4
[1787714664.028329] [presto-gb200-gcn-04:3451251:0]  cuda_ipc_cache.c:181  UCX  WARN  cuMemUnmap( (CUdeviceptr)region->mapped_addr, region->key.b_len) failed: unrecognized error code 4
[1787714664.028330] [presto-gb200-gcn-04:3451251:0]  cuda_ipc_cache.c:181  UCX  WARN  cuMemUnmap( (CUdeviceptr)region->mapped_addr, region->key.b_len) failed: unrecognized error code 4
[1787714664.028332] [presto-gb200-gcn-04:3451251:0]  cuda_ipc_cache.c:181  UCX  WARN  cuMemUnmap( (CUdeviceptr)region->mapped_addr, region->key.b_len) failed: unrecognized error code 4
[1787714664.028340] [presto-gb200-gcn-04:3451251:0]  cuda_ipc_cache.c:181  UCX  WARN  cuMemUnmap( (CUdeviceptr)region->mapped_addr, region->key.b_len) failed: unrecognized error code 4
[1787714664.028341] [presto-gb200-gcn-04:3451251:0]  cuda_ipc_cache.c:181  UCX  WARN  cuMemUnmap( (CUdeviceptr)region->mapped_addr, region->key.b_len) failed: unrecognized error code 4
[1787714664.028342] [presto-gb200-gcn-04:3451251:0]  cuda_ipc_cache.c:181  UCX  WARN  cuMemUnmap( (CUdeviceptr)region->mapped_addr, region->key.b_len) failed: unrecognized error code 4
[1787714664.028343] [presto-gb200-gcn-04:3451251:0]  cuda_ipc_cache.c:181  UCX  WARN  cuMemUnmap( (CUdeviceptr)region->mapped_addr, region->key.b_len) failed: unrecognized error code 4
[1787714664.028344] [presto-gb200-gcn-04:3451251:0]  cuda_ipc_cache.c:181  UCX  WARN  cuMemUnmap( (CUdeviceptr)region->mapped_addr, region->key.b_len) failed: unrecognized error code 4
[1787714664.028345] [presto-gb200-gcn-04:3451251:0]  cuda_ipc_cache.c:181  UCX  WARN  cuMemUnmap( (CUdeviceptr)region->mapped_addr, region->key.b_len) failed: unrecognized error code 4
[1787714664.028347] [presto-gb200-gcn-04:3451251:0]  cuda_ipc_cache.c:181  UCX  WARN  cuMemUnmap( (CUdeviceptr)region->mapped_addr, region->key.b_len) failed: unrecognized error code 4
[1787714664.028347] [presto-gb200-gcn-04:3451251:0]  cuda_ipc_cache.c:181  UCX  WARN  cuMemUnmap( (CUdeviceptr)region->mapped_addr, region->key.b_len) failed: unrecognized error code 4
[1787714664.028349] [presto-gb200-gcn-04:3451251:0]  cuda_ipc_cache.c:181  UCX  WARN  cuMemUnmap( (CUdeviceptr)region->mapped_addr, region->key.b_len) failed: unrecognized error code 4
[1787714664.028350] [presto-gb200-gcn-04:3451251:0]  cuda_ipc_cache.c:181  UCX  WARN  cuMemUnmap( (CUdeviceptr)region->mapped_addr, region->key.b_len) failed: unrecognized error code 4
[1787714664.028351] [presto-gb200-gcn-04:3451251:0]  cuda_ipc_cache.c:181  UCX  WARN  cuMemUnmap( (CUdeviceptr)region->mapped_addr, region->key.b_len) failed: unrecognized error code 4
[1787714664.028352] [presto-gb200-gcn-04:3451251:0]  cuda_ipc_cache.c:181  UCX  WARN  cuMemUnmap( (CUdeviceptr)region->mapped_addr, region->key.b_len) failed: unrecognized error code 4
[1787714664.028353] [presto-gb200-gcn-04:3451251:0]  cuda_ipc_cache.c:181  UCX  WARN  cuMemUnmap( (CUdeviceptr)region->mapped_addr, region->key.b_len) failed: unrecognized error code 4
[1787714664.028355] [presto-gb200-gcn-04:3451251:0]  cuda_ipc_cache.c:181  UCX  WARN  cuMemUnmap( (CUdeviceptr)region->mapped_addr, region->key.b_len) failed: unrecognized error code 4
[1787714664.028356] [presto-gb200-gcn-04:3451251:0]  cuda_ipc_cache.c:181  UCX  WARN  cuMemUnmap( (CUdeviceptr)region->mapped_addr, region->key.b_len) failed: unrecognized error code 4
[1787714664.028357] [presto-gb200-gcn-04:3451251:0]  cuda_ipc_cache.c:181  UCX  WARN  cuMemUnmap( (CUdeviceptr)region->mapped_addr, region->key.b_len) failed: unrecognized error code 4
[1787714664.028358] [presto-gb200-gcn-04:3451251:0]  cuda_ipc_cache.c:181  UCX  WARN  cuMemUnmap( (CUdeviceptr)region->mapped_addr, region->key.b_len) failed: unrecognized error code 4
[1787714664.028359] [presto-gb200-gcn-04:3451251:0]        cuda_ctx.c:23   UCX  ERROR cuDevicePrimaryCtxGetState(cuda_device, &flags, &active) failed: unrecognized error code 4
[1787714664.028402] [presto-gb200-gcn-04:3451251:0]  cuda_ipc_cache.c:181  UCX  WARN  cuMemUnmap( (CUdeviceptr)region->mapped_addr, region->key.b_len) failed: unrecognized error code 4
[1787714664.028404] [presto-gb200-gcn-04:3451251:0]  cuda_ipc_cache.c:181  UCX  WARN  cuMemUnmap( (CUdeviceptr)region->mapped_addr, region->key.b_len) failed: unrecognized error code 4
[1787714664.028405] [presto-gb200-gcn-04:3451251:0]  cuda_ipc_cache.c:181  UCX  WARN  cuMemUnmap( (CUdeviceptr)region->mapped_addr, region->key.b_len) failed: unrecognized error code 4
[1787714664.028406] [presto-gb200-gcn-04:3451251:0]  cuda_ipc_cache.c:181  UCX  WARN  cuMemUnmap( (CUdeviceptr)region->mapped_addr, region->key.b_len) failed: unrecognized error code 4
[1787714664.028407] [presto-gb200-gcn-04:3451251:0]  cuda_ipc_cache.c:181  UCX  WARN  cuMemUnmap( (CUdeviceptr)region->mapped_addr, region->key.b_len) failed: unrecognized error code 4
[1787714664.028408] [presto-gb200-gcn-04:3451251:0]  cuda_ipc_cache.c:181  UCX  WARN  cuMemUnmap( (CUdeviceptr)region->mapped_addr, region->key.b_len) failed: unrecognized error code 4
[1787714664.028410] [presto-gb200-gcn-04:3451251:0]  cuda_ipc_cache.c:181  UCX  WARN  cuMemUnmap( (CUdeviceptr)region->mapped_addr, region->key.b_len) failed: unrecognized error code 4
[1787714664.028411] [presto-gb200-gcn-04:3451251:0]  cuda_ipc_cache.c:181  UCX  WARN  cuMemUnmap( (CUdeviceptr)region->mapped_addr, region->key.b_len) failed: unrecognized error code 4
[1787714664.028412] [presto-gb200-gcn-04:3451251:0]  cuda_ipc_cache.c:181  UCX  WARN  cuMemUnmap( (CUdeviceptr)region->mapped_addr, region->key.b_len) failed: unrecognized error code 4
[1787714664.028413] [presto-gb200-gcn-04:3451251:0]  cuda_ipc_cache.c:181  UCX  WARN  cuMemUnmap( (CUdeviceptr)region->mapped_addr, region->key.b_len) failed: unrecognized error code 4
[1787714664.028415] [presto-gb200-gcn-04:3451251:0]  cuda_ipc_cache.c:181  UCX  WARN  cuMemUnmap( (CUdeviceptr)region->mapped_addr, region->key.b_len) failed: unrecognized error code 4
[1787714664.028416] [presto-gb200-gcn-04:3451251:0]  cuda_ipc_cache.c:181  UCX  WARN  cuMemUnmap( (CUdeviceptr)region->mapped_addr, region->key.b_len) failed: unrecognized error code 4
[1787714664.028417] [presto-gb200-gcn-04:3451251:0]  cuda_ipc_cache.c:181  UCX  WARN  cuMemUnmap( (CUdeviceptr)region->mapped_addr, region->key.b_len) failed: unrecognized error code 4
[1787714664.028419] [presto-gb200-gcn-04:3451251:0]  cuda_ipc_cache.c:181  UCX  WARN  cuMemUnmap( (CUdeviceptr)region->mapped_addr, region->key.b_len) failed: unrecognized error code 4
[1787714664.028420] [presto-gb200-gcn-04:3451251:0]  cuda_ipc_cache.c:181  UCX  WARN  cuMemUnmap( (CUdeviceptr)region->mapped_addr, region->key.b_len) failed: unrecognized error code 4
[1787714664.028421] [presto-gb200-gcn-04:3451251:0]  cuda_ipc_cache.c:181  UCX  WARN  cuMemUnmap( (CUdeviceptr)region->mapped_addr, region->key.b_len) failed: unrecognized error code 4
[1787714664.028422] [presto-gb200-gcn-04:3451251:0]  cuda_ipc_cache.c:181  UCX  WARN  cuMemUnmap( (CUdeviceptr)region->mapped_addr, region->key.b_len) failed: unrecognized error code 4
[1787714664.028424] [presto-gb200-gcn-04:3451251:0]  cuda_ipc_cache.c:181  UCX  WARN  cuMemUnmap( (CUdeviceptr)region->mapped_addr, region->key.b_len) failed: unrecognized error code 4
[1787714664.028425] [presto-gb200-gcn-04:3451251:0]  cuda_ipc_cache.c:181  UCX  WARN  cuMemUnmap( (CUdeviceptr)region->mapped_addr, region->key.b_len) failed: unrecognized error code 4
[1787714664.028426] [presto-gb200-gcn-04:3451251:0]  cuda_ipc_cache.c:181  UCX  WARN  cuMemUnmap( (CUdeviceptr)region->mapped_addr, region->key.b_len) failed: unrecognized error code 4
[1787714664.028427] [presto-gb200-gcn-04:3451251:0]  cuda_ipc_cache.c:181  UCX  WARN  cuMemUnmap( (CUdeviceptr)region->mapped_addr, region->key.b_len) failed: unrecognized error code 4
[1787714664.028428] [presto-gb200-gcn-04:3451251:0]  cuda_ipc_cache.c:181  UCX  WARN  cuMemUnmap( (CUdeviceptr)region->mapped_addr, region->key.b_len) failed: unrecognized error code 4
[1787714664.028429] [presto-gb200-gcn-04:3451251:0]  cuda_ipc_cache.c:181  UCX  WARN  cuMemUnmap( (CUdeviceptr)region->mapped_addr, region->key.b_len) failed: unrecognized error code 4
[1787714664.028430] [presto-gb200-gcn-04:3451251:0]  cuda_ipc_cache.c:181  UCX  WARN  cuMemUnmap( (CUdeviceptr)region->mapped_addr, region->key.b_len) failed: unrecognized error code 4
[1787714664.028432] [presto-gb200-gcn-04:3451251:0]  cuda_ipc_cache.c:181  UCX  WARN  cuMemUnmap( (CUdeviceptr)region->mapped_addr, region->key.b_len) failed: unrecognized error code 4
[1787714664.028433] [presto-gb200-gcn-04:3451251:0]  cuda_ipc_cache.c:181  UCX  WARN  cuMemUnmap( (CUdeviceptr)region->mapped_addr, region->key.b_len) failed: unrecognized error code 4
[1787714664.028434] [presto-gb200-gcn-04:3451251:0]  cuda_ipc_cache.c:181  UCX  WARN  cuMemUnmap( (CUdeviceptr)region->mapped_addr, region->key.b_len) failed: unrecognized error code 4
[1787714664.028435] [presto-gb200-gcn-04:3451251:0]  cuda_ipc_cache.c:181  UCX  WARN  cuMemUnmap( (CUdeviceptr)region->mapped_addr, region->key.b_len) failed: unrecognized error code 4
[1787714664.028436] [presto-gb200-gcn-04:3451251:0]  cuda_ipc_cache.c:181  UCX  WARN  cuMemUnmap( (CUdeviceptr)region->mapped_addr, region->key.b_len) failed: unrecognized error code 4
[1787714664.028437] [presto-gb200-gcn-04:3451251:0]  cuda_ipc_cache.c:181  UCX  WARN  cuMemUnmap( (CUdeviceptr)region->mapped_addr, region->key.b_len) failed: unrecognized error code 4
[1787714664.028439] [presto-gb200-gcn-04:3451251:0]  cuda_ipc_cache.c:181  UCX  WARN  cuMemUnmap( (CUdeviceptr)region->mapped_addr, region->key.b_len) failed: unrecognized error code 4
[1787714664.028440] [presto-gb200-gcn-04:3451251:0]  cuda_ipc_cache.c:181  UCX  WARN  cuMemUnmap( (CUdeviceptr)region->mapped_addr, region->key.b_len) failed: unrecognized error code 4
[1787714664.028441] [presto-gb200-gcn-04:3451251:0]  cuda_ipc_cache.c:181  UCX  WARN  cuMemUnmap( (CUdeviceptr)region->mapped_addr, region->key.b_len) failed: unrecognized error code 4
[1787714664.028442] [presto-gb200-gcn-04:3451251:0]  cuda_ipc_cache.c:181  UCX  WARN  cuMemUnmap( (CUdeviceptr)region->mapped_addr, region->key.b_len) failed: unrecognized error code 4
[1787714664.028444] [presto-gb200-gcn-04:3451251:0]  cuda_ipc_cache.c:181  UCX  WARN  cuMemUnmap( (CUdeviceptr)region->mapped_addr, region->key.b_len) failed: unrecognized error code 4
[1787714664.028445] [presto-gb200-gcn-04:3451251:0]  cuda_ipc_cache.c:181  UCX  WARN  cuMemUnmap( (CUdeviceptr)region->mapped_addr, region->key.b_len) failed: unrecognized error code 4
[1787714664.028447] [presto-gb200-gcn-04:3451251:0]  cuda_ipc_cache.c:181  UCX  WARN  cuMemUnmap( (CUdeviceptr)region->mapped_addr, region->key.b_len) failed: unrecognized error code 4
[1787714664.028448] [presto-gb200-gcn-04:3451251:0]  cuda_ipc_cache.c:181  UCX  WARN  cuMemUnmap( (CUdeviceptr)region->mapped_addr, region->key.b_len) failed: unrecognized error code 4
[1787714664.028450] [presto-gb200-gcn-04:3451251:0]  cuda_ipc_cache.c:181  UCX  WARN  cuMemUnmap( (CUdeviceptr)region->mapped_addr, region->key.b_len) failed: unrecognized error code 4
[1787714664.028451] [presto-gb200-gcn-04:3451251:0]  cuda_ipc_cache.c:181  UCX  WARN  cuMemUnmap( (CUdeviceptr)region->mapped_addr, region->key.b_len) failed: unrecognized error code 4
[1787714664.028452] [presto-gb200-gcn-04:3451251:0]  cuda_ipc_cache.c:181  UCX  WARN  cuMemUnmap( (CUdeviceptr)region->mapped_addr, region->key.b_len) failed: unrecognized error code 4
[1787714664.028453] [presto-gb200-gcn-04:3451251:0]  cuda_ipc_cache.c:181  UCX  WARN  cuMemUnmap( (CUdeviceptr)region->mapped_addr, region->key.b_len) failed: unrecognized error code 4
[1787714664.028454] [presto-gb200-gcn-04:3451251:0]  cuda_ipc_cache.c:181  UCX  WARN  cuMemUnmap( (CUdeviceptr)region->mapped_addr, region->key.b_len) failed: unrecognized error code 4
[1787714664.028455] [presto-gb200-gcn-04:3451251:0]  cuda_ipc_cache.c:181  UCX  WARN  cuMemUnmap( (CUdeviceptr)region->mapped_addr, region->key.b_len) failed: unrecognized error code 4
[1787714664.028456] [presto-gb200-gcn-04:3451251:0]  cuda_ipc_cache.c:181  UCX  WARN  cuMemUnmap( (CUdeviceptr)region->mapped_addr, region->key.b_len) failed: unrecognized error code 4
[1787714664.028468] [presto-gb200-gcn-04:3451251:0]  cuda_ipc_cache.c:181  UCX  WARN  cuMemUnmap( (CUdeviceptr)region->mapped_addr, region->key.b_len) failed: unrecognized error code 4
[1787714664.028469] [presto-gb200-gcn-04:3451251:0]  cuda_ipc_cache.c:181  UCX  WARN  cuMemUnmap( (CUdeviceptr)region->mapped_addr, region->key.b_len) failed: unrecognized error code 4
[1787714664.028470] [presto-gb200-gcn-04:3451251:0]  cuda_ipc_cache.c:181  UCX  WARN  cuMemUnmap( (CUdeviceptr)region->mapped_addr, region->key.b_len) failed: unrecognized error code 4
[1787714664.028471] [presto-gb200-gcn-04:3451251:0]  cuda_ipc_cache.c:181  UCX  WARN  cuMemUnmap( (CUdeviceptr)region->mapped_addr, region->key.b_len) failed: unrecognized error code 4
[1787714664.028472] [presto-gb200-gcn-04:3451251:0]  cuda_ipc_cache.c:181  UCX  WARN  cuMemUnmap( (CUdeviceptr)region->mapped_addr, region->key.b_len) failed: unrecognized error code 4
[1787714664.028474] [presto-gb200-gcn-04:3451251:0]  cuda_ipc_cache.c:181  UCX  WARN  cuMemUnmap( (CUdeviceptr)region->mapped_addr, region->key.b_len) failed: unrecognized error code 4
[1787714664.028474] [presto-gb200-gcn-04:3451251:0]  cuda_ipc_cache.c:181  UCX  WARN  cuMemUnmap( (CUdeviceptr)region->mapped_addr, region->key.b_len) failed: unrecognized error code 4
[1787714664.028476] [presto-gb200-gcn-04:3451251:0]  cuda_ipc_cache.c:181  UCX  WARN  cuMemUnmap( (CUdeviceptr)region->mapped_addr, region->key.b_len) failed: unrecognized error code 4
[1787714664.028477] [presto-gb200-gcn-04:3451251:0]  cuda_ipc_cache.c:181  UCX  WARN  cuMemUnmap( (CUdeviceptr)region->mapped_addr, region->key.b_len) failed: unrecognized error code 4
[1787714664.028478] [presto-gb200-gcn-04:3451251:0]  cuda_ipc_cache.c:181  UCX  WARN  cuMemUnmap( (CUdeviceptr)region->mapped_addr, region->key.b_len) failed: unrecognized error code 4
[1787714664.028479] [presto-gb200-gcn-04:3451251:0]  cuda_ipc_cache.c:181  UCX  WARN  cuMemUnmap( (CUdeviceptr)region->mapped_addr, region->key.b_len) failed: unrecognized error code 4
[1787714664.028481] [presto-gb200-gcn-04:3451251:0]  cuda_ipc_cache.c:181  UCX  WARN  cuMemUnmap( (CUdeviceptr)region->mapped_addr, region->key.b_len) failed: unrecognized error code 4
[1787714664.028482] [presto-gb200-gcn-04:3451251:0]  cuda_ipc_cache.c:181  UCX  WARN  cuMemUnmap( (CUdeviceptr)region->mapped_addr, region->key.b_len) failed: unrecognized error code 4
[1787714664.028483] [presto-gb200-gcn-04:3451251:0]  cuda_ipc_cache.c:181  UCX  WARN  cuMemUnmap( (CUdeviceptr)region->mapped_addr, region->key.b_len) failed: unrecognized error code 4
[1787714664.028484] [presto-gb200-gcn-04:3451251:0]  cuda_ipc_cache.c:181  UCX  WARN  cuMemUnmap( (CUdeviceptr)region->mapped_addr, region->key.b_len) failed: unrecognized error code 4
[1787714664.028485] [presto-gb200-gcn-04:3451251:0]  cuda_ipc_cache.c:181  UCX  WARN  cuMemUnmap( (CUdeviceptr)region->mapped_addr, region->key.b_len) failed: unrecognized error code 4
[1787714664.028486] [presto-gb200-gcn-04:3451251:0]  cuda_ipc_cache.c:181  UCX  WARN  cuMemUnmap( (CUdeviceptr)region->mapped_addr, region->key.b_len) failed: unrecognized error code 4
[1787714664.028487] [presto-gb200-gcn-04:3451251:0]        cuda_ctx.c:23   UCX  ERROR cuDevicePrimaryCtxGetState(cuda_device, &flags, &active) failed: unrecognized error code 4
[1787714664.031526] [presto-gb200-gcn-04:3451254:0]  cuda_ipc_cache.c:181  UCX  WARN  cuMemUnmap( (CUdeviceptr)region->mapped_addr, region->key.b_len) failed: unrecognized error code 4
[1787714664.031530] [presto-gb200-gcn-04:3451254:0]  cuda_ipc_cache.c:181  UCX  WARN  cuMemUnmap( (CUdeviceptr)region->mapped_addr, region->key.b_len) failed: unrecognized error code 4
[1787714664.031531] [presto-gb200-gcn-04:3451254:0]  cuda_ipc_cache.c:181  UCX  WARN  cuMemUnmap( (CUdeviceptr)region->mapped_addr, region->key.b_len) failed: unrecognized error code 4
[1787714664.031533] [presto-gb200-gcn-04:3451254:0]  cuda_ipc_cache.c:181  UCX  WARN  cuMemUnmap( (CUdeviceptr)region->mapped_addr, region->key.b_len) failed: unrecognized error code 4
[1787714664.031534] [presto-gb200-gcn-04:3451254:0]  cuda_ipc_cache.c:181  UCX  WARN  cuMemUnmap( (CUdeviceptr)region->mapped_addr, region->key.b_len) failed: unrecognized error code 4
[1787714664.031536] [presto-gb200-gcn-04:3451254:0]  cuda_ipc_cache.c:181  UCX  WARN  cuMemUnmap( (CUdeviceptr)region->mapped_addr, region->key.b_len) failed: unrecognized error code 4
[1787714664.031537] [presto-gb200-gcn-04:3451254:0]  cuda_ipc_cache.c:181  UCX  WARN  cuMemUnmap( (CUdeviceptr)region->mapped_addr, region->key.b_len) failed: unrecognized error code 4
[1787714664.031538] [presto-gb200-gcn-04:3451254:0]  cuda_ipc_cache.c:181  UCX  WARN  cuMemUnmap( (CUdeviceptr)region->mapped_addr, region->key.b_len) failed: unrecognized error code 4
[1787714664.031539] [presto-gb200-gcn-04:3451254:0]  cuda_ipc_cache.c:181  UCX  WARN  cuMemUnmap( (CUdeviceptr)region->mapped_addr, region->key.b_len) failed: unrecognized error code 4
[1787714664.031540] [presto-gb200-gcn-04:3451254:0]  cuda_ipc_cache.c:181  UCX  WARN  cuMemUnmap( (CUdeviceptr)region->mapped_addr, region->key.b_len) failed: unrecognized error code 4
[1787714664.031541] [presto-gb200-gcn-04:3451254:0]  cuda_ipc_cache.c:181  UCX  WARN  cuMemUnmap( (CUdeviceptr)region->mapped_addr, region->key.b_len) failed: unrecognized error code 4
[1787714664.031542] [presto-gb200-gcn-04:3451254:0]  cuda_ipc_cache.c:181  UCX  WARN  cuMemUnmap( (CUdeviceptr)region->mapped_addr, region->key.b_len) failed: unrecognized error code 4
[1787714664.031544] [presto-gb200-gcn-04:3451254:0]  cuda_ipc_cache.c:181  UCX  WARN  cuMemUnmap( (CUdeviceptr)region->mapped_addr, region->key.b_len) failed: unrecognized error code 4
[1787714664.031545] [presto-gb200-gcn-04:3451254:0]  cuda_ipc_cache.c:181  UCX  WARN  cuMemUnmap( (CUdeviceptr)region->mapped_addr, region->key.b_len) failed: unrecognized error code 4
[1787714664.031546] [presto-gb200-gcn-04:3451254:0]  cuda_ipc_cache.c:181  UCX  WARN  cuMemUnmap( (CUdeviceptr)region->mapped_addr, region->key.b_len) failed: unrecognized error code 4
[1787714664.031547] [presto-gb200-gcn-04:3451254:0]  cuda_ipc_cache.c:181  UCX  WARN  cuMemUnmap( (CUdeviceptr)region->mapped_addr, region->key.b_len) failed: unrecognized error code 4
[1787714664.031549] [presto-gb200-gcn-04:3451254:0]  cuda_ipc_cache.c:181  UCX  WARN  cuMemUnmap( (CUdeviceptr)region->mapped_addr, region->key.b_len) failed: unrecognized error code 4
[1787714664.031549] [presto-gb200-gcn-04:3451254:0]  cuda_ipc_cache.c:181  UCX  WARN  cuMemUnmap( (CUdeviceptr)region->mapped_addr, region->key.b_len) failed: unrecognized error code 4
[1787714664.031550] [presto-gb200-gcn-04:3451254:0]  cuda_ipc_cache.c:181  UCX  WARN  cuMemUnmap( (CUdeviceptr)region->mapped_addr, region->key.b_len) failed: unrecognized error code 4
[1787714664.031551] [presto-gb200-gcn-04:3451254:0]  cuda_ipc_cache.c:181  UCX  WARN  cuMemUnmap( (CUdeviceptr)region->mapped_addr, region->key.b_len) failed: unrecognized error code 4
[1787714664.031553] [presto-gb200-gcn-04:3451254:0]  cuda_ipc_cache.c:181  UCX  WARN  cuMemUnmap( (CUdeviceptr)region->mapped_addr, region->key.b_len) failed: unrecognized error code 4
[1787714664.031554] [presto-gb200-gcn-04:3451254:0]  cuda_ipc_cache.c:181  UCX  WARN  cuMemUnmap( (CUdeviceptr)region->mapped_addr, region->key.b_len) failed: unrecognized error code 4
[1787714664.031555] [presto-gb200-gcn-04:3451254:0]  cuda_ipc_cache.c:181  UCX  WARN  cuMemUnmap( (CUdeviceptr)region->mapped_addr, region->key.b_len) failed: unrecognized error code 4
[1787714664.031556] [presto-gb200-gcn-04:3451254:0]  cuda_ipc_cache.c:181  UCX  WARN  cuMemUnmap( (CUdeviceptr)region->mapped_addr, region->key.b_len) failed: unrecognized error code 4
[1787714664.031558] [presto-gb200-gcn-04:3451254:0]  cuda_ipc_cache.c:181  UCX  WARN  cuMemUnmap( (CUdeviceptr)region->mapped_addr, region->key.b_len) failed: unrecognized error code 4
[1787714664.031560] [presto-gb200-gcn-04:3451254:0]  cuda_ipc_cache.c:181  UCX  WARN  cuMemUnmap( (CUdeviceptr)region->mapped_addr, region->key.b_len) failed: unrecognized error code 4
[1787714664.031561] [presto-gb200-gcn-04:3451254:0]  cuda_ipc_cache.c:181  UCX  WARN  cuMemUnmap( (CUdeviceptr)region->mapped_addr, region->key.b_len) failed: unrecognized error code 4
[1787714664.031562] [presto-gb200-gcn-04:3451254:0]  cuda_ipc_cache.c:181  UCX  WARN  cuMemUnmap( (CUdeviceptr)region->mapped_addr, region->key.b_len) failed: unrecognized error code 4
[1787714664.031563] [presto-gb200-gcn-04:3451254:0]  cuda_ipc_cache.c:181  UCX  WARN  cuMemUnmap( (CUdeviceptr)region->mapped_addr, region->key.b_len) failed: unrecognized error code 4
[1787714664.031565] [presto-gb200-gcn-04:3451254:0]  cuda_ipc_cache.c:181  UCX  WARN  cuMemUnmap( (CUdeviceptr)region->mapped_addr, region->key.b_len) failed: unrecognized error code 4
[1787714664.031566] [presto-gb200-gcn-04:3451254:0]  cuda_ipc_cache.c:181  UCX  WARN  cuMemUnmap( (CUdeviceptr)region->mapped_addr, region->key.b_len) failed: unrecognized error code 4
[1787714664.031568] [presto-gb200-gcn-04:3451254:0]  cuda_ipc_cache.c:181  UCX  WARN  cuMemUnmap( (CUdeviceptr)region->mapped_addr, region->key.b_len) failed: unrecognized error code 4
[1787714664.031569] [presto-gb200-gcn-04:3451254:0]  cuda_ipc_cache.c:181  UCX  WARN  cuMemUnmap( (CUdeviceptr)region->mapped_addr, region->key.b_len) failed: unrecognized error code 4
[1787714664.031570] [presto-gb200-gcn-04:3451254:0]  cuda_ipc_cache.c:181  UCX  WARN  cuMemUnmap( (CUdeviceptr)region->mapped_addr, region->key.b_len) failed: unrecognized error code 4
[1787714664.031571] [presto-gb200-gcn-04:3451254:0]  cuda_ipc_cache.c:181  UCX  WARN  cuMemUnmap( (CUdeviceptr)region->mapped_addr, region->key.b_len) failed: unrecognized error code 4
[1787714664.031572] [presto-gb200-gcn-04:3451254:0]  cuda_ipc_cache.c:181  UCX  WARN  cuMemUnmap( (CUdeviceptr)region->mapped_addr, region->key.b_len) failed: unrecognized error code 4
[1787714664.031574] [presto-gb200-gcn-04:3451254:0]  cuda_ipc_cache.c:181  UCX  WARN  cuMemUnmap( (CUdeviceptr)region->mapped_addr, region->key.b_len) failed: unrecognized error code 4
[1787714664.031575] [presto-gb200-gcn-04:3451254:0]  cuda_ipc_cache.c:181  UCX  WARN  cuMemUnmap( (CUdeviceptr)region->mapped_addr, region->key.b_len) failed: unrecognized error code 4
[1787714664.031577] [presto-gb200-gcn-04:3451254:0]  cuda_ipc_cache.c:181  UCX  WARN  cuMemUnmap( (CUdeviceptr)region->mapped_addr, region->key.b_len) failed: unrecognized error code 4
[1787714664.031578] [presto-gb200-gcn-04:3451254:0]  cuda_ipc_cache.c:181  UCX  WARN  cuMemUnmap( (CUdeviceptr)region->mapped_addr, region->key.b_len) failed: unrecognized error code 4
[1787714664.031579] [presto-gb200-gcn-04:3451254:0]  cuda_ipc_cache.c:181  UCX  WARN  cuMemUnmap( (CUdeviceptr)region->mapped_addr, region->key.b_len) failed: unrecognized error code 4
[1787714664.031581] [presto-gb200-gcn-04:3451254:0]  cuda_ipc_cache.c:181  UCX  WARN  cuMemUnmap( (CUdeviceptr)region->mapped_addr, region->key.b_len) failed: unrecognized error code 4
[1787714664.031582] [presto-gb200-gcn-04:3451254:0]  cuda_ipc_cache.c:181  UCX  WARN  cuMemUnmap( (CUdeviceptr)region->mapped_addr, region->key.b_len) failed: unrecognized error code 4
[1787714664.031583] [presto-gb200-gcn-04:3451254:0]  cuda_ipc_cache.c:181  UCX  WARN  cuMemUnmap( (CUdeviceptr)region->mapped_addr, region->key.b_len) failed: unrecognized error code 4
[1787714664.031584] [presto-gb200-gcn-04:3451254:0]  cuda_ipc_cache.c:181  UCX  WARN  cuMemUnmap( (CUdeviceptr)region->mapped_addr, region->key.b_len) failed: unrecognized error code 4
[1787714664.031598] [presto-gb200-gcn-04:3451254:0]  cuda_ipc_cache.c:181  UCX  WARN  cuMemUnmap( (CUdeviceptr)region->mapped_addr, region->key.b_len) failed: unrecognized error code 4
[1787714664.031599] [presto-gb200-gcn-04:3451254:0]  cuda_ipc_cache.c:181  UCX  WARN  cuMemUnmap( (CUdeviceptr)region->mapped_addr, region->key.b_len) failed: unrecognized error code 4
[1787714664.031600] [presto-gb200-gcn-04:3451254:0]  cuda_ipc_cache.c:181  UCX  WARN  cuMemUnmap( (CUdeviceptr)region->mapped_addr, region->key.b_len) failed: unrecognized error code 4
[1787714664.031602] [presto-gb200-gcn-04:3451254:0]  cuda_ipc_cache.c:181  UCX  WARN  cuMemUnmap( (CUdeviceptr)region->mapped_addr, region->key.b_len) failed: unrecognized error code 4
[1787714664.031603] [presto-gb200-gcn-04:3451254:0]  cuda_ipc_cache.c:181  UCX  WARN  cuMemUnmap( (CUdeviceptr)region->mapped_addr, region->key.b_len) failed: unrecognized error code 4
[1787714664.031604] [presto-gb200-gcn-04:3451254:0]  cuda_ipc_cache.c:181  UCX  WARN  cuMemUnmap( (CUdeviceptr)region->mapped_addr, region->key.b_len) failed: unrecognized error code 4
[1787714664.031605] [presto-gb200-gcn-04:3451254:0]  cuda_ipc_cache.c:181  UCX  WARN  cuMemUnmap( (CUdeviceptr)region->mapped_addr, region->key.b_len) failed: unrecognized error code 4
[1787714664.031606] [presto-gb200-gcn-04:3451254:0]  cuda_ipc_cache.c:181  UCX  WARN  cuMemUnmap( (CUdeviceptr)region->mapped_addr, region->key.b_len) failed: unrecognized error code 4
[1787714664.031607] [presto-gb200-gcn-04:3451254:0]  cuda_ipc_cache.c:181  UCX  WARN  cuMemUnmap( (CUdeviceptr)region->mapped_addr, region->key.b_len) failed: unrecognized error code 4
[1787714664.031609] [presto-gb200-gcn-04:3451254:0]  cuda_ipc_cache.c:181  UCX  WARN  cuMemUnmap( (CUdeviceptr)region->mapped_addr, region->key.b_len) failed: unrecognized error code 4
[1787714664.031610] [presto-gb200-gcn-04:3451254:0]  cuda_ipc_cache.c:181  UCX  WARN  cuMemUnmap( (CUdeviceptr)region->mapped_addr, region->key.b_len) failed: unrecognized error code 4
[1787714664.031611] [presto-gb200-gcn-04:3451254:0]  cuda_ipc_cache.c:181  UCX  WARN  cuMemUnmap( (CUdeviceptr)region->mapped_addr, region->key.b_len) failed: unrecognized error code 4
[1787714664.031612] [presto-gb200-gcn-04:3451254:0]  cuda_ipc_cache.c:181  UCX  WARN  cuMemUnmap( (CUdeviceptr)region->mapped_addr, region->key.b_len) failed: unrecognized error code 4
[1787714664.031613] [presto-gb200-gcn-04:3451254:0]        cuda_ctx.c:23   UCX  ERROR cuDevicePrimaryCtxGetState(cuda_device, &flags, &active) failed: unrecognized error code 4
[1787714664.031638] [presto-gb200-gcn-04:3451254:0]  cuda_ipc_cache.c:181  UCX  WARN  cuMemUnmap( (CUdeviceptr)region->mapped_addr, region->key.b_len) failed: unrecognized error code 4
[1787714664.031639] [presto-gb200-gcn-04:3451254:0]  cuda_ipc_cache.c:181  UCX  WARN  cuMemUnmap( (CUdeviceptr)region->mapped_addr, region->key.b_len) failed: unrecognized error code 4
[1787714664.031640] [presto-gb200-gcn-04:3451254:0]  cuda_ipc_cache.c:181  UCX  WARN  cuMemUnmap( (CUdeviceptr)region->mapped_addr, region->key.b_len) failed: unrecognized error code 4
[1787714664.031641] [presto-gb200-gcn-04:3451254:0]  cuda_ipc_cache.c:181  UCX  WARN  cuMemUnmap( (CUdeviceptr)region->mapped_addr, region->key.b_len) failed: unrecognized error code 4
[1787714664.031642] [presto-gb200-gcn-04:3451254:0]  cuda_ipc_cache.c:181  UCX  WARN  cuMemUnmap( (CUdeviceptr)region->mapped_addr, region->key.b_len) failed: unrecognized error code 4
[1787714664.031644] [presto-gb200-gcn-04:3451254:0]  cuda_ipc_cache.c:181  UCX  WARN  cuMemUnmap( (CUdeviceptr)region->mapped_addr, region->key.b_len) failed: unrecognized error code 4
[1787714664.031645] [presto-gb200-gcn-04:3451254:0]  cuda_ipc_cache.c:181  UCX  WARN  cuMemUnmap( (CUdeviceptr)region->mapped_addr, region->key.b_len) failed: unrecognized error code 4
[1787714664.031646] [presto-gb200-gcn-04:3451254:0]  cuda_ipc_cache.c:181  UCX  WARN  cuMemUnmap( (CUdeviceptr)region->mapped_addr, region->key.b_len) failed: unrecognized error code 4
[1787714664.031647] [presto-gb200-gcn-04:3451254:0]  cuda_ipc_cache.c:181  UCX  WARN  cuMemUnmap( (CUdeviceptr)region->mapped_addr, region->key.b_len) failed: unrecognized error code 4
[1787714664.031648] [presto-gb200-gcn-04:3451254:0]  cuda_ipc_cache.c:181  UCX  WARN  cuMemUnmap( (CUdeviceptr)region->mapped_addr, region->key.b_len) failed: unrecognized error code 4
[1787714664.031650] [presto-gb200-gcn-04:3451254:0]  cuda_ipc_cache.c:181  UCX  WARN  cuMemUnmap( (CUdeviceptr)region->mapped_addr, region->key.b_len) failed: unrecognized error code 4
[1787714664.031651] [presto-gb200-gcn-04:3451254:0]  cuda_ipc_cache.c:181  UCX  WARN  cuMemUnmap( (CUdeviceptr)region->mapped_addr, region->key.b_len) failed: unrecognized error code 4
[1787714664.031652] [presto-gb200-gcn-04:3451254:0]  cuda_ipc_cache.c:181  UCX  WARN  cuMemUnmap( (CUdeviceptr)region->mapped_addr, region->key.b_len) failed: unrecognized error code 4
[1787714664.031653] [presto-gb200-gcn-04:3451254:0]  cuda_ipc_cache.c:181  UCX  WARN  cuMemUnmap( (CUdeviceptr)region->mapped_addr, region->key.b_len) failed: unrecognized error code 4
[1787714664.031654] [presto-gb200-gcn-04:3451254:0]  cuda_ipc_cache.c:181  UCX  WARN  cuMemUnmap( (CUdeviceptr)region->mapped_addr, region->key.b_len) failed: unrecognized error code 4
[1787714664.031655] [presto-gb200-gcn-04:3451254:0]  cuda_ipc_cache.c:181  UCX  WARN  cuMemUnmap( (CUdeviceptr)region->mapped_addr, region->key.b_len) failed: unrecognized error code 4
[1787714664.031656] [presto-gb200-gcn-04:3451254:0]  cuda_ipc_cache.c:181  UCX  WARN  cuMemUnmap( (CUdeviceptr)region->mapped_addr, region->key.b_len) failed: unrecognized error code 4
[1787714664.031657] [presto-gb200-gcn-04:3451254:0]  cuda_ipc_cache.c:181  UCX  WARN  cuMemUnmap( (CUdeviceptr)region->mapped_addr, region->key.b_len) failed: unrecognized error code 4
[1787714664.031658] [presto-gb200-gcn-04:3451254:0]  cuda_ipc_cache.c:181  UCX  WARN  cuMemUnmap( (CUdeviceptr)region->mapped_addr, region->key.b_len) failed: unrecognized error code 4
[1787714664.031659] [presto-gb200-gcn-04:3451254:0]  cuda_ipc_cache.c:181  UCX  WARN  cuMemUnmap( (CUdeviceptr)region->mapped_addr, region->key.b_len) failed: unrecognized error code 4
[1787714664.031660] [presto-gb200-gcn-04:3451254:0]  cuda_ipc_cache.c:181  UCX  WARN  cuMemUnmap( (CUdeviceptr)region->mapped_addr, region->key.b_len) failed: unrecognized error code 4
[1787714664.031662] [presto-gb200-gcn-04:3451254:0]  cuda_ipc_cache.c:181  UCX  WARN  cuMemUnmap( (CUdeviceptr)region->mapped_addr, region->key.b_len) failed: unrecognized error code 4
[1787714664.031663] [presto-gb200-gcn-04:3451254:0]  cuda_ipc_cache.c:181  UCX  WARN  cuMemUnmap( (CUdeviceptr)region->mapped_addr, region->key.b_len) failed: unrecognized error code 4
[1787714664.031664] [presto-gb200-gcn-04:3451254:0]  cuda_ipc_cache.c:181  UCX  WARN  cuMemUnmap( (CUdeviceptr)region->mapped_addr, region->key.b_len) failed: unrecognized error code 4
[1787714664.031665] [presto-gb200-gcn-04:3451254:0]  cuda_ipc_cache.c:181  UCX  WARN  cuMemUnmap( (CUdeviceptr)region->mapped_addr, region->key.b_len) failed: unrecognized error code 4
[1787714664.031666] [presto-gb200-gcn-04:3451254:0]  cuda_ipc_cache.c:181  UCX  WARN  cuMemUnmap( (CUdeviceptr)region->mapped_addr, region->key.b_len) failed: unrecognized error code 4
[1787714664.031667] [presto-gb200-gcn-04:3451254:0]  cuda_ipc_cache.c:181  UCX  WARN  cuMemUnmap( (CUdeviceptr)region->mapped_addr, region->key.b_len) failed: unrecognized error code 4
[1787714664.031669] [presto-gb200-gcn-04:3451254:0]  cuda_ipc_cache.c:181  UCX  WARN  cuMemUnmap( (CUdeviceptr)region->mapped_addr, region->key.b_len) failed: unrecognized error code 4
[1787714664.031670] [presto-gb200-gcn-04:3451254:0]  cuda_ipc_cache.c:181  UCX  WARN  cuMemUnmap( (CUdeviceptr)region->mapped_addr, region->key.b_len) failed: unrecognized error code 4
[1787714664.031671] [presto-gb200-gcn-04:3451254:0]  cuda_ipc_cache.c:181  UCX  WARN  cuMemUnmap( (CUdeviceptr)region->mapped_addr, region->key.b_len) failed: unrecognized error code 4
[1787714664.031672] [presto-gb200-gcn-04:3451254:0]  cuda_ipc_cache.c:181  UCX  WARN  cuMemUnmap( (CUdeviceptr)region->mapped_addr, region->key.b_len) failed: unrecognized error code 4
[1787714664.031673] [presto-gb200-gcn-04:3451254:0]  cuda_ipc_cache.c:181  UCX  WARN  cuMemUnmap( (CUdeviceptr)region->mapped_addr, region->key.b_len) failed: unrecognized error code 4
[1787714664.031674] [presto-gb200-gcn-04:3451254:0]  cuda_ipc_cache.c:181  UCX  WARN  cuMemUnmap( (CUdeviceptr)region->mapped_addr, region->key.b_len) failed: unrecognized error code 4
[1787714664.031675] [presto-gb200-gcn-04:3451254:0]  cuda_ipc_cache.c:181  UCX  WARN  cuMemUnmap( (CUdeviceptr)region->mapped_addr, region->key.b_len) failed: unrecognized error code 4
[1787714664.031676] [presto-gb200-gcn-04:3451254:0]  cuda_ipc_cache.c:181  UCX  WARN  cuMemUnmap( (CUdeviceptr)region->mapped_addr, region->key.b_len) failed: unrecognized error code 4
[1787714664.031677] [presto-gb200-gcn-04:3451254:0]  cuda_ipc_cache.c:181  UCX  WARN  cuMemUnmap( (CUdeviceptr)region->mapped_addr, region->key.b_len) failed: unrecognized error code 4
[1787714664.031679] [presto-gb200-gcn-04:3451254:0]  cuda_ipc_cache.c:181  UCX  WARN  cuMemUnmap( (CUdeviceptr)region->mapped_addr, region->key.b_len) failed: unrecognized error code 4
[1787714664.031680] [presto-gb200-gcn-04:3451254:0]  cuda_ipc_cache.c:181  UCX  WARN  cuMemUnmap( (CUdeviceptr)region->mapped_addr, region->key.b_len) failed: unrecognized error code 4
[1787714664.031681] [presto-gb200-gcn-04:3451254:0]  cuda_ipc_cache.c:181  UCX  WARN  cuMemUnmap( (CUdeviceptr)region->mapped_addr, region->key.b_len) failed: unrecognized error code 4
[1787714664.031682] [presto-gb200-gcn-04:3451254:0]  cuda_ipc_cache.c:181  UCX  WARN  cuMemUnmap( (CUdeviceptr)region->mapped_addr, region->key.b_len) failed: unrecognized error code 4
[1787714664.031683] [presto-gb200-gcn-04:3451254:0]  cuda_ipc_cache.c:181  UCX  WARN  cuMemUnmap( (CUdeviceptr)region->mapped_addr, region->key.b_len) failed: unrecognized error code 4
[1787714664.031684] [presto-gb200-gcn-04:3451254:0]  cuda_ipc_cache.c:181  UCX  WARN  cuMemUnmap( (CUdeviceptr)region->mapped_addr, region->key.b_len) failed: unrecognized error code 4
[1787714664.031685] [presto-gb200-gcn-04:3451254:0]  cuda_ipc_cache.c:181  UCX  WARN  cuMemUnmap( (CUdeviceptr)region->mapped_addr, region->key.b_len) failed: unrecognized error code 4
[1787714664.031686] [presto-gb200-gcn-04:3451254:0]  cuda_ipc_cache.c:181  UCX  WARN  cuMemUnmap( (CUdeviceptr)region->mapped_addr, region->key.b_len) failed: unrecognized error code 4
[1787714664.031687] [presto-gb200-gcn-04:3451254:0]  cuda_ipc_cache.c:181  UCX  WARN  cuMemUnmap( (CUdeviceptr)region->mapped_addr, region->key.b_len) failed: unrecognized error code 4
[1787714664.031696] [presto-gb200-gcn-04:3451254:0]  cuda_ipc_cache.c:181  UCX  WARN  cuMemUnmap( (CUdeviceptr)region->mapped_addr, region->key.b_len) failed: unrecognized error code 4
[1787714664.031697] [presto-gb200-gcn-04:3451254:0]  cuda_ipc_cache.c:181  UCX  WARN  cuMemUnmap( (CUdeviceptr)region->mapped_addr, region->key.b_len) failed: unrecognized error code 4
[1787714664.031698] [presto-gb200-gcn-04:3451254:0]  cuda_ipc_cache.c:181  UCX  WARN  cuMemUnmap( (CUdeviceptr)region->mapped_addr, region->key.b_len) failed: unrecognized error code 4
[1787714664.031700] [presto-gb200-gcn-04:3451254:0]  cuda_ipc_cache.c:181  UCX  WARN  cuMemUnmap( (CUdeviceptr)region->mapped_addr, region->key.b_len) failed: unrecognized error code 4
[1787714664.031701] [presto-gb200-gcn-04:3451254:0]  cuda_ipc_cache.c:181  UCX  WARN  cuMemUnmap( (CUdeviceptr)region->mapped_addr, region->key.b_len) failed: unrecognized error code 4
[1787714664.031702] [presto-gb200-gcn-04:3451254:0]  cuda_ipc_cache.c:181  UCX  WARN  cuMemUnmap( (CUdeviceptr)region->mapped_addr, region->key.b_len) failed: unrecognized error code 4
[1787714664.031703] [presto-gb200-gcn-04:3451254:0]  cuda_ipc_cache.c:181  UCX  WARN  cuMemUnmap( (CUdeviceptr)region->mapped_addr, region->key.b_len) failed: unrecognized error code 4
[1787714664.031704] [presto-gb200-gcn-04:3451254:0]  cuda_ipc_cache.c:181  UCX  WARN  cuMemUnmap( (CUdeviceptr)region->mapped_addr, region->key.b_len) failed: unrecognized error code 4
[1787714664.031705] [presto-gb200-gcn-04:3451254:0]  cuda_ipc_cache.c:181  UCX  WARN  cuMemUnmap( (CUdeviceptr)region->mapped_addr, region->key.b_len) failed: unrecognized error code 4
[1787714664.031707] [presto-gb200-gcn-04:3451254:0]  cuda_ipc_cache.c:181  UCX  WARN  cuMemUnmap( (CUdeviceptr)region->mapped_addr, region->key.b_len) failed: unrecognized error code 4
[1787714664.031708] [presto-gb200-gcn-04:3451254:0]  cuda_ipc_cache.c:181  UCX  WARN  cuMemUnmap( (CUdeviceptr)region->mapped_addr, region->key.b_len) failed: unrecognized error code 4
[1787714664.031709] [presto-gb200-gcn-04:3451254:0]  cuda_ipc_cache.c:181  UCX  WARN  cuMemUnmap( (CUdeviceptr)region->mapped_addr, region->key.b_len) failed: unrecognized error code 4
[1787714664.031710] [presto-gb200-gcn-04:3451254:0]  cuda_ipc_cache.c:181  UCX  WARN  cuMemUnmap( (CUdeviceptr)region->mapped_addr, region->key.b_len) failed: unrecognized error code 4
[1787714664.031711] [presto-gb200-gcn-04:3451254:0]  cuda_ipc_cache.c:181  UCX  WARN  cuMemUnmap( (CUdeviceptr)region->mapped_addr, region->key.b_len) failed: unrecognized error code 4
[1787714664.031712] [presto-gb200-gcn-04:3451254:0]  cuda_ipc_cache.c:181  UCX  WARN  cuMemUnmap( (CUdeviceptr)region->mapped_addr, region->key.b_len) failed: unrecognized error code 4
[1787714664.031714] [presto-gb200-gcn-04:3451254:0]  cuda_ipc_cache.c:181  UCX  WARN  cuMemUnmap( (CUdeviceptr)region->mapped_addr, region->key.b_len) failed: unrecognized error code 4
[1787714664.031715] [presto-gb200-gcn-04:3451254:0]  cuda_ipc_cache.c:181  UCX  WARN  cuMemUnmap( (CUdeviceptr)region->mapped_addr, region->key.b_len) failed: unrecognized error code 4
[1787714664.031716] [presto-gb200-gcn-04:3451254:0]        cuda_ctx.c:23   UCX  ERROR cuDevicePrimaryCtxGetState(cuda_device, &flags, &active) failed: unrecognized error code 4
[1787714664.031759] [presto-gb200-gcn-04:3451254:0]  cuda_ipc_cache.c:181  UCX  WARN  cuMemUnmap( (CUdeviceptr)region->mapped_addr, region->key.b_len) failed: unrecognized error code 4
[1787714664.031760] [presto-gb200-gcn-04:3451254:0]  cuda_ipc_cache.c:181  UCX  WARN  cuMemUnmap( (CUdeviceptr)region->mapped_addr, region->key.b_len) failed: unrecognized error code 4
[1787714664.031761] [presto-gb200-gcn-04:3451254:0]  cuda_ipc_cache.c:181  UCX  WARN  cuMemUnmap( (CUdeviceptr)region->mapped_addr, region->key.b_len) failed: unrecognized error code 4
[1787714664.031763] [presto-gb200-gcn-04:3451254:0]  cuda_ipc_cache.c:181  UCX  WARN  cuMemUnmap( (CUdeviceptr)region->mapped_addr, region->key.b_len) failed: unrecognized error code 4
[1787714664.031764] [presto-gb200-gcn-04:3451254:0]  cuda_ipc_cache.c:181  UCX  WARN  cuMemUnmap( (CUdeviceptr)region->mapped_addr, region->key.b_len) failed: unrecognized error code 4
[1787714664.031765] [presto-gb200-gcn-04:3451254:0]  cuda_ipc_cache.c:181  UCX  WARN  cuMemUnmap( (CUdeviceptr)region->mapped_addr, region->key.b_len) failed: unrecognized error code 4
[1787714664.031766] [presto-gb200-gcn-04:3451254:0]  cuda_ipc_cache.c:181  UCX  WARN  cuMemUnmap( (CUdeviceptr)region->mapped_addr, region->key.b_len) failed: unrecognized error code 4
[1787714664.031768] [presto-gb200-gcn-04:3451254:0]  cuda_ipc_cache.c:181  UCX  WARN  cuMemUnmap( (CUdeviceptr)region->mapped_addr, region->key.b_len) failed: unrecognized error code 4
[1787714664.031769] [presto-gb200-gcn-04:3451254:0]  cuda_ipc_cache.c:181  UCX  WARN  cuMemUnmap( (CUdeviceptr)region->mapped_addr, region->key.b_len) failed: unrecognized error code 4
[1787714664.031769] [presto-gb200-gcn-04:3451254:0]  cuda_ipc_cache.c:181  UCX  WARN  cuMemUnmap( (CUdeviceptr)region->mapped_addr, region->key.b_len) failed: unrecognized error code 4
[1787714664.031771] [presto-gb200-gcn-04:3451254:0]  cuda_ipc_cache.c:181  UCX  WARN  cuMemUnmap( (CUdeviceptr)region->mapped_addr, region->key.b_len) failed: unrecognized error code 4
[1787714664.031772] [presto-gb200-gcn-04:3451254:0]  cuda_ipc_cache.c:181  UCX  WARN  cuMemUnmap( (CUdeviceptr)region->mapped_addr, region->key.b_len) failed: unrecognized error code 4
[1787714664.031773] [presto-gb200-gcn-04:3451254:0]  cuda_ipc_cache.c:181  UCX  WARN  cuMemUnmap( (CUdeviceptr)region->mapped_addr, region->key.b_len) failed: unrecognized error code 4
[1787714664.031774] [presto-gb200-gcn-04:3451254:0]  cuda_ipc_cache.c:181  UCX  WARN  cuMemUnmap( (CUdeviceptr)region->mapped_addr, region->key.b_len) failed: unrecognized error code 4
[1787714664.031775] [presto-gb200-gcn-04:3451254:0]  cuda_ipc_cache.c:181  UCX  WARN  cuMemUnmap( (CUdeviceptr)region->mapped_addr, region->key.b_len) failed: unrecognized error code 4
[1787714664.031776] [presto-gb200-gcn-04:3451254:0]  cuda_ipc_cache.c:181  UCX  WARN  cuMemUnmap( (CUdeviceptr)region->mapped_addr, region->key.b_len) failed: unrecognized error code 4
[1787714664.031777] [presto-gb200-gcn-04:3451254:0]  cuda_ipc_cache.c:181  UCX  WARN  cuMemUnmap( (CUdeviceptr)region->mapped_addr, region->key.b_len) failed: unrecognized error code 4
[1787714664.031778] [presto-gb200-gcn-04:3451254:0]  cuda_ipc_cache.c:181  UCX  WARN  cuMemUnmap( (CUdeviceptr)region->mapped_addr, region->key.b_len) failed: unrecognized error code 4
[1787714664.031779] [presto-gb200-gcn-04:3451254:0]  cuda_ipc_cache.c:181  UCX  WARN  cuMemUnmap( (CUdeviceptr)region->mapped_addr, region->key.b_len) failed: unrecognized error code 4
[1787714664.031780] [presto-gb200-gcn-04:3451254:0]  cuda_ipc_cache.c:181  UCX  WARN  cuMemUnmap( (CUdeviceptr)region->mapped_addr, region->key.b_len) failed: unrecognized error code 4
[1787714664.031781] [presto-gb200-gcn-04:3451254:0]  cuda_ipc_cache.c:181  UCX  WARN  cuMemUnmap( (CUdeviceptr)region->mapped_addr, region->key.b_len) failed: unrecognized error code 4
[1787714664.031783] [presto-gb200-gcn-04:3451254:0]  cuda_ipc_cache.c:181  UCX  WARN  cuMemUnmap( (CUdeviceptr)region->mapped_addr, region->key.b_len) failed: unrecognized error code 4
[1787714664.031784] [presto-gb200-gcn-04:3451254:0]  cuda_ipc_cache.c:181  UCX  WARN  cuMemUnmap( (CUdeviceptr)region->mapped_addr, region->key.b_len) failed: unrecognized error code 4
[1787714664.031785] [presto-gb200-gcn-04:3451254:0]  cuda_ipc_cache.c:181  UCX  WARN  cuMemUnmap( (CUdeviceptr)region->mapped_addr, region->key.b_len) failed: unrecognized error code 4
[1787714664.031786] [presto-gb200-gcn-04:3451254:0]  cuda_ipc_cache.c:181  UCX  WARN  cuMemUnmap( (CUdeviceptr)region->mapped_addr, region->key.b_len) failed: unrecognized error code 4
[1787714664.031788] [presto-gb200-gcn-04:3451254:0]  cuda_ipc_cache.c:181  UCX  WARN  cuMemUnmap( (CUdeviceptr)region->mapped_addr, region->key.b_len) failed: unrecognized error code 4
[1787714664.031789] [presto-gb200-gcn-04:3451254:0]  cuda_ipc_cache.c:181  UCX  WARN  cuMemUnmap( (CUdeviceptr)region->mapped_addr, region->key.b_len) failed: unrecognized error code 4
[1787714664.031790] [presto-gb200-gcn-04:3451254:0]  cuda_ipc_cache.c:181  UCX  WARN  cuMemUnmap( (CUdeviceptr)region->mapped_addr, region->key.b_len) failed: unrecognized error code 4
[1787714664.031791] [presto-gb200-gcn-04:3451254:0]  cuda_ipc_cache.c:181  UCX  WARN  cuMemUnmap( (CUdeviceptr)region->mapped_addr, region->key.b_len) failed: unrecognized error code 4
[1787714664.031793] [presto-gb200-gcn-04:3451254:0]  cuda_ipc_cache.c:181  UCX  WARN  cuMemUnmap( (CUdeviceptr)region->mapped_addr, region->key.b_len) failed: unrecognized error code 4
[1787714664.031794] [presto-gb200-gcn-04:3451254:0]  cuda_ipc_cache.c:181  UCX  WARN  cuMemUnmap( (CUdeviceptr)region->mapped_addr, region->key.b_len) failed: unrecognized error code 4
[1787714664.031795] [presto-gb200-gcn-04:3451254:0]  cuda_ipc_cache.c:181  UCX  WARN  cuMemUnmap( (CUdeviceptr)region->mapped_addr, region->key.b_len) failed: unrecognized error code 4
[1787714664.031796] [presto-gb200-gcn-04:3451254:0]  cuda_ipc_cache.c:181  UCX  WARN  cuMemUnmap( (CUdeviceptr)region->mapped_addr, region->key.b_len) failed: unrecognized error code 4
[1787714664.031797] [presto-gb200-gcn-04:3451254:0]  cuda_ipc_cache.c:181  UCX  WARN  cuMemUnmap( (CUdeviceptr)region->mapped_addr, region->key.b_len) failed: unrecognized error code 4
[1787714664.031798] [presto-gb200-gcn-04:3451254:0]  cuda_ipc_cache.c:181  UCX  WARN  cuMemUnmap( (CUdeviceptr)region->mapped_addr, region->key.b_len) failed: unrecognized error code 4
[1787714664.031800] [presto-gb200-gcn-04:3451254:0]  cuda_ipc_cache.c:181  UCX  WARN  cuMemUnmap( (CUdeviceptr)region->mapped_addr, region->key.b_len) failed: unrecognized error code 4
[1787714664.031801] [presto-gb200-gcn-04:3451254:0]  cuda_ipc_cache.c:181  UCX  WARN  cuMemUnmap( (CUdeviceptr)region->mapped_addr, region->key.b_len) failed: unrecognized error code 4
[1787714664.031802] [presto-gb200-gcn-04:3451254:0]  cuda_ipc_cache.c:181  UCX  WARN  cuMemUnmap( (CUdeviceptr)region->mapped_addr, region->key.b_len) failed: unrecognized error code 4
[1787714664.031803] [presto-gb200-gcn-04:3451254:0]  cuda_ipc_cache.c:181  UCX  WARN  cuMemUnmap( (CUdeviceptr)region->mapped_addr, region->key.b_len) failed: unrecognized error code 4
[1787714664.031804] [presto-gb200-gcn-04:3451254:0]  cuda_ipc_cache.c:181  UCX  WARN  cuMemUnmap( (CUdeviceptr)region->mapped_addr, region->key.b_len) failed: unrecognized error code 4
[1787714664.031805] [presto-gb200-gcn-04:3451254:0]  cuda_ipc_cache.c:181  UCX  WARN  cuMemUnmap( (CUdeviceptr)region->mapped_addr, region->key.b_len) failed: unrecognized error code 4
[1787714664.031806] [presto-gb200-gcn-04:3451254:0]  cuda_ipc_cache.c:181  UCX  WARN  cuMemUnmap( (CUdeviceptr)region->mapped_addr, region->key.b_len) failed: unrecognized error code 4
[1787714664.031808] [presto-gb200-gcn-04:3451254:0]  cuda_ipc_cache.c:181  UCX  WARN  cuMemUnmap( (CUdeviceptr)region->mapped_addr, region->key.b_len) failed: unrecognized error code 4
[1787714664.031809] [presto-gb200-gcn-04:3451254:0]  cuda_ipc_cache.c:181  UCX  WARN  cuMemUnmap( (CUdeviceptr)region->mapped_addr, region->key.b_len) failed: unrecognized error code 4
[1787714664.031810] [presto-gb200-gcn-04:3451254:0]  cuda_ipc_cache.c:181  UCX  WARN  cuMemUnmap( (CUdeviceptr)region->mapped_addr, region->key.b_len) failed: unrecognized error code 4
[1787714664.031818] [presto-gb200-gcn-04:3451254:0]  cuda_ipc_cache.c:181  UCX  WARN  cuMemUnmap( (CUdeviceptr)region->mapped_addr, region->key.b_len) failed: unrecognized error code 4
[1787714664.031819] [presto-gb200-gcn-04:3451254:0]  cuda_ipc_cache.c:181  UCX  WARN  cuMemUnmap( (CUdeviceptr)region->mapped_addr, region->key.b_len) failed: unrecognized error code 4
[1787714664.031821] [presto-gb200-gcn-04:3451254:0]  cuda_ipc_cache.c:181  UCX  WARN  cuMemUnmap( (CUdeviceptr)region->mapped_addr, region->key.b_len) failed: unrecognized error code 4
[1787714664.031822] [presto-gb200-gcn-04:3451254:0]  cuda_ipc_cache.c:181  UCX  WARN  cuMemUnmap( (CUdeviceptr)region->mapped_addr, region->key.b_len) failed: unrecognized error code 4
[1787714664.031823] [presto-gb200-gcn-04:3451254:0]  cuda_ipc_cache.c:181  UCX  WARN  cuMemUnmap( (CUdeviceptr)region->mapped_addr, region->key.b_len) failed: unrecognized error code 4
[1787714664.031824] [presto-gb200-gcn-04:3451254:0]  cuda_ipc_cache.c:181  UCX  WARN  cuMemUnmap( (CUdeviceptr)region->mapped_addr, region->key.b_len) failed: unrecognized error code 4
[1787714664.031825] [presto-gb200-gcn-04:3451254:0]  cuda_ipc_cache.c:181  UCX  WARN  cuMemUnmap( (CUdeviceptr)region->mapped_addr, region->key.b_len) failed: unrecognized error code 4
[1787714664.031826] [presto-gb200-gcn-04:3451254:0]  cuda_ipc_cache.c:181  UCX  WARN  cuMemUnmap( (CUdeviceptr)region->mapped_addr, region->key.b_len) failed: unrecognized error code 4
[1787714664.031827] [presto-gb200-gcn-04:3451254:0]  cuda_ipc_cache.c:181  UCX  WARN  cuMemUnmap( (CUdeviceptr)region->mapped_addr, region->key.b_len) failed: unrecognized error code 4
[1787714664.031829] [presto-gb200-gcn-04:3451254:0]  cuda_ipc_cache.c:181  UCX  WARN  cuMemUnmap( (CUdeviceptr)region->mapped_addr, region->key.b_len) failed: unrecognized error code 4
[1787714664.031830] [presto-gb200-gcn-04:3451254:0]  cuda_ipc_cache.c:181  UCX  WARN  cuMemUnmap( (CUdeviceptr)region->mapped_addr, region->key.b_len) failed: unrecognized error code 4
[1787714664.031831] [presto-gb200-gcn-04:3451254:0]  cuda_ipc_cache.c:181  UCX  WARN  cuMemUnmap( (CUdeviceptr)region->mapped_addr, region->key.b_len) failed: unrecognized error code 4
[1787714664.031832] [presto-gb200-gcn-04:3451254:0]  cuda_ipc_cache.c:181  UCX  WARN  cuMemUnmap( (CUdeviceptr)region->mapped_addr, region->key.b_len) failed: unrecognized error code 4
[1787714664.031834] [presto-gb200-gcn-04:3451254:0]  cuda_ipc_cache.c:181  UCX  WARN  cuMemUnmap( (CUdeviceptr)region->mapped_addr, region->key.b_len) failed: unrecognized error code 4
[1787714664.031835] [presto-gb200-gcn-04:3451254:0]  cuda_ipc_cache.c:181  UCX  WARN  cuMemUnmap( (CUdeviceptr)region->mapped_addr, region->key.b_len) failed: unrecognized error code 4
[1787714664.031836] [presto-gb200-gcn-04:3451254:0]  cuda_ipc_cache.c:181  UCX  WARN  cuMemUnmap( (CUdeviceptr)region->mapped_addr, region->key.b_len) failed: unrecognized error code 4
[1787714664.031837] [presto-gb200-gcn-04:3451254:0]  cuda_ipc_cache.c:181  UCX  WARN  cuMemUnmap( (CUdeviceptr)region->mapped_addr, region->key.b_len) failed: unrecognized error code 4
[1787714664.031838] [presto-gb200-gcn-04:3451254:0]        cuda_ctx.c:23   UCX  ERROR cuDevicePrimaryCtxGetState(cuda_device, &flags, &active) failed: unrecognized error code 4
[1787714664.032269] [presto-gb200-gcn-04:3451260:0]  cuda_ipc_cache.c:181  UCX  WARN  cuMemUnmap( (CUdeviceptr)region->mapped_addr, region->key.b_len) failed: unrecognized error code 4
[1787714664.032275] [presto-gb200-gcn-04:3451260:0]  cuda_ipc_cache.c:181  UCX  WARN  cuMemUnmap( (CUdeviceptr)region->mapped_addr, region->key.b_len) failed: unrecognized error code 4
[1787714664.032277] [presto-gb200-gcn-04:3451260:0]  cuda_ipc_cache.c:181  UCX  WARN  cuMemUnmap( (CUdeviceptr)region->mapped_addr, region->key.b_len) failed: unrecognized error code 4
[1787714664.032279] [presto-gb200-gcn-04:3451260:0]  cuda_ipc_cache.c:181  UCX  WARN  cuMemUnmap( (CUdeviceptr)region->mapped_addr, region->key.b_len) failed: unrecognized error code 4
[1787714664.032280] [presto-gb200-gcn-04:3451260:0]  cuda_ipc_cache.c:181  UCX  WARN  cuMemUnmap( (CUdeviceptr)region->mapped_addr, region->key.b_len) failed: unrecognized error code 4
[1787714664.032282] [presto-gb200-gcn-04:3451260:0]  cuda_ipc_cache.c:181  UCX  WARN  cuMemUnmap( (CUdeviceptr)region->mapped_addr, region->key.b_len) failed: unrecognized error code 4
[1787714664.032284] [presto-gb200-gcn-04:3451260:0]  cuda_ipc_cache.c:181  UCX  WARN  cuMemUnmap( (CUdeviceptr)region->mapped_addr, region->key.b_len) failed: unrecognized error code 4
[1787714664.032285] [presto-gb200-gcn-04:3451260:0]  cuda_ipc_cache.c:181  UCX  WARN  cuMemUnmap( (CUdeviceptr)region->mapped_addr, region->key.b_len) failed: unrecognized error code 4
[1787714664.032286] [presto-gb200-gcn-04:3451260:0]  cuda_ipc_cache.c:181  UCX  WARN  cuMemUnmap( (CUdeviceptr)region->mapped_addr, region->key.b_len) failed: unrecognized error code 4
[1787714664.032287] [presto-gb200-gcn-04:3451260:0]  cuda_ipc_cache.c:181  UCX  WARN  cuMemUnmap( (CUdeviceptr)region->mapped_addr, region->key.b_len) failed: unrecognized error code 4
[1787714664.032289] [presto-gb200-gcn-04:3451260:0]  cuda_ipc_cache.c:181  UCX  WARN  cuMemUnmap( (CUdeviceptr)region->mapped_addr, region->key.b_len) failed: unrecognized error code 4
[1787714664.032290] [presto-gb200-gcn-04:3451260:0]  cuda_ipc_cache.c:181  UCX  WARN  cuMemUnmap( (CUdeviceptr)region->mapped_addr, region->key.b_len) failed: unrecognized error code 4
[1787714664.032292] [presto-gb200-gcn-04:3451260:0]  cuda_ipc_cache.c:181  UCX  WARN  cuMemUnmap( (CUdeviceptr)region->mapped_addr, region->key.b_len) failed: unrecognized error code 4
[1787714664.032293] [presto-gb200-gcn-04:3451260:0]  cuda_ipc_cache.c:181  UCX  WARN  cuMemUnmap( (CUdeviceptr)region->mapped_addr, region->key.b_len) failed: unrecognized error code 4
[1787714664.032294] [presto-gb200-gcn-04:3451260:0]  cuda_ipc_cache.c:181  UCX  WARN  cuMemUnmap( (CUdeviceptr)region->mapped_addr, region->key.b_len) failed: unrecognized error code 4
[1787714664.032296] [presto-gb200-gcn-04:3451260:0]  cuda_ipc_cache.c:181  UCX  WARN  cuMemUnmap( (CUdeviceptr)region->mapped_addr, region->key.b_len) failed: unrecognized error code 4
[1787714664.032297] [presto-gb200-gcn-04:3451260:0]  cuda_ipc_cache.c:181  UCX  WARN  cuMemUnmap( (CUdeviceptr)region->mapped_addr, region->key.b_len) failed: unrecognized error code 4
[1787714664.032298] [presto-gb200-gcn-04:3451260:0]  cuda_ipc_cache.c:181  UCX  WARN  cuMemUnmap( (CUdeviceptr)region->mapped_addr, region->key.b_len) failed: unrecognized error code 4
[1787714664.032300] [presto-gb200-gcn-04:3451260:0]  cuda_ipc_cache.c:181  UCX  WARN  cuMemUnmap( (CUdeviceptr)region->mapped_addr, region->key.b_len) failed: unrecognized error code 4
[1787714664.032301] [presto-gb200-gcn-04:3451260:0]  cuda_ipc_cache.c:181  UCX  WARN  cuMemUnmap( (CUdeviceptr)region->mapped_addr, region->key.b_len) failed: unrecognized error code 4
[1787714664.032303] [presto-gb200-gcn-04:3451260:0]  cuda_ipc_cache.c:181  UCX  WARN  cuMemUnmap( (CUdeviceptr)region->mapped_addr, region->key.b_len) failed: unrecognized error code 4
[1787714664.032304] [presto-gb200-gcn-04:3451260:0]  cuda_ipc_cache.c:181  UCX  WARN  cuMemUnmap( (CUdeviceptr)region->mapped_addr, region->key.b_len) failed: unrecognized error code 4
[1787714664.032306] [presto-gb200-gcn-04:3451260:0]  cuda_ipc_cache.c:181  UCX  WARN  cuMemUnmap( (CUdeviceptr)region->mapped_addr, region->key.b_len) failed: unrecognized error code 4
[1787714664.032307] [presto-gb200-gcn-04:3451260:0]  cuda_ipc_cache.c:181  UCX  WARN  cuMemUnmap( (CUdeviceptr)region->mapped_addr, region->key.b_len) failed: unrecognized error code 4
[1787714664.032308] [presto-gb200-gcn-04:3451260:0]  cuda_ipc_cache.c:181  UCX  WARN  cuMemUnmap( (CUdeviceptr)region->mapped_addr, region->key.b_len) failed: unrecognized error code 4
[1787714664.032309] [presto-gb200-gcn-04:3451260:0]  cuda_ipc_cache.c:181  UCX  WARN  cuMemUnmap( (CUdeviceptr)region->mapped_addr, region->key.b_len) failed: unrecognized error code 4
[1787714664.032311] [presto-gb200-gcn-04:3451260:0]  cuda_ipc_cache.c:181  UCX  WARN  cuMemUnmap( (CUdeviceptr)region->mapped_addr, region->key.b_len) failed: unrecognized error code 4
[1787714664.032312] [presto-gb200-gcn-04:3451260:0]  cuda_ipc_cache.c:181  UCX  WARN  cuMemUnmap( (CUdeviceptr)region->mapped_addr, region->key.b_len) failed: unrecognized error code 4
[1787714664.032313] [presto-gb200-gcn-04:3451260:0]  cuda_ipc_cache.c:181  UCX  WARN  cuMemUnmap( (CUdeviceptr)region->mapped_addr, region->key.b_len) failed: unrecognized error code 4
[1787714664.032314] [presto-gb200-gcn-04:3451260:0]  cuda_ipc_cache.c:181  UCX  WARN  cuMemUnmap( (CUdeviceptr)region->mapped_addr, region->key.b_len) failed: unrecognized error code 4
[1787714664.032316] [presto-gb200-gcn-04:3451260:0]  cuda_ipc_cache.c:181  UCX  WARN  cuMemUnmap( (CUdeviceptr)region->mapped_addr, region->key.b_len) failed: unrecognized error code 4
[1787714664.032318] [presto-gb200-gcn-04:3451260:0]  cuda_ipc_cache.c:181  UCX  WARN  cuMemUnmap( (CUdeviceptr)region->mapped_addr, region->key.b_len) failed: unrecognized error code 4
[1787714664.032319] [presto-gb200-gcn-04:3451260:0]  cuda_ipc_cache.c:181  UCX  WARN  cuMemUnmap( (CUdeviceptr)region->mapped_addr, region->key.b_len) failed: unrecognized error code 4
[1787714664.032320] [presto-gb200-gcn-04:3451260:0]  cuda_ipc_cache.c:181  UCX  WARN  cuMemUnmap( (CUdeviceptr)region->mapped_addr, region->key.b_len) failed: unrecognized error code 4
[1787714664.032321] [presto-gb200-gcn-04:3451260:0]  cuda_ipc_cache.c:181  UCX  WARN  cuMemUnmap( (CUdeviceptr)region->mapped_addr, region->key.b_len) failed: unrecognized error code 4
[1787714664.032322] [presto-gb200-gcn-04:3451260:0]  cuda_ipc_cache.c:181  UCX  WARN  cuMemUnmap( (CUdeviceptr)region->mapped_addr, region->key.b_len) failed: unrecognized error code 4
[1787714664.032324] [presto-gb200-gcn-04:3451260:0]  cuda_ipc_cache.c:181  UCX  WARN  cuMemUnmap( (CUdeviceptr)region->mapped_addr, region->key.b_len) failed: unrecognized error code 4
[1787714664.032325] [presto-gb200-gcn-04:3451260:0]  cuda_ipc_cache.c:181  UCX  WARN  cuMemUnmap( (CUdeviceptr)region->mapped_addr, region->key.b_len) failed: unrecognized error code 4
[1787714664.032327] [presto-gb200-gcn-04:3451260:0]  cuda_ipc_cache.c:181  UCX  WARN  cuMemUnmap( (CUdeviceptr)region->mapped_addr, region->key.b_len) failed: unrecognized error code 4
[1787714664.032328] [presto-gb200-gcn-04:3451260:0]  cuda_ipc_cache.c:181  UCX  WARN  cuMemUnmap( (CUdeviceptr)region->mapped_addr, region->key.b_len) failed: unrecognized error code 4
[1787714664.032329] [presto-gb200-gcn-04:3451260:0]  cuda_ipc_cache.c:181  UCX  WARN  cuMemUnmap( (CUdeviceptr)region->mapped_addr, region->key.b_len) failed: unrecognized error code 4
[1787714664.032330] [presto-gb200-gcn-04:3451260:0]  cuda_ipc_cache.c:181  UCX  WARN  cuMemUnmap( (CUdeviceptr)region->mapped_addr, region->key.b_len) failed: unrecognized error code 4
[1787714664.032331] [presto-gb200-gcn-04:3451260:0]  cuda_ipc_cache.c:181  UCX  WARN  cuMemUnmap( (CUdeviceptr)region->mapped_addr, region->key.b_len) failed: unrecognized error code 4
[1787714664.032333] [presto-gb200-gcn-04:3451260:0]  cuda_ipc_cache.c:181  UCX  WARN  cuMemUnmap( (CUdeviceptr)region->mapped_addr, region->key.b_len) failed: unrecognized error code 4
[1787714664.032334] [presto-gb200-gcn-04:3451260:0]  cuda_ipc_cache.c:181  UCX  WARN  cuMemUnmap( (CUdeviceptr)region->mapped_addr, region->key.b_len) failed: unrecognized error code 4
[1787714664.032348] [presto-gb200-gcn-04:3451260:0]  cuda_ipc_cache.c:181  UCX  WARN  cuMemUnmap( (CUdeviceptr)region->mapped_addr, region->key.b_len) failed: unrecognized error code 4
[1787714664.032349] [presto-gb200-gcn-04:3451260:0]  cuda_ipc_cache.c:181  UCX  WARN  cuMemUnmap( (CUdeviceptr)region->mapped_addr, region->key.b_len) failed: unrecognized error code 4
[1787714664.032350] [presto-gb200-gcn-04:3451260:0]  cuda_ipc_cache.c:181  UCX  WARN  cuMemUnmap( (CUdeviceptr)region->mapped_addr, region->key.b_len) failed: unrecognized error code 4
[1787714664.032352] [presto-gb200-gcn-04:3451260:0]  cuda_ipc_cache.c:181  UCX  WARN  cuMemUnmap( (CUdeviceptr)region->mapped_addr, region->key.b_len) failed: unrecognized error code 4
[1787714664.032353] [presto-gb200-gcn-04:3451260:0]  cuda_ipc_cache.c:181  UCX  WARN  cuMemUnmap( (CUdeviceptr)region->mapped_addr, region->key.b_len) failed: unrecognized error code 4
[1787714664.032354] [presto-gb200-gcn-04:3451260:0]  cuda_ipc_cache.c:181  UCX  WARN  cuMemUnmap( (CUdeviceptr)region->mapped_addr, region->key.b_len) failed: unrecognized error code 4
[1787714664.032356] [presto-gb200-gcn-04:3451260:0]        cuda_ctx.c:23   UCX  ERROR cuDevicePrimaryCtxGetState(cuda_device, &flags, &active) failed: unrecognized error code 4
[1787714664.032393] [presto-gb200-gcn-04:3451260:0]  cuda_ipc_cache.c:181  UCX  WARN  cuMemUnmap( (CUdeviceptr)region->mapped_addr, region->key.b_len) failed: unrecognized error code 4
[1787714664.032394] [presto-gb200-gcn-04:3451260:0]  cuda_ipc_cache.c:181  UCX  WARN  cuMemUnmap( (CUdeviceptr)region->mapped_addr, region->key.b_len) failed: unrecognized error code 4
[1787714664.032395] [presto-gb200-gcn-04:3451260:0]  cuda_ipc_cache.c:181  UCX  WARN  cuMemUnmap( (CUdeviceptr)region->mapped_addr, region->key.b_len) failed: unrecognized error code 4
[1787714664.032397] [presto-gb200-gcn-04:3451260:0]  cuda_ipc_cache.c:181  UCX  WARN  cuMemUnmap( (CUdeviceptr)region->mapped_addr, region->key.b_len) failed: unrecognized error code 4
[1787714664.032398] [presto-gb200-gcn-04:3451260:0]  cuda_ipc_cache.c:181  UCX  WARN  cuMemUnmap( (CUdeviceptr)region->mapped_addr, region->key.b_len) failed: unrecognized error code 4
[1787714664.032399] [presto-gb200-gcn-04:3451260:0]  cuda_ipc_cache.c:181  UCX  WARN  cuMemUnmap( (CUdeviceptr)region->mapped_addr, region->key.b_len) failed: unrecognized error code 4
[1787714664.032400] [presto-gb200-gcn-04:3451260:0]  cuda_ipc_cache.c:181  UCX  WARN  cuMemUnmap( (CUdeviceptr)region->mapped_addr, region->key.b_len) failed: unrecognized error code 4
[1787714664.032401] [presto-gb200-gcn-04:3451260:0]  cuda_ipc_cache.c:181  UCX  WARN  cuMemUnmap( (CUdeviceptr)region->mapped_addr, region->key.b_len) failed: unrecognized error code 4
[1787714664.032402] [presto-gb200-gcn-04:3451260:0]  cuda_ipc_cache.c:181  UCX  WARN  cuMemUnmap( (CUdeviceptr)region->mapped_addr, region->key.b_len) failed: unrecognized error code 4
[1787714664.032403] [presto-gb200-gcn-04:3451260:0]  cuda_ipc_cache.c:181  UCX  WARN  cuMemUnmap( (CUdeviceptr)region->mapped_addr, region->key.b_len) failed: unrecognized error code 4
[1787714664.032405] [presto-gb200-gcn-04:3451260:0]  cuda_ipc_cache.c:181  UCX  WARN  cuMemUnmap( (CUdeviceptr)region->mapped_addr, region->key.b_len) failed: unrecognized error code 4
[1787714664.032406] [presto-gb200-gcn-04:3451260:0]  cuda_ipc_cache.c:181  UCX  WARN  cuMemUnmap( (CUdeviceptr)region->mapped_addr, region->key.b_len) failed: unrecognized error code 4
[1787714664.032407] [presto-gb200-gcn-04:3451260:0]  cuda_ipc_cache.c:181  UCX  WARN  cuMemUnmap( (CUdeviceptr)region->mapped_addr, region->key.b_len) failed: unrecognized error code 4
[1787714664.032409] [presto-gb200-gcn-04:3451260:0]  cuda_ipc_cache.c:181  UCX  WARN  cuMemUnmap( (CUdeviceptr)region->mapped_addr, region->key.b_len) failed: unrecognized error code 4
[1787714664.032410] [presto-gb200-gcn-04:3451260:0]  cuda_ipc_cache.c:181  UCX  WARN  cuMemUnmap( (CUdeviceptr)region->mapped_addr, region->key.b_len) failed: unrecognized error code 4
[1787714664.032411] [presto-gb200-gcn-04:3451260:0]  cuda_ipc_cache.c:181  UCX  WARN  cuMemUnmap( (CUdeviceptr)region->mapped_addr, region->key.b_len) failed: unrecognized error code 4
[1787714664.032412] [presto-gb200-gcn-04:3451260:0]  cuda_ipc_cache.c:181  UCX  WARN  cuMemUnmap( (CUdeviceptr)region->mapped_addr, region->key.b_len) failed: unrecognized error code 4
[1787714664.032413] [presto-gb200-gcn-04:3451260:0]  cuda_ipc_cache.c:181  UCX  WARN  cuMemUnmap( (CUdeviceptr)region->mapped_addr, region->key.b_len) failed: unrecognized error code 4
[1787714664.032414] [presto-gb200-gcn-04:3451260:0]  cuda_ipc_cache.c:181  UCX  WARN  cuMemUnmap( (CUdeviceptr)region->mapped_addr, region->key.b_len) failed: unrecognized error code 4
[1787714664.032415] [presto-gb200-gcn-04:3451260:0]  cuda_ipc_cache.c:181  UCX  WARN  cuMemUnmap( (CUdeviceptr)region->mapped_addr, region->key.b_len) failed: unrecognized error code 4
[1787714664.032417] [presto-gb200-gcn-04:3451260:0]  cuda_ipc_cache.c:181  UCX  WARN  cuMemUnmap( (CUdeviceptr)region->mapped_addr, region->key.b_len) failed: unrecognized error code 4
[1787714664.032418] [presto-gb200-gcn-04:3451260:0]  cuda_ipc_cache.c:181  UCX  WARN  cuMemUnmap( (CUdeviceptr)region->mapped_addr, region->key.b_len) failed: unrecognized error code 4
[1787714664.032419] [presto-gb200-gcn-04:3451260:0]  cuda_ipc_cache.c:181  UCX  WARN  cuMemUnmap( (CUdeviceptr)region->mapped_addr, region->key.b_len) failed: unrecognized error code 4
[1787714664.032421] [presto-gb200-gcn-04:3451260:0]  cuda_ipc_cache.c:181  UCX  WARN  cuMemUnmap( (CUdeviceptr)region->mapped_addr, region->key.b_len) failed: unrecognized error code 4
[1787714664.032422] [presto-gb200-gcn-04:3451260:0]  cuda_ipc_cache.c:181  UCX  WARN  cuMemUnmap( (CUdeviceptr)region->mapped_addr, region->key.b_len) failed: unrecognized error code 4
[1787714664.032423] [presto-gb200-gcn-04:3451260:0]  cuda_ipc_cache.c:181  UCX  WARN  cuMemUnmap( (CUdeviceptr)region->mapped_addr, region->key.b_len) failed: unrecognized error code 4
[1787714664.032424] [presto-gb200-gcn-04:3451260:0]  cuda_ipc_cache.c:181  UCX  WARN  cuMemUnmap( (CUdeviceptr)region->mapped_addr, region->key.b_len) failed: unrecognized error code 4
[1787714664.032425] [presto-gb200-gcn-04:3451260:0]  cuda_ipc_cache.c:181  UCX  WARN  cuMemUnmap( (CUdeviceptr)region->mapped_addr, region->key.b_len) failed: unrecognized error code 4
[1787714664.032426] [presto-gb200-gcn-04:3451260:0]  cuda_ipc_cache.c:181  UCX  WARN  cuMemUnmap( (CUdeviceptr)region->mapped_addr, region->key.b_len) failed: unrecognized error code 4
[1787714664.032428] [presto-gb200-gcn-04:3451260:0]  cuda_ipc_cache.c:181  UCX  WARN  cuMemUnmap( (CUdeviceptr)region->mapped_addr, region->key.b_len) failed: unrecognized error code 4
[1787714664.032429] [presto-gb200-gcn-04:3451260:0]  cuda_ipc_cache.c:181  UCX  WARN  cuMemUnmap( (CUdeviceptr)region->mapped_addr, region->key.b_len) failed: unrecognized error code 4
[1787714664.032430] [presto-gb200-gcn-04:3451260:0]  cuda_ipc_cache.c:181  UCX  WARN  cuMemUnmap( (CUdeviceptr)region->mapped_addr, region->key.b_len) failed: unrecognized error code 4
[1787714664.032432] [presto-gb200-gcn-04:3451260:0]  cuda_ipc_cache.c:181  UCX  WARN  cuMemUnmap( (CUdeviceptr)region->mapped_addr, region->key.b_len) failed: unrecognized error code 4
[1787714664.032433] [presto-gb200-gcn-04:3451260:0]  cuda_ipc_cache.c:181  UCX  WARN  cuMemUnmap( (CUdeviceptr)region->mapped_addr, region->key.b_len) failed: unrecognized error code 4
[1787714664.032434] [presto-gb200-gcn-04:3451260:0]  cuda_ipc_cache.c:181  UCX  WARN  cuMemUnmap( (CUdeviceptr)region->mapped_addr, region->key.b_len) failed: unrecognized error code 4
[1787714664.032436] [presto-gb200-gcn-04:3451260:0]  cuda_ipc_cache.c:181  UCX  WARN  cuMemUnmap( (CUdeviceptr)region->mapped_addr, region->key.b_len) failed: unrecognized error code 4
[1787714664.032437] [presto-gb200-gcn-04:3451260:0]  cuda_ipc_cache.c:181  UCX  WARN  cuMemUnmap( (CUdeviceptr)region->mapped_addr, region->key.b_len) failed: unrecognized error code 4
[1787714664.032438] [presto-gb200-gcn-04:3451260:0]  cuda_ipc_cache.c:181  UCX  WARN  cuMemUnmap( (CUdeviceptr)region->mapped_addr, region->key.b_len) failed: unrecognized error code 4
[1787714664.032439] [presto-gb200-gcn-04:3451260:0]  cuda_ipc_cache.c:181  UCX  WARN  cuMemUnmap( (CUdeviceptr)region->mapped_addr, region->key.b_len) failed: unrecognized error code 4
[1787714664.032440] [presto-gb200-gcn-04:3451260:0]  cuda_ipc_cache.c:181  UCX  WARN  cuMemUnmap( (CUdeviceptr)region->mapped_addr, region->key.b_len) failed: unrecognized error code 4
[1787714664.032441] [presto-gb200-gcn-04:3451260:0]  cuda_ipc_cache.c:181  UCX  WARN  cuMemUnmap( (CUdeviceptr)region->mapped_addr, region->key.b_len) failed: unrecognized error code 4
[1787714664.032442] [presto-gb200-gcn-04:3451260:0]  cuda_ipc_cache.c:181  UCX  WARN  cuMemUnmap( (CUdeviceptr)region->mapped_addr, region->key.b_len) failed: unrecognized error code 4
[1787714664.032443] [presto-gb200-gcn-04:3451260:0]  cuda_ipc_cache.c:181  UCX  WARN  cuMemUnmap( (CUdeviceptr)region->mapped_addr, region->key.b_len) failed: unrecognized error code 4
[1787714664.032445] [presto-gb200-gcn-04:3451260:0]  cuda_ipc_cache.c:181  UCX  WARN  cuMemUnmap( (CUdeviceptr)region->mapped_addr, region->key.b_len) failed: unrecognized error code 4
[1787714664.032446] [presto-gb200-gcn-04:3451260:0]  cuda_ipc_cache.c:181  UCX  WARN  cuMemUnmap( (CUdeviceptr)region->mapped_addr, region->key.b_len) failed: unrecognized error code 4
[1787714664.032450] [presto-gb200-gcn-04:3451260:0]  cuda_ipc_cache.c:181  UCX  WARN  cuMemUnmap( (CUdeviceptr)region->mapped_addr, region->key.b_len) failed: unrecognized error code 4
[1787714664.032451] [presto-gb200-gcn-04:3451260:0]  cuda_ipc_cache.c:181  UCX  WARN  cuMemUnmap( (CUdeviceptr)region->mapped_addr, region->key.b_len) failed: unrecognized error code 4
[1787714664.032452] [presto-gb200-gcn-04:3451260:0]  cuda_ipc_cache.c:181  UCX  WARN  cuMemUnmap( (CUdeviceptr)region->mapped_addr, region->key.b_len) failed: unrecognized error code 4
[1787714664.032453] [presto-gb200-gcn-04:3451260:0]  cuda_ipc_cache.c:181  UCX  WARN  cuMemUnmap( (CUdeviceptr)region->mapped_addr, region->key.b_len) failed: unrecognized error code 4
[1787714664.032454] [presto-gb200-gcn-04:3451260:0]  cuda_ipc_cache.c:181  UCX  WARN  cuMemUnmap( (CUdeviceptr)region->mapped_addr, region->key.b_len) failed: unrecognized error code 4
[1787714664.032455] [presto-gb200-gcn-04:3451260:0]  cuda_ipc_cache.c:181  UCX  WARN  cuMemUnmap( (CUdeviceptr)region->mapped_addr, region->key.b_len) failed: unrecognized error code 4
[1787714664.032456] [presto-gb200-gcn-04:3451260:0]  cuda_ipc_cache.c:181  UCX  WARN  cuMemUnmap( (CUdeviceptr)region->mapped_addr, region->key.b_len) failed: unrecognized error code 4
[1787714664.032457] [presto-gb200-gcn-04:3451260:0]  cuda_ipc_cache.c:181  UCX  WARN  cuMemUnmap( (CUdeviceptr)region->mapped_addr, region->key.b_len) failed: unrecognized error code 4
[1787714664.032459] [presto-gb200-gcn-04:3451260:0]  cuda_ipc_cache.c:181  UCX  WARN  cuMemUnmap( (CUdeviceptr)region->mapped_addr, region->key.b_len) failed: unrecognized error code 4
[1787714664.032460] [presto-gb200-gcn-04:3451260:0]  cuda_ipc_cache.c:181  UCX  WARN  cuMemUnmap( (CUdeviceptr)region->mapped_addr, region->key.b_len) failed: unrecognized error code 4
[1787714664.032461] [presto-gb200-gcn-04:3451260:0]  cuda_ipc_cache.c:181  UCX  WARN  cuMemUnmap( (CUdeviceptr)region->mapped_addr, region->key.b_len) failed: unrecognized error code 4
[1787714664.032462] [presto-gb200-gcn-04:3451260:0]  cuda_ipc_cache.c:181  UCX  WARN  cuMemUnmap( (CUdeviceptr)region->mapped_addr, region->key.b_len) failed: unrecognized error code 4
[1787714664.032463] [presto-gb200-gcn-04:3451260:0]  cuda_ipc_cache.c:181  UCX  WARN  cuMemUnmap( (CUdeviceptr)region->mapped_addr, region->key.b_len) failed: unrecognized error code 4
[1787714664.032466] [presto-gb200-gcn-04:3451260:0]        cuda_ctx.c:23   UCX  ERROR cuDevicePrimaryCtxGetState(cuda_device, &flags, &active) failed: unrecognized error code 4
[1787714664.032486] [presto-gb200-gcn-04:3451260:0]  cuda_ipc_cache.c:181  UCX  WARN  cuMemUnmap( (CUdeviceptr)region->mapped_addr, region->key.b_len) failed: unrecognized error code 4
[1787714664.032487] [presto-gb200-gcn-04:3451260:0]  cuda_ipc_cache.c:181  UCX  WARN  cuMemUnmap( (CUdeviceptr)region->mapped_addr, region->key.b_len) failed: unrecognized error code 4
[1787714664.032489] [presto-gb200-gcn-04:3451260:0]  cuda_ipc_cache.c:181  UCX  WARN  cuMemUnmap( (CUdeviceptr)region->mapped_addr, region->key.b_len) failed: unrecognized error code 4
[1787714664.032490] [presto-gb200-gcn-04:3451260:0]  cuda_ipc_cache.c:181  UCX  WARN  cuMemUnmap( (CUdeviceptr)region->mapped_addr, region->key.b_len) failed: unrecognized error code 4
[1787714664.032491] [presto-gb200-gcn-04:3451260:0]  cuda_ipc_cache.c:181  UCX  WARN  cuMemUnmap( (CUdeviceptr)region->mapped_addr, region->key.b_len) failed: unrecognized error code 4
[1787714664.032492] [presto-gb200-gcn-04:3451260:0]  cuda_ipc_cache.c:181  UCX  WARN  cuMemUnmap( (CUdeviceptr)region->mapped_addr, region->key.b_len) failed: unrecognized error code 4
[1787714664.032493] [presto-gb200-gcn-04:3451260:0]  cuda_ipc_cache.c:181  UCX  WARN  cuMemUnmap( (CUdeviceptr)region->mapped_addr, region->key.b_len) failed: unrecognized error code 4
[1787714664.032494] [presto-gb200-gcn-04:3451260:0]  cuda_ipc_cache.c:181  UCX  WARN  cuMemUnmap( (CUdeviceptr)region->mapped_addr, region->key.b_len) failed: unrecognized error code 4
[1787714664.032495] [presto-gb200-gcn-04:3451260:0]  cuda_ipc_cache.c:181  UCX  WARN  cuMemUnmap( (CUdeviceptr)region->mapped_addr, region->key.b_len) failed: unrecognized error code 4
[1787714664.032496] [presto-gb200-gcn-04:3451260:0]  cuda_ipc_cache.c:181  UCX  WARN  cuMemUnmap( (CUdeviceptr)region->mapped_addr, region->key.b_len) failed: unrecognized error code 4
[1787714664.032498] [presto-gb200-gcn-04:3451260:0]  cuda_ipc_cache.c:181  UCX  WARN  cuMemUnmap( (CUdeviceptr)region->mapped_addr, region->key.b_len) failed: unrecognized error code 4
[1787714664.032499] [presto-gb200-gcn-04:3451260:0]  cuda_ipc_cache.c:181  UCX  WARN  cuMemUnmap( (CUdeviceptr)region->mapped_addr, region->key.b_len) failed: unrecognized error code 4
[1787714664.032500] [presto-gb200-gcn-04:3451260:0]  cuda_ipc_cache.c:181  UCX  WARN  cuMemUnmap( (CUdeviceptr)region->mapped_addr, region->key.b_len) failed: unrecognized error code 4
[1787714664.032501] [presto-gb200-gcn-04:3451260:0]  cuda_ipc_cache.c:181  UCX  WARN  cuMemUnmap( (CUdeviceptr)region->mapped_addr, region->key.b_len) failed: unrecognized error code 4
[1787714664.032502] [presto-gb200-gcn-04:3451260:0]  cuda_ipc_cache.c:181  UCX  WARN  cuMemUnmap( (CUdeviceptr)region->mapped_addr, region->key.b_len) failed: unrecognized error code 4
[1787714664.032503] [presto-gb200-gcn-04:3451260:0]  cuda_ipc_cache.c:181  UCX  WARN  cuMemUnmap( (CUdeviceptr)region->mapped_addr, region->key.b_len) failed: unrecognized error code 4
[1787714664.032505] [presto-gb200-gcn-04:3451260:0]  cuda_ipc_cache.c:181  UCX  WARN  cuMemUnmap( (CUdeviceptr)region->mapped_addr, region->key.b_len) failed: unrecognized error code 4
[1787714664.032506] [presto-gb200-gcn-04:3451260:0]  cuda_ipc_cache.c:181  UCX  WARN  cuMemUnmap( (CUdeviceptr)region->mapped_addr, region->key.b_len) failed: unrecognized error code 4
[1787714664.032507] [presto-gb200-gcn-04:3451260:0]  cuda_ipc_cache.c:181  UCX  WARN  cuMemUnmap( (CUdeviceptr)region->mapped_addr, region->key.b_len) failed: unrecognized error code 4
[1787714664.032508] [presto-gb200-gcn-04:3451260:0]  cuda_ipc_cache.c:181  UCX  WARN  cuMemUnmap( (CUdeviceptr)region->mapped_addr, region->key.b_len) failed: unrecognized error code 4
[1787714664.032510] [presto-gb200-gcn-04:3451260:0]  cuda_ipc_cache.c:181  UCX  WARN  cuMemUnmap( (CUdeviceptr)region->mapped_addr, region->key.b_len) failed: unrecognized error code 4
[1787714664.032511] [presto-gb200-gcn-04:3451260:0]  cuda_ipc_cache.c:181  UCX  WARN  cuMemUnmap( (CUdeviceptr)region->mapped_addr, region->key.b_len) failed: unrecognized error code 4
[1787714664.032512] [presto-gb200-gcn-04:3451260:0]  cuda_ipc_cache.c:181  UCX  WARN  cuMemUnmap( (CUdeviceptr)region->mapped_addr, region->key.b_len) failed: unrecognized error code 4
[1787714664.032513] [presto-gb200-gcn-04:3451260:0]  cuda_ipc_cache.c:181  UCX  WARN  cuMemUnmap( (CUdeviceptr)region->mapped_addr, region->key.b_len) failed: unrecognized error code 4
[1787714664.032514] [presto-gb200-gcn-04:3451260:0]  cuda_ipc_cache.c:181  UCX  WARN  cuMemUnmap( (CUdeviceptr)region->mapped_addr, region->key.b_len) failed: unrecognized error code 4
[1787714664.032516] [presto-gb200-gcn-04:3451260:0]  cuda_ipc_cache.c:181  UCX  WARN  cuMemUnmap( (CUdeviceptr)region->mapped_addr, region->key.b_len) failed: unrecognized error code 4
[1787714664.032517] [presto-gb200-gcn-04:3451260:0]  cuda_ipc_cache.c:181  UCX  WARN  cuMemUnmap( (CUdeviceptr)region->mapped_addr, region->key.b_len) failed: unrecognized error code 4
[1787714664.032518] [presto-gb200-gcn-04:3451260:0]  cuda_ipc_cache.c:181  UCX  WARN  cuMemUnmap( (CUdeviceptr)region->mapped_addr, region->key.b_len) failed: unrecognized error code 4
[1787714664.032519] [presto-gb200-gcn-04:3451260:0]  cuda_ipc_cache.c:181  UCX  WARN  cuMemUnmap( (CUdeviceptr)region->mapped_addr, region->key.b_len) failed: unrecognized error code 4
[1787714664.032520] [presto-gb200-gcn-04:3451260:0]  cuda_ipc_cache.c:181  UCX  WARN  cuMemUnmap( (CUdeviceptr)region->mapped_addr, region->key.b_len) failed: unrecognized error code 4
[1787714664.032521] [presto-gb200-gcn-04:3451260:0]  cuda_ipc_cache.c:181  UCX  WARN  cuMemUnmap( (CUdeviceptr)region->mapped_addr, region->key.b_len) failed: unrecognized error code 4
[1787714664.032522] [presto-gb200-gcn-04:3451260:0]  cuda_ipc_cache.c:181  UCX  WARN  cuMemUnmap( (CUdeviceptr)region->mapped_addr, region->key.b_len) failed: unrecognized error code 4
[1787714664.032523] [presto-gb200-gcn-04:3451260:0]  cuda_ipc_cache.c:181  UCX  WARN  cuMemUnmap( (CUdeviceptr)region->mapped_addr, region->key.b_len) failed: unrecognized error code 4
[1787714664.032524] [presto-gb200-gcn-04:3451260:0]  cuda_ipc_cache.c:181  UCX  WARN  cuMemUnmap( (CUdeviceptr)region->mapped_addr, region->key.b_len) failed: unrecognized error code 4
[1787714664.032526] [presto-gb200-gcn-04:3451260:0]  cuda_ipc_cache.c:181  UCX  WARN  cuMemUnmap( (CUdeviceptr)region->mapped_addr, region->key.b_len) failed: unrecognized error code 4
[1787714664.032527] [presto-gb200-gcn-04:3451260:0]  cuda_ipc_cache.c:181  UCX  WARN  cuMemUnmap( (CUdeviceptr)region->mapped_addr, region->key.b_len) failed: unrecognized error code 4
[1787714664.032528] [presto-gb200-gcn-04:3451260:0]  cuda_ipc_cache.c:181  UCX  WARN  cuMemUnmap( (CUdeviceptr)region->mapped_addr, region->key.b_len) failed: unrecognized error code 4
[1787714664.032530] [presto-gb200-gcn-04:3451260:0]  cuda_ipc_cache.c:181  UCX  WARN  cuMemUnmap( (CUdeviceptr)region->mapped_addr, region->key.b_len) failed: unrecognized error code 4
[1787714664.032531] [presto-gb200-gcn-04:3451260:0]  cuda_ipc_cache.c:181  UCX  WARN  cuMemUnmap( (CUdeviceptr)region->mapped_addr, region->key.b_len) failed: unrecognized error code 4
[1787714664.032533] [presto-gb200-gcn-04:3451260:0]  cuda_ipc_cache.c:181  UCX  WARN  cuMemUnmap( (CUdeviceptr)region->mapped_addr, region->key.b_len) failed: unrecognized error code 4
[1787714664.032534] [presto-gb200-gcn-04:3451260:0]  cuda_ipc_cache.c:181  UCX  WARN  cuMemUnmap( (CUdeviceptr)region->mapped_addr, region->key.b_len) failed: unrecognized error code 4
[1787714664.032535] [presto-gb200-gcn-04:3451260:0]  cuda_ipc_cache.c:181  UCX  WARN  cuMemUnmap( (CUdeviceptr)region->mapped_addr, region->key.b_len) failed: unrecognized error code 4
[1787714664.032536] [presto-gb200-gcn-04:3451260:0]  cuda_ipc_cache.c:181  UCX  WARN  cuMemUnmap( (CUdeviceptr)region->mapped_addr, region->key.b_len) failed: unrecognized error code 4
[1787714664.032537] [presto-gb200-gcn-04:3451260:0]  cuda_ipc_cache.c:181  UCX  WARN  cuMemUnmap( (CUdeviceptr)region->mapped_addr, region->key.b_len) failed: unrecognized error code 4
[1787714664.032538] [presto-gb200-gcn-04:3451260:0]  cuda_ipc_cache.c:181  UCX  WARN  cuMemUnmap( (CUdeviceptr)region->mapped_addr, region->key.b_len) failed: unrecognized error code 4
[1787714664.032542] [presto-gb200-gcn-04:3451260:0]  cuda_ipc_cache.c:181  UCX  WARN  cuMemUnmap( (CUdeviceptr)region->mapped_addr, region->key.b_len) failed: unrecognized error code 4
[1787714664.032543] [presto-gb200-gcn-04:3451260:0]  cuda_ipc_cache.c:181  UCX  WARN  cuMemUnmap( (CUdeviceptr)region->mapped_addr, region->key.b_len) failed: unrecognized error code 4
[1787714664.032544] [presto-gb200-gcn-04:3451260:0]  cuda_ipc_cache.c:181  UCX  WARN  cuMemUnmap( (CUdeviceptr)region->mapped_addr, region->key.b_len) failed: unrecognized error code 4
[1787714664.032545] [presto-gb200-gcn-04:3451260:0]  cuda_ipc_cache.c:181  UCX  WARN  cuMemUnmap( (CUdeviceptr)region->mapped_addr, region->key.b_len) failed: unrecognized error code 4
[1787714664.032546] [presto-gb200-gcn-04:3451260:0]  cuda_ipc_cache.c:181  UCX  WARN  cuMemUnmap( (CUdeviceptr)region->mapped_addr, region->key.b_len) failed: unrecognized error code 4
[1787714664.032547] [presto-gb200-gcn-04:3451260:0]  cuda_ipc_cache.c:181  UCX  WARN  cuMemUnmap( (CUdeviceptr)region->mapped_addr, region->key.b_len) failed: unrecognized error code 4
[1787714664.032548] [presto-gb200-gcn-04:3451260:0]  cuda_ipc_cache.c:181  UCX  WARN  cuMemUnmap( (CUdeviceptr)region->mapped_addr, region->key.b_len) failed: unrecognized error code 4
[1787714664.032549] [presto-gb200-gcn-04:3451260:0]  cuda_ipc_cache.c:181  UCX  WARN  cuMemUnmap( (CUdeviceptr)region->mapped_addr, region->key.b_len) failed: unrecognized error code 4
[1787714664.032550] [presto-gb200-gcn-04:3451260:0]  cuda_ipc_cache.c:181  UCX  WARN  cuMemUnmap( (CUdeviceptr)region->mapped_addr, region->key.b_len) failed: unrecognized error code 4
[1787714664.032551] [presto-gb200-gcn-04:3451260:0]  cuda_ipc_cache.c:181  UCX  WARN  cuMemUnmap( (CUdeviceptr)region->mapped_addr, region->key.b_len) failed: unrecognized error code 4
[1787714664.032552] [presto-gb200-gcn-04:3451260:0]  cuda_ipc_cache.c:181  UCX  WARN  cuMemUnmap( (CUdeviceptr)region->mapped_addr, region->key.b_len) failed: unrecognized error code 4
[1787714664.032554] [presto-gb200-gcn-04:3451260:0]  cuda_ipc_cache.c:181  UCX  WARN  cuMemUnmap( (CUdeviceptr)region->mapped_addr, region->key.b_len) failed: unrecognized error code 4
[1787714664.032555] [presto-gb200-gcn-04:3451260:0]  cuda_ipc_cache.c:181  UCX  WARN  cuMemUnmap( (CUdeviceptr)region->mapped_addr, region->key.b_len) failed: unrecognized error code 4
[1787714664.032556] [presto-gb200-gcn-04:3451260:0]  cuda_ipc_cache.c:181  UCX  WARN  cuMemUnmap( (CUdeviceptr)region->mapped_addr, region->key.b_len) failed: unrecognized error code 4
[1787714664.032557] [presto-gb200-gcn-04:3451260:0]  cuda_ipc_cache.c:181  UCX  WARN  cuMemUnmap( (CUdeviceptr)region->mapped_addr, region->key.b_len) failed: unrecognized error code 4
[1787714664.032558] [presto-gb200-gcn-04:3451260:0]  cuda_ipc_cache.c:181  UCX  WARN  cuMemUnmap( (CUdeviceptr)region->mapped_addr, region->key.b_len) failed: unrecognized error code 4
[1787714664.032559] [presto-gb200-gcn-04:3451260:0]  cuda_ipc_cache.c:181  UCX  WARN  cuMemUnmap( (CUdeviceptr)region->mapped_addr, region->key.b_len) failed: unrecognized error code 4
[1787714664.032559] [presto-gb200-gcn-04:3451260:0]        cuda_ctx.c:23   UCX  ERROR cuDevicePrimaryCtxGetState(cuda_device, &flags, &active) failed: unrecognized error code 4
[1787714664.032851] [presto-gb200-gcn-04:3451257:0]  cuda_ipc_cache.c:181  UCX  WARN  cuMemUnmap( (CUdeviceptr)region->mapped_addr, region->key.b_len) failed: unrecognized error code 4
[1787714664.032855] [presto-gb200-gcn-04:3451257:0]  cuda_ipc_cache.c:181  UCX  WARN  cuMemUnmap( (CUdeviceptr)region->mapped_addr, region->key.b_len) failed: unrecognized error code 4
[1787714664.032857] [presto-gb200-gcn-04:3451257:0]  cuda_ipc_cache.c:181  UCX  WARN  cuMemUnmap( (CUdeviceptr)region->mapped_addr, region->key.b_len) failed: unrecognized error code 4
[1787714664.032858] [presto-gb200-gcn-04:3451257:0]  cuda_ipc_cache.c:181  UCX  WARN  cuMemUnmap( (CUdeviceptr)region->mapped_addr, region->key.b_len) failed: unrecognized error code 4
[1787714664.032860] [presto-gb200-gcn-04:3451257:0]  cuda_ipc_cache.c:181  UCX  WARN  cuMemUnmap( (CUdeviceptr)region->mapped_addr, region->key.b_len) failed: unrecognized error code 4
[1787714664.032861] [presto-gb200-gcn-04:3451257:0]  cuda_ipc_cache.c:181  UCX  WARN  cuMemUnmap( (CUdeviceptr)region->mapped_addr, region->key.b_len) failed: unrecognized error code 4
[1787714664.032863] [presto-gb200-gcn-04:3451257:0]  cuda_ipc_cache.c:181  UCX  WARN  cuMemUnmap( (CUdeviceptr)region->mapped_addr, region->key.b_len) failed: unrecognized error code 4
[1787714664.032864] [presto-gb200-gcn-04:3451257:0]  cuda_ipc_cache.c:181  UCX  WARN  cuMemUnmap( (CUdeviceptr)region->mapped_addr, region->key.b_len) failed: unrecognized error code 4
[1787714664.032866] [presto-gb200-gcn-04:3451257:0]  cuda_ipc_cache.c:181  UCX  WARN  cuMemUnmap( (CUdeviceptr)region->mapped_addr, region->key.b_len) failed: unrecognized error code 4
[1787714664.032867] [presto-gb200-gcn-04:3451257:0]  cuda_ipc_cache.c:181  UCX  WARN  cuMemUnmap( (CUdeviceptr)region->mapped_addr, region->key.b_len) failed: unrecognized error code 4
[1787714664.032868] [presto-gb200-gcn-04:3451257:0]  cuda_ipc_cache.c:181  UCX  WARN  cuMemUnmap( (CUdeviceptr)region->mapped_addr, region->key.b_len) failed: unrecognized error code 4
[1787714664.032869] [presto-gb200-gcn-04:3451257:0]  cuda_ipc_cache.c:181  UCX  WARN  cuMemUnmap( (CUdeviceptr)region->mapped_addr, region->key.b_len) failed: unrecognized error code 4
[1787714664.032870] [presto-gb200-gcn-04:3451257:0]  cuda_ipc_cache.c:181  UCX  WARN  cuMemUnmap( (CUdeviceptr)region->mapped_addr, region->key.b_len) failed: unrecognized error code 4
[1787714664.032871] [presto-gb200-gcn-04:3451257:0]  cuda_ipc_cache.c:181  UCX  WARN  cuMemUnmap( (CUdeviceptr)region->mapped_addr, region->key.b_len) failed: unrecognized error code 4
[1787714664.032872] [presto-gb200-gcn-04:3451257:0]  cuda_ipc_cache.c:181  UCX  WARN  cuMemUnmap( (CUdeviceptr)region->mapped_addr, region->key.b_len) failed: unrecognized error code 4
[1787714664.032874] [presto-gb200-gcn-04:3451257:0]  cuda_ipc_cache.c:181  UCX  WARN  cuMemUnmap( (CUdeviceptr)region->mapped_addr, region->key.b_len) failed: unrecognized error code 4
[1787714664.032875] [presto-gb200-gcn-04:3451257:0]  cuda_ipc_cache.c:181  UCX  WARN  cuMemUnmap( (CUdeviceptr)region->mapped_addr, region->key.b_len) failed: unrecognized error code 4
[1787714664.032876] [presto-gb200-gcn-04:3451257:0]  cuda_ipc_cache.c:181  UCX  WARN  cuMemUnmap( (CUdeviceptr)region->mapped_addr, region->key.b_len) failed: unrecognized error code 4
[1787714664.032877] [presto-gb200-gcn-04:3451257:0]  cuda_ipc_cache.c:181  UCX  WARN  cuMemUnmap( (CUdeviceptr)region->mapped_addr, region->key.b_len) failed: unrecognized error code 4
[1787714664.032879] [presto-gb200-gcn-04:3451257:0]  cuda_ipc_cache.c:181  UCX  WARN  cuMemUnmap( (CUdeviceptr)region->mapped_addr, region->key.b_len) failed: unrecognized error code 4
[1787714664.032880] [presto-gb200-gcn-04:3451257:0]  cuda_ipc_cache.c:181  UCX  WARN  cuMemUnmap( (CUdeviceptr)region->mapped_addr, region->key.b_len) failed: unrecognized error code 4
[1787714664.032881] [presto-gb200-gcn-04:3451257:0]  cuda_ipc_cache.c:181  UCX  WARN  cuMemUnmap( (CUdeviceptr)region->mapped_addr, region->key.b_len) failed: unrecognized error code 4
[1787714664.032883] [presto-gb200-gcn-04:3451257:0]  cuda_ipc_cache.c:181  UCX  WARN  cuMemUnmap( (CUdeviceptr)region->mapped_addr, region->key.b_len) failed: unrecognized error code 4
[1787714664.032884] [presto-gb200-gcn-04:3451257:0]  cuda_ipc_cache.c:181  UCX  WARN  cuMemUnmap( (CUdeviceptr)region->mapped_addr, region->key.b_len) failed: unrecognized error code 4
[1787714664.032886] [presto-gb200-gcn-04:3451257:0]  cuda_ipc_cache.c:181  UCX  WARN  cuMemUnmap( (CUdeviceptr)region->mapped_addr, region->key.b_len) failed: unrecognized error code 4
[1787714664.032887] [presto-gb200-gcn-04:3451257:0]  cuda_ipc_cache.c:181  UCX  WARN  cuMemUnmap( (CUdeviceptr)region->mapped_addr, region->key.b_len) failed: unrecognized error code 4
[1787714664.032888] [presto-gb200-gcn-04:3451257:0]  cuda_ipc_cache.c:181  UCX  WARN  cuMemUnmap( (CUdeviceptr)region->mapped_addr, region->key.b_len) failed: unrecognized error code 4
[1787714664.032890] [presto-gb200-gcn-04:3451257:0]  cuda_ipc_cache.c:181  UCX  WARN  cuMemUnmap( (CUdeviceptr)region->mapped_addr, region->key.b_len) failed: unrecognized error code 4
[1787714664.032891] [presto-gb200-gcn-04:3451257:0]  cuda_ipc_cache.c:181  UCX  WARN  cuMemUnmap( (CUdeviceptr)region->mapped_addr, region->key.b_len) failed: unrecognized error code 4
[1787714664.032893] [presto-gb200-gcn-04:3451257:0]  cuda_ipc_cache.c:181  UCX  WARN  cuMemUnmap( (CUdeviceptr)region->mapped_addr, region->key.b_len) failed: unrecognized error code 4
[1787714664.032894] [presto-gb200-gcn-04:3451257:0]  cuda_ipc_cache.c:181  UCX  WARN  cuMemUnmap( (CUdeviceptr)region->mapped_addr, region->key.b_len) failed: unrecognized error code 4
[1787714664.032895] [presto-gb200-gcn-04:3451257:0]  cuda_ipc_cache.c:181  UCX  WARN  cuMemUnmap( (CUdeviceptr)region->mapped_addr, region->key.b_len) failed: unrecognized error code 4
[1787714664.032896] [presto-gb200-gcn-04:3451257:0]  cuda_ipc_cache.c:181  UCX  WARN  cuMemUnmap( (CUdeviceptr)region->mapped_addr, region->key.b_len) failed: unrecognized error code 4
[1787714664.032898] [presto-gb200-gcn-04:3451257:0]  cuda_ipc_cache.c:181  UCX  WARN  cuMemUnmap( (CUdeviceptr)region->mapped_addr, region->key.b_len) failed: unrecognized error code 4
[1787714664.032899] [presto-gb200-gcn-04:3451257:0]  cuda_ipc_cache.c:181  UCX  WARN  cuMemUnmap( (CUdeviceptr)region->mapped_addr, region->key.b_len) failed: unrecognized error code 4
[1787714664.032900] [presto-gb200-gcn-04:3451257:0]  cuda_ipc_cache.c:181  UCX  WARN  cuMemUnmap( (CUdeviceptr)region->mapped_addr, region->key.b_len) failed: unrecognized error code 4
[1787714664.032902] [presto-gb200-gcn-04:3451257:0]  cuda_ipc_cache.c:181  UCX  WARN  cuMemUnmap( (CUdeviceptr)region->mapped_addr, region->key.b_len) failed: unrecognized error code 4
[1787714664.032903] [presto-gb200-gcn-04:3451257:0]  cuda_ipc_cache.c:181  UCX  WARN  cuMemUnmap( (CUdeviceptr)region->mapped_addr, region->key.b_len) failed: unrecognized error code 4
[1787714664.032904] [presto-gb200-gcn-04:3451257:0]  cuda_ipc_cache.c:181  UCX  WARN  cuMemUnmap( (CUdeviceptr)region->mapped_addr, region->key.b_len) failed: unrecognized error code 4
[1787714664.032906] [presto-gb200-gcn-04:3451257:0]  cuda_ipc_cache.c:181  UCX  WARN  cuMemUnmap( (CUdeviceptr)region->mapped_addr, region->key.b_len) failed: unrecognized error code 4
[1787714664.032907] [presto-gb200-gcn-04:3451257:0]  cuda_ipc_cache.c:181  UCX  WARN  cuMemUnmap( (CUdeviceptr)region->mapped_addr, region->key.b_len) failed: unrecognized error code 4
[1787714664.032909] [presto-gb200-gcn-04:3451257:0]  cuda_ipc_cache.c:181  UCX  WARN  cuMemUnmap( (CUdeviceptr)region->mapped_addr, region->key.b_len) failed: unrecognized error code 4
[1787714664.032910] [presto-gb200-gcn-04:3451257:0]  cuda_ipc_cache.c:181  UCX  WARN  cuMemUnmap( (CUdeviceptr)region->mapped_addr, region->key.b_len) failed: unrecognized error code 4
[1787714664.032911] [presto-gb200-gcn-04:3451257:0]  cuda_ipc_cache.c:181  UCX  WARN  cuMemUnmap( (CUdeviceptr)region->mapped_addr, region->key.b_len) failed: unrecognized error code 4
[1787714664.032912] [presto-gb200-gcn-04:3451257:0]  cuda_ipc_cache.c:181  UCX  WARN  cuMemUnmap( (CUdeviceptr)region->mapped_addr, region->key.b_len) failed: unrecognized error code 4
[1787714664.032923] [presto-gb200-gcn-04:3451257:0]  cuda_ipc_cache.c:181  UCX  WARN  cuMemUnmap( (CUdeviceptr)region->mapped_addr, region->key.b_len) failed: unrecognized error code 4
[1787714664.032925] [presto-gb200-gcn-04:3451257:0]  cuda_ipc_cache.c:181  UCX  WARN  cuMemUnmap( (CUdeviceptr)region->mapped_addr, region->key.b_len) failed: unrecognized error code 4
[1787714664.032926] [presto-gb200-gcn-04:3451257:0]  cuda_ipc_cache.c:181  UCX  WARN  cuMemUnmap( (CUdeviceptr)region->mapped_addr, region->key.b_len) failed: unrecognized error code 4
[1787714664.032927] [presto-gb200-gcn-04:3451257:0]  cuda_ipc_cache.c:181  UCX  WARN  cuMemUnmap( (CUdeviceptr)region->mapped_addr, region->key.b_len) failed: unrecognized error code 4
[1787714664.032929] [presto-gb200-gcn-04:3451257:0]  cuda_ipc_cache.c:181  UCX  WARN  cuMemUnmap( (CUdeviceptr)region->mapped_addr, region->key.b_len) failed: unrecognized error code 4
[1787714664.032930] [presto-gb200-gcn-04:3451257:0]  cuda_ipc_cache.c:181  UCX  WARN  cuMemUnmap( (CUdeviceptr)region->mapped_addr, region->key.b_len) failed: unrecognized error code 4
[1787714664.032932] [presto-gb200-gcn-04:3451257:0]        cuda_ctx.c:23   UCX  ERROR cuDevicePrimaryCtxGetState(cuda_device, &flags, &active) failed: unrecognized error code 4
[1787714664.032962] [presto-gb200-gcn-04:3451257:0]  cuda_ipc_cache.c:181  UCX  WARN  cuMemUnmap( (CUdeviceptr)region->mapped_addr, region->key.b_len) failed: unrecognized error code 4
[1787714664.032963] [presto-gb200-gcn-04:3451257:0]  cuda_ipc_cache.c:181  UCX  WARN  cuMemUnmap( (CUdeviceptr)region->mapped_addr, region->key.b_len) failed: unrecognized error code 4
[1787714664.032964] [presto-gb200-gcn-04:3451257:0]  cuda_ipc_cache.c:181  UCX  WARN  cuMemUnmap( (CUdeviceptr)region->mapped_addr, region->key.b_len) failed: unrecognized error code 4
[1787714664.032966] [presto-gb200-gcn-04:3451257:0]  cuda_ipc_cache.c:181  UCX  WARN  cuMemUnmap( (CUdeviceptr)region->mapped_addr, region->key.b_len) failed: unrecognized error code 4
[1787714664.032967] [presto-gb200-gcn-04:3451257:0]  cuda_ipc_cache.c:181  UCX  WARN  cuMemUnmap( (CUdeviceptr)region->mapped_addr, region->key.b_len) failed: unrecognized error code 4
[1787714664.032968] [presto-gb200-gcn-04:3451257:0]  cuda_ipc_cache.c:181  UCX  WARN  cuMemUnmap( (CUdeviceptr)region->mapped_addr, region->key.b_len) failed: unrecognized error code 4
[1787714664.032969] [presto-gb200-gcn-04:3451257:0]  cuda_ipc_cache.c:181  UCX  WARN  cuMemUnmap( (CUdeviceptr)region->mapped_addr, region->key.b_len) failed: unrecognized error code 4
[1787714664.032970] [presto-gb200-gcn-04:3451257:0]  cuda_ipc_cache.c:181  UCX  WARN  cuMemUnmap( (CUdeviceptr)region->mapped_addr, region->key.b_len) failed: unrecognized error code 4
[1787714664.032972] [presto-gb200-gcn-04:3451257:0]  cuda_ipc_cache.c:181  UCX  WARN  cuMemUnmap( (CUdeviceptr)region->mapped_addr, region->key.b_len) failed: unrecognized error code 4
[1787714664.032973] [presto-gb200-gcn-04:3451257:0]  cuda_ipc_cache.c:181  UCX  WARN  cuMemUnmap( (CUdeviceptr)region->mapped_addr, region->key.b_len) failed: unrecognized error code 4
[1787714664.032974] [presto-gb200-gcn-04:3451257:0]  cuda_ipc_cache.c:181  UCX  WARN  cuMemUnmap( (CUdeviceptr)region->mapped_addr, region->key.b_len) failed: unrecognized error code 4
[1787714664.032975] [presto-gb200-gcn-04:3451257:0]  cuda_ipc_cache.c:181  UCX  WARN  cuMemUnmap( (CUdeviceptr)region->mapped_addr, region->key.b_len) failed: unrecognized error code 4
[1787714664.032977] [presto-gb200-gcn-04:3451257:0]  cuda_ipc_cache.c:181  UCX  WARN  cuMemUnmap( (CUdeviceptr)region->mapped_addr, region->key.b_len) failed: unrecognized error code 4
[1787714664.032978] [presto-gb200-gcn-04:3451257:0]  cuda_ipc_cache.c:181  UCX  WARN  cuMemUnmap( (CUdeviceptr)region->mapped_addr, region->key.b_len) failed: unrecognized error code 4
[1787714664.032979] [presto-gb200-gcn-04:3451257:0]  cuda_ipc_cache.c:181  UCX  WARN  cuMemUnmap( (CUdeviceptr)region->mapped_addr, region->key.b_len) failed: unrecognized error code 4
[1787714664.032980] [presto-gb200-gcn-04:3451257:0]  cuda_ipc_cache.c:181  UCX  WARN  cuMemUnmap( (CUdeviceptr)region->mapped_addr, region->key.b_len) failed: unrecognized error code 4
[1787714664.032981] [presto-gb200-gcn-04:3451257:0]  cuda_ipc_cache.c:181  UCX  WARN  cuMemUnmap( (CUdeviceptr)region->mapped_addr, region->key.b_len) failed: unrecognized error code 4
[1787714664.032982] [presto-gb200-gcn-04:3451257:0]  cuda_ipc_cache.c:181  UCX  WARN  cuMemUnmap( (CUdeviceptr)region->mapped_addr, region->key.b_len) failed: unrecognized error code 4
[1787714664.032983] [presto-gb200-gcn-04:3451257:0]  cuda_ipc_cache.c:181  UCX  WARN  cuMemUnmap( (CUdeviceptr)region->mapped_addr, region->key.b_len) failed: unrecognized error code 4
[1787714664.032984] [presto-gb200-gcn-04:3451257:0]  cuda_ipc_cache.c:181  UCX  WARN  cuMemUnmap( (CUdeviceptr)region->mapped_addr, region->key.b_len) failed: unrecognized error code 4
[1787714664.032985] [presto-gb200-gcn-04:3451257:0]  cuda_ipc_cache.c:181  UCX  WARN  cuMemUnmap( (CUdeviceptr)region->mapped_addr, region->key.b_len) failed: unrecognized error code 4
[1787714664.032987] [presto-gb200-gcn-04:3451257:0]  cuda_ipc_cache.c:181  UCX  WARN  cuMemUnmap( (CUdeviceptr)region->mapped_addr, region->key.b_len) failed: unrecognized error code 4
[1787714664.032988] [presto-gb200-gcn-04:3451257:0]  cuda_ipc_cache.c:181  UCX  WARN  cuMemUnmap( (CUdeviceptr)region->mapped_addr, region->key.b_len) failed: unrecognized error code 4
[1787714664.032989] [presto-gb200-gcn-04:3451257:0]  cuda_ipc_cache.c:181  UCX  WARN  cuMemUnmap( (CUdeviceptr)region->mapped_addr, region->key.b_len) failed: unrecognized error code 4
[1787714664.032990] [presto-gb200-gcn-04:3451257:0]  cuda_ipc_cache.c:181  UCX  WARN  cuMemUnmap( (CUdeviceptr)region->mapped_addr, region->key.b_len) failed: unrecognized error code 4
[1787714664.032991] [presto-gb200-gcn-04:3451257:0]  cuda_ipc_cache.c:181  UCX  WARN  cuMemUnmap( (CUdeviceptr)region->mapped_addr, region->key.b_len) failed: unrecognized error code 4
[1787714664.032992] [presto-gb200-gcn-04:3451257:0]  cuda_ipc_cache.c:181  UCX  WARN  cuMemUnmap( (CUdeviceptr)region->mapped_addr, region->key.b_len) failed: unrecognized error code 4
[1787714664.032993] [presto-gb200-gcn-04:3451257:0]  cuda_ipc_cache.c:181  UCX  WARN  cuMemUnmap( (CUdeviceptr)region->mapped_addr, region->key.b_len) failed: unrecognized error code 4
[1787714664.032994] [presto-gb200-gcn-04:3451257:0]  cuda_ipc_cache.c:181  UCX  WARN  cuMemUnmap( (CUdeviceptr)region->mapped_addr, region->key.b_len) failed: unrecognized error code 4
[1787714664.032996] [presto-gb200-gcn-04:3451257:0]  cuda_ipc_cache.c:181  UCX  WARN  cuMemUnmap( (CUdeviceptr)region->mapped_addr, region->key.b_len) failed: unrecognized error code 4
[1787714664.032997] [presto-gb200-gcn-04:3451257:0]  cuda_ipc_cache.c:181  UCX  WARN  cuMemUnmap( (CUdeviceptr)region->mapped_addr, region->key.b_len) failed: unrecognized error code 4
[1787714664.032998] [presto-gb200-gcn-04:3451257:0]  cuda_ipc_cache.c:181  UCX  WARN  cuMemUnmap( (CUdeviceptr)region->mapped_addr, region->key.b_len) failed: unrecognized error code 4
[1787714664.032999] [presto-gb200-gcn-04:3451257:0]  cuda_ipc_cache.c:181  UCX  WARN  cuMemUnmap( (CUdeviceptr)region->mapped_addr, region->key.b_len) failed: unrecognized error code 4
[1787714664.033000] [presto-gb200-gcn-04:3451257:0]  cuda_ipc_cache.c:181  UCX  WARN  cuMemUnmap( (CUdeviceptr)region->mapped_addr, region->key.b_len) failed: unrecognized error code 4
[1787714664.033001] [presto-gb200-gcn-04:3451257:0]  cuda_ipc_cache.c:181  UCX  WARN  cuMemUnmap( (CUdeviceptr)region->mapped_addr, region->key.b_len) failed: unrecognized error code 4
[1787714664.033003] [presto-gb200-gcn-04:3451257:0]  cuda_ipc_cache.c:181  UCX  WARN  cuMemUnmap( (CUdeviceptr)region->mapped_addr, region->key.b_len) failed: unrecognized error code 4
[1787714664.033004] [presto-gb200-gcn-04:3451257:0]  cuda_ipc_cache.c:181  UCX  WARN  cuMemUnmap( (CUdeviceptr)region->mapped_addr, region->key.b_len) failed: unrecognized error code 4
[1787714664.033005] [presto-gb200-gcn-04:3451257:0]  cuda_ipc_cache.c:181  UCX  WARN  cuMemUnmap( (CUdeviceptr)region->mapped_addr, region->key.b_len) failed: unrecognized error code 4
[1787714664.033006] [presto-gb200-gcn-04:3451257:0]  cuda_ipc_cache.c:181  UCX  WARN  cuMemUnmap( (CUdeviceptr)region->mapped_addr, region->key.b_len) failed: unrecognized error code 4
[1787714664.033007] [presto-gb200-gcn-04:3451257:0]  cuda_ipc_cache.c:181  UCX  WARN  cuMemUnmap( (CUdeviceptr)region->mapped_addr, region->key.b_len) failed: unrecognized error code 4
[1787714664.033008] [presto-gb200-gcn-04:3451257:0]  cuda_ipc_cache.c:181  UCX  WARN  cuMemUnmap( (CUdeviceptr)region->mapped_addr, region->key.b_len) failed: unrecognized error code 4
[1787714664.033009] [presto-gb200-gcn-04:3451257:0]  cuda_ipc_cache.c:181  UCX  WARN  cuMemUnmap( (CUdeviceptr)region->mapped_addr, region->key.b_len) failed: unrecognized error code 4
[1787714664.033010] [presto-gb200-gcn-04:3451257:0]  cuda_ipc_cache.c:181  UCX  WARN  cuMemUnmap( (CUdeviceptr)region->mapped_addr, region->key.b_len) failed: unrecognized error code 4
[1787714664.033011] [presto-gb200-gcn-04:3451257:0]  cuda_ipc_cache.c:181  UCX  WARN  cuMemUnmap( (CUdeviceptr)region->mapped_addr, region->key.b_len) failed: unrecognized error code 4
[1787714664.033012] [presto-gb200-gcn-04:3451257:0]  cuda_ipc_cache.c:181  UCX  WARN  cuMemUnmap( (CUdeviceptr)region->mapped_addr, region->key.b_len) failed: unrecognized error code 4
[1787714664.033016] [presto-gb200-gcn-04:3451257:0]  cuda_ipc_cache.c:181  UCX  WARN  cuMemUnmap( (CUdeviceptr)region->mapped_addr, region->key.b_len) failed: unrecognized error code 4
[1787714664.033017] [presto-gb200-gcn-04:3451257:0]  cuda_ipc_cache.c:181  UCX  WARN  cuMemUnmap( (CUdeviceptr)region->mapped_addr, region->key.b_len) failed: unrecognized error code 4
[1787714664.033018] [presto-gb200-gcn-04:3451257:0]  cuda_ipc_cache.c:181  UCX  WARN  cuMemUnmap( (CUdeviceptr)region->mapped_addr, region->key.b_len) failed: unrecognized error code 4
[1787714664.033019] [presto-gb200-gcn-04:3451257:0]  cuda_ipc_cache.c:181  UCX  WARN  cuMemUnmap( (CUdeviceptr)region->mapped_addr, region->key.b_len) failed: unrecognized error code 4
[1787714664.033021] [presto-gb200-gcn-04:3451257:0]  cuda_ipc_cache.c:181  UCX  WARN  cuMemUnmap( (CUdeviceptr)region->mapped_addr, region->key.b_len) failed: unrecognized error code 4
[1787714664.033021] [presto-gb200-gcn-04:3451257:0]  cuda_ipc_cache.c:181  UCX  WARN  cuMemUnmap( (CUdeviceptr)region->mapped_addr, region->key.b_len) failed: unrecognized error code 4
[1787714664.033023] [presto-gb200-gcn-04:3451257:0]  cuda_ipc_cache.c:181  UCX  WARN  cuMemUnmap( (CUdeviceptr)region->mapped_addr, region->key.b_len) failed: unrecognized error code 4
[1787714664.033024] [presto-gb200-gcn-04:3451257:0]  cuda_ipc_cache.c:181  UCX  WARN  cuMemUnmap( (CUdeviceptr)region->mapped_addr, region->key.b_len) failed: unrecognized error code 4
[1787714664.033025] [presto-gb200-gcn-04:3451257:0]  cuda_ipc_cache.c:181  UCX  WARN  cuMemUnmap( (CUdeviceptr)region->mapped_addr, region->key.b_len) failed: unrecognized error code 4
[1787714664.033026] [presto-gb200-gcn-04:3451257:0]  cuda_ipc_cache.c:181  UCX  WARN  cuMemUnmap( (CUdeviceptr)region->mapped_addr, region->key.b_len) failed: unrecognized error code 4
[1787714664.033027] [presto-gb200-gcn-04:3451257:0]  cuda_ipc_cache.c:181  UCX  WARN  cuMemUnmap( (CUdeviceptr)region->mapped_addr, region->key.b_len) failed: unrecognized error code 4
[1787714664.033028] [presto-gb200-gcn-04:3451257:0]  cuda_ipc_cache.c:181  UCX  WARN  cuMemUnmap( (CUdeviceptr)region->mapped_addr, region->key.b_len) failed: unrecognized error code 4
[1787714664.033030] [presto-gb200-gcn-04:3451257:0]  cuda_ipc_cache.c:181  UCX  WARN  cuMemUnmap( (CUdeviceptr)region->mapped_addr, region->key.b_len) failed: unrecognized error code 4
[1787714664.033031] [presto-gb200-gcn-04:3451257:0]        cuda_ctx.c:23   UCX  ERROR cuDevicePrimaryCtxGetState(cuda_device, &flags, &active) failed: unrecognized error code 4
[1787714664.033053] [presto-gb200-gcn-04:3451257:0]  cuda_ipc_cache.c:181  UCX  WARN  cuMemUnmap( (CUdeviceptr)region->mapped_addr, region->key.b_len) failed: unrecognized error code 4
[1787714664.033054] [presto-gb200-gcn-04:3451257:0]  cuda_ipc_cache.c:181  UCX  WARN  cuMemUnmap( (CUdeviceptr)region->mapped_addr, region->key.b_len) failed: unrecognized error code 4
[1787714664.033055] [presto-gb200-gcn-04:3451257:0]  cuda_ipc_cache.c:181  UCX  WARN  cuMemUnmap( (CUdeviceptr)region->mapped_addr, region->key.b_len) failed: unrecognized error code 4
[1787714664.033057] [presto-gb200-gcn-04:3451257:0]  cuda_ipc_cache.c:181  UCX  WARN  cuMemUnmap( (CUdeviceptr)region->mapped_addr, region->key.b_len) failed: unrecognized error code 4
[1787714664.033058] [presto-gb200-gcn-04:3451257:0]  cuda_ipc_cache.c:181  UCX  WARN  cuMemUnmap( (CUdeviceptr)region->mapped_addr, region->key.b_len) failed: unrecognized error code 4
[1787714664.033059] [presto-gb200-gcn-04:3451257:0]  cuda_ipc_cache.c:181  UCX  WARN  cuMemUnmap( (CUdeviceptr)region->mapped_addr, region->key.b_len) failed: unrecognized error code 4
[1787714664.033060] [presto-gb200-gcn-04:3451257:0]  cuda_ipc_cache.c:181  UCX  WARN  cuMemUnmap( (CUdeviceptr)region->mapped_addr, region->key.b_len) failed: unrecognized error code 4
[1787714664.033061] [presto-gb200-gcn-04:3451257:0]  cuda_ipc_cache.c:181  UCX  WARN  cuMemUnmap( (CUdeviceptr)region->mapped_addr, region->key.b_len) failed: unrecognized error code 4
[1787714664.033062] [presto-gb200-gcn-04:3451257:0]  cuda_ipc_cache.c:181  UCX  WARN  cuMemUnmap( (CUdeviceptr)region->mapped_addr, region->key.b_len) failed: unrecognized error code 4
[1787714664.033064] [presto-gb200-gcn-04:3451257:0]  cuda_ipc_cache.c:181  UCX  WARN  cuMemUnmap( (CUdeviceptr)region->mapped_addr, region->key.b_len) failed: unrecognized error code 4
[1787714664.033065] [presto-gb200-gcn-04:3451257:0]  cuda_ipc_cache.c:181  UCX  WARN  cuMemUnmap( (CUdeviceptr)region->mapped_addr, region->key.b_len) failed: unrecognized error code 4
[1787714664.033065] [presto-gb200-gcn-04:3451257:0]  cuda_ipc_cache.c:181  UCX  WARN  cuMemUnmap( (CUdeviceptr)region->mapped_addr, region->key.b_len) failed: unrecognized error code 4
[1787714664.033066] [presto-gb200-gcn-04:3451257:0]  cuda_ipc_cache.c:181  UCX  WARN  cuMemUnmap( (CUdeviceptr)region->mapped_addr, region->key.b_len) failed: unrecognized error code 4
[1787714664.033068] [presto-gb200-gcn-04:3451257:0]  cuda_ipc_cache.c:181  UCX  WARN  cuMemUnmap( (CUdeviceptr)region->mapped_addr, region->key.b_len) failed: unrecognized error code 4
[1787714664.033069] [presto-gb200-gcn-04:3451257:0]  cuda_ipc_cache.c:181  UCX  WARN  cuMemUnmap( (CUdeviceptr)region->mapped_addr, region->key.b_len) failed: unrecognized error code 4
[1787714664.033070] [presto-gb200-gcn-04:3451257:0]  cuda_ipc_cache.c:181  UCX  WARN  cuMemUnmap( (CUdeviceptr)region->mapped_addr, region->key.b_len) failed: unrecognized error code 4
[1787714664.033071] [presto-gb200-gcn-04:3451257:0]  cuda_ipc_cache.c:181  UCX  WARN  cuMemUnmap( (CUdeviceptr)region->mapped_addr, region->key.b_len) failed: unrecognized error code 4
[1787714664.033071] [presto-gb200-gcn-04:3451257:0]  cuda_ipc_cache.c:181  UCX  WARN  cuMemUnmap( (CUdeviceptr)region->mapped_addr, region->key.b_len) failed: unrecognized error code 4
[1787714664.033072] [presto-gb200-gcn-04:3451257:0]  cuda_ipc_cache.c:181  UCX  WARN  cuMemUnmap( (CUdeviceptr)region->mapped_addr, region->key.b_len) failed: unrecognized error code 4
[1787714664.033073] [presto-gb200-gcn-04:3451257:0]  cuda_ipc_cache.c:181  UCX  WARN  cuMemUnmap( (CUdeviceptr)region->mapped_addr, region->key.b_len) failed: unrecognized error code 4
[1787714664.033074] [presto-gb200-gcn-04:3451257:0]  cuda_ipc_cache.c:181  UCX  WARN  cuMemUnmap( (CUdeviceptr)region->mapped_addr, region->key.b_len) failed: unrecognized error code 4
[1787714664.033075] [presto-gb200-gcn-04:3451257:0]  cuda_ipc_cache.c:181  UCX  WARN  cuMemUnmap( (CUdeviceptr)region->mapped_addr, region->key.b_len) failed: unrecognized error code 4
[1787714664.033076] [presto-gb200-gcn-04:3451257:0]  cuda_ipc_cache.c:181  UCX  WARN  cuMemUnmap( (CUdeviceptr)region->mapped_addr, region->key.b_len) failed: unrecognized error code 4
[1787714664.033077] [presto-gb200-gcn-04:3451257:0]  cuda_ipc_cache.c:181  UCX  WARN  cuMemUnmap( (CUdeviceptr)region->mapped_addr, region->key.b_len) failed: unrecognized error code 4
[1787714664.033078] [presto-gb200-gcn-04:3451257:0]  cuda_ipc_cache.c:181  UCX  WARN  cuMemUnmap( (CUdeviceptr)region->mapped_addr, region->key.b_len) failed: unrecognized error code 4
[1787714664.033079] [presto-gb200-gcn-04:3451257:0]  cuda_ipc_cache.c:181  UCX  WARN  cuMemUnmap( (CUdeviceptr)region->mapped_addr, region->key.b_len) failed: unrecognized error code 4
[1787714664.033081] [presto-gb200-gcn-04:3451257:0]  cuda_ipc_cache.c:181  UCX  WARN  cuMemUnmap( (CUdeviceptr)region->mapped_addr, region->key.b_len) failed: unrecognized error code 4
[1787714664.033082] [presto-gb200-gcn-04:3451257:0]  cuda_ipc_cache.c:181  UCX  WARN  cuMemUnmap( (CUdeviceptr)region->mapped_addr, region->key.b_len) failed: unrecognized error code 4
[1787714664.033083] [presto-gb200-gcn-04:3451257:0]  cuda_ipc_cache.c:181  UCX  WARN  cuMemUnmap( (CUdeviceptr)region->mapped_addr, region->key.b_len) failed: unrecognized error code 4
[1787714664.033084] [presto-gb200-gcn-04:3451257:0]  cuda_ipc_cache.c:181  UCX  WARN  cuMemUnmap( (CUdeviceptr)region->mapped_addr, region->key.b_len) failed: unrecognized error code 4
[1787714664.033085] [presto-gb200-gcn-04:3451257:0]  cuda_ipc_cache.c:181  UCX  WARN  cuMemUnmap( (CUdeviceptr)region->mapped_addr, region->key.b_len) failed: unrecognized error code 4
[1787714664.033086] [presto-gb200-gcn-04:3451257:0]  cuda_ipc_cache.c:181  UCX  WARN  cuMemUnmap( (CUdeviceptr)region->mapped_addr, region->key.b_len) failed: unrecognized error code 4
[1787714664.033087] [presto-gb200-gcn-04:3451257:0]  cuda_ipc_cache.c:181  UCX  WARN  cuMemUnmap( (CUdeviceptr)region->mapped_addr, region->key.b_len) failed: unrecognized error code 4
[1787714664.033088] [presto-gb200-gcn-04:3451257:0]  cuda_ipc_cache.c:181  UCX  WARN  cuMemUnmap( (CUdeviceptr)region->mapped_addr, region->key.b_len) failed: unrecognized error code 4
[1787714664.033089] [presto-gb200-gcn-04:3451257:0]  cuda_ipc_cache.c:181  UCX  WARN  cuMemUnmap( (CUdeviceptr)region->mapped_addr, region->key.b_len) failed: unrecognized error code 4
[1787714664.033091] [presto-gb200-gcn-04:3451257:0]  cuda_ipc_cache.c:181  UCX  WARN  cuMemUnmap( (CUdeviceptr)region->mapped_addr, region->key.b_len) failed: unrecognized error code 4
[1787714664.033092] [presto-gb200-gcn-04:3451257:0]  cuda_ipc_cache.c:181  UCX  WARN  cuMemUnmap( (CUdeviceptr)region->mapped_addr, region->key.b_len) failed: unrecognized error code 4
[1787714664.033093] [presto-gb200-gcn-04:3451257:0]  cuda_ipc_cache.c:181  UCX  WARN  cuMemUnmap( (CUdeviceptr)region->mapped_addr, region->key.b_len) failed: unrecognized error code 4
[1787714664.033094] [presto-gb200-gcn-04:3451257:0]  cuda_ipc_cache.c:181  UCX  WARN  cuMemUnmap( (CUdeviceptr)region->mapped_addr, region->key.b_len) failed: unrecognized error code 4
[1787714664.033095] [presto-gb200-gcn-04:3451257:0]  cuda_ipc_cache.c:181  UCX  WARN  cuMemUnmap( (CUdeviceptr)region->mapped_addr, region->key.b_len) failed: unrecognized error code 4
[1787714664.033096] [presto-gb200-gcn-04:3451257:0]  cuda_ipc_cache.c:181  UCX  WARN  cuMemUnmap( (CUdeviceptr)region->mapped_addr, region->key.b_len) failed: unrecognized error code 4
[1787714664.033097] [presto-gb200-gcn-04:3451257:0]  cuda_ipc_cache.c:181  UCX  WARN  cuMemUnmap( (CUdeviceptr)region->mapped_addr, region->key.b_len) failed: unrecognized error code 4
[1787714664.033097] [presto-gb200-gcn-04:3451257:0]  cuda_ipc_cache.c:181  UCX  WARN  cuMemUnmap( (CUdeviceptr)region->mapped_addr, region->key.b_len) failed: unrecognized error code 4
[1787714664.033099] [presto-gb200-gcn-04:3451257:0]  cuda_ipc_cache.c:181  UCX  WARN  cuMemUnmap( (CUdeviceptr)region->mapped_addr, region->key.b_len) failed: unrecognized error code 4
[1787714664.033100] [presto-gb200-gcn-04:3451257:0]  cuda_ipc_cache.c:181  UCX  WARN  cuMemUnmap( (CUdeviceptr)region->mapped_addr, region->key.b_len) failed: unrecognized error code 4
[1787714664.033104] [presto-gb200-gcn-04:3451257:0]  cuda_ipc_cache.c:181  UCX  WARN  cuMemUnmap( (CUdeviceptr)region->mapped_addr, region->key.b_len) failed: unrecognized error code 4
[1787714664.033105] [presto-gb200-gcn-04:3451257:0]  cuda_ipc_cache.c:181  UCX  WARN  cuMemUnmap( (CUdeviceptr)region->mapped_addr, region->key.b_len) failed: unrecognized error code 4
[1787714664.033106] [presto-gb200-gcn-04:3451257:0]  cuda_ipc_cache.c:181  UCX  WARN  cuMemUnmap( (CUdeviceptr)region->mapped_addr, region->key.b_len) failed: unrecognized error code 4
[1787714664.033107] [presto-gb200-gcn-04:3451257:0]  cuda_ipc_cache.c:181  UCX  WARN  cuMemUnmap( (CUdeviceptr)region->mapped_addr, region->key.b_len) failed: unrecognized error code 4
[1787714664.033108] [presto-gb200-gcn-04:3451257:0]  cuda_ipc_cache.c:181  UCX  WARN  cuMemUnmap( (CUdeviceptr)region->mapped_addr, region->key.b_len) failed: unrecognized error code 4
[1787714664.033109] [presto-gb200-gcn-04:3451257:0]  cuda_ipc_cache.c:181  UCX  WARN  cuMemUnmap( (CUdeviceptr)region->mapped_addr, region->key.b_len) failed: unrecognized error code 4
[1787714664.033111] [presto-gb200-gcn-04:3451257:0]  cuda_ipc_cache.c:181  UCX  WARN  cuMemUnmap( (CUdeviceptr)region->mapped_addr, region->key.b_len) failed: unrecognized error code 4
[1787714664.033112] [presto-gb200-gcn-04:3451257:0]  cuda_ipc_cache.c:181  UCX  WARN  cuMemUnmap( (CUdeviceptr)region->mapped_addr, region->key.b_len) failed: unrecognized error code 4
[1787714664.033113] [presto-gb200-gcn-04:3451257:0]  cuda_ipc_cache.c:181  UCX  WARN  cuMemUnmap( (CUdeviceptr)region->mapped_addr, region->key.b_len) failed: unrecognized error code 4
[1787714664.033114] [presto-gb200-gcn-04:3451257:0]  cuda_ipc_cache.c:181  UCX  WARN  cuMemUnmap( (CUdeviceptr)region->mapped_addr, region->key.b_len) failed: unrecognized error code 4
[1787714664.033116] [presto-gb200-gcn-04:3451257:0]  cuda_ipc_cache.c:181  UCX  WARN  cuMemUnmap( (CUdeviceptr)region->mapped_addr, region->key.b_len) failed: unrecognized error code 4
[1787714664.033117] [presto-gb200-gcn-04:3451257:0]  cuda_ipc_cache.c:181  UCX  WARN  cuMemUnmap( (CUdeviceptr)region->mapped_addr, region->key.b_len) failed: unrecognized error code 4
[1787714664.033118] [presto-gb200-gcn-04:3451257:0]  cuda_ipc_cache.c:181  UCX  WARN  cuMemUnmap( (CUdeviceptr)region->mapped_addr, region->key.b_len) failed: unrecognized error code 4
[1787714664.033119] [presto-gb200-gcn-04:3451257:0]  cuda_ipc_cache.c:181  UCX  WARN  cuMemUnmap( (CUdeviceptr)region->mapped_addr, region->key.b_len) failed: unrecognized error code 4
[1787714664.033120] [presto-gb200-gcn-04:3451257:0]  cuda_ipc_cache.c:181  UCX  WARN  cuMemUnmap( (CUdeviceptr)region->mapped_addr, region->key.b_len) failed: unrecognized error code 4
[1787714664.033122] [presto-gb200-gcn-04:3451257:0]  cuda_ipc_cache.c:181  UCX  WARN  cuMemUnmap( (CUdeviceptr)region->mapped_addr, region->key.b_len) failed: unrecognized error code 4
[1787714664.033123] [presto-gb200-gcn-04:3451257:0]  cuda_ipc_cache.c:181  UCX  WARN  cuMemUnmap( (CUdeviceptr)region->mapped_addr, region->key.b_len) failed: unrecognized error code 4
[1787714664.033124] [presto-gb200-gcn-04:3451257:0]        cuda_ctx.c:23   UCX  ERROR cuDevicePrimaryCtxGetState(cuda_device, &flags, &active) failed: unrecognized error code 4
end_utc=2026-08-26T03:24:26+00:00
exit_code=0
