============================================================
experiment=single-nvl4-spill-very-heavy-spill-limit-20480MiB-local-32GiB-20260826T032149Z
run=6/8
start_utc=2026-08-26T03:23:36+00:00
spill_label=very-heavy-spill device_limit_mib=20480
ranks=4 local_input_gib=32
rows_per_partition=536870912 columns=4 input_partitions=4 output_partitions=8
command= rrun -n 4 --bind-to cpu --bind-to memory -x UCX_TLS=\^ib\,ud:aux -x UCX_MAX_RNDV_RAILS=1 -x UCX_PROTO_ENABLE=y -x UCX_WARN_UNUSED_ENV_VARS=n libcudf_streaming_bench_shuffle -w 3 -r 10 -g -s -x -m pool -l 20480 -n 536870912 -c 4 -p 4 -o 8 -C ucxx
============================================================

[rrun] All ranks launched. Waiting for completion...

[1:PRINT:0:2026-08-26 03:23:42.397616971] Hardware setup: 
  GPU (NVIDIA GB200): 
    Device number: 0
    PCI Bus ID: 0019:01:00.0
    Total Memory: 184 GiB
  Comm: UCXX(rank=1, nranks=4, ucx-version=1.23.0)

[3:PRINT:0:2026-08-26 03:23:42.397616779] Hardware setup: 
  GPU (NVIDIA GB200): 
    Device number: 0
    PCI Bus ID: 0018:01:00.0
    Total Memory: 184 GiB
  Comm: UCXX(rank=3, nranks=4, ucx-version=1.23.0)

[2:PRINT:0:2026-08-26 03:23:42.397604875] Hardware setup: 
  GPU (NVIDIA GB200): 
    Device number: 0
    PCI Bus ID: 0009:01:00.0
    Total Memory: 184 GiB
  Comm: UCXX(rank=2, nranks=4, ucx-version=1.23.0)

[0:PRINT:0:2026-08-26 03:23:42.397746891] Arguments:
  -c ucxx (communicator)
  -r 10 (number of runs)
  -w 3 (number of warmup runs)
  -c 4 (number of columns)
  -n 536870912 (number of rows per rank)
  -p 4 (number of input partitions per rank)
  -o 8 (number of output partitions per rank)
  -m pool (RMM memory resource)
  -l 20480 (device memory limit in MiB)
  -s (enable output discard to simulate streaming)
  -x (enable memory profiling)
  -g (use pre-partitioned input tables)
Local size: 32 GiB
Total size: 128 GiB

[0:PRINT:0:2026-08-26 03:23:42.397789355] Hardware setup: 
  GPU (NVIDIA GB200): 
    Device number: 0
    PCI Bus ID: 0008:01:00.0
    Total Memory: 184 GiB
  Comm: UCXX(rank=0, nranks=4, ucx-version=1.23.0)

[3:PRINT:0:2026-08-26 03:23:49.480789065] elapsed: 6.98 s | local throughput: 4.59 GiB/s | global throughput: 18.34 GiB/s (warmup run)
[1:PRINT:0:2026-08-26 03:23:49.480803145] elapsed: 6.88 s | local throughput: 4.65 GiB/s | global throughput: 18.61 GiB/s (warmup run)
[2:PRINT:0:2026-08-26 03:23:49.480785097] elapsed: 6.98 s | local throughput: 4.59 GiB/s | global throughput: 18.35 GiB/s (warmup run)
[0:PRINT:0:2026-08-26 03:23:49.480784969] elapsed: 7.01 s | local throughput: 4.57 GiB/s | global throughput: 18.27 GiB/s (warmup run)
[3:PRINT:0:2026-08-26 03:23:50.474272880] elapsed: 925.11 ms | local throughput: 34.59 GiB/s | global throughput: 138.36 GiB/s (warmup run)
[2:PRINT:0:2026-08-26 03:23:50.474268304] elapsed: 899.46 ms | local throughput: 35.58 GiB/s | global throughput: 142.31 GiB/s (warmup run)
[0:PRINT:0:2026-08-26 03:23:50.474267440] elapsed: 903.90 ms | local throughput: 35.40 GiB/s | global throughput: 141.61 GiB/s (warmup run)
[1:PRINT:0:2026-08-26 03:23:50.474291824] elapsed: 916.09 ms | local throughput: 34.93 GiB/s | global throughput: 139.72 GiB/s (warmup run)
[3:PRINT:0:2026-08-26 03:23:51.096944868] elapsed: 553.57 ms | local throughput: 57.81 GiB/s | global throughput: 231.23 GiB/s (warmup run)
[2:PRINT:0:2026-08-26 03:23:51.096941348] elapsed: 537.47 ms | local throughput: 59.54 GiB/s | global throughput: 238.15 GiB/s (warmup run)
[0:PRINT:0:2026-08-26 03:23:51.096952068] elapsed: 508.63 ms | local throughput: 62.91 GiB/s | global throughput: 251.66 GiB/s (warmup run)
[1:PRINT:0:2026-08-26 03:23:51.096961220] elapsed: 523.43 ms | local throughput: 61.13 GiB/s | global throughput: 244.54 GiB/s (warmup run)
[3:PRINT:0:2026-08-26 03:23:51.698753850] elapsed: 516.08 ms | local throughput: 62.01 GiB/s | global throughput: 248.02 GiB/s
[0:PRINT:0:2026-08-26 03:23:51.698755866] elapsed: 533.49 ms | local throughput: 59.98 GiB/s | global throughput: 239.93 GiB/s
[2:PRINT:0:2026-08-26 03:23:51.698752890] elapsed: 520.74 ms | local throughput: 61.45 GiB/s | global throughput: 245.80 GiB/s
[1:PRINT:0:2026-08-26 03:23:51.698776954] elapsed: 520.45 ms | local throughput: 61.49 GiB/s | global throughput: 245.94 GiB/s
[2:PRINT:0:2026-08-26 03:23:52.322814798] elapsed: 555.80 ms | local throughput: 57.57 GiB/s | global throughput: 230.30 GiB/s
[3:PRINT:0:2026-08-26 03:23:52.322823918] elapsed: 533.86 ms | local throughput: 59.94 GiB/s | global throughput: 239.76 GiB/s
[0:PRINT:0:2026-08-26 03:23:52.322819918] elapsed: 549.51 ms | local throughput: 58.23 GiB/s | global throughput: 232.94 GiB/s
[1:PRINT:0:2026-08-26 03:23:52.322835086] elapsed: 524.46 ms | local throughput: 61.02 GiB/s | global throughput: 244.06 GiB/s
[3:PRINT:0:2026-08-26 03:23:52.941478562] elapsed: 546 ms | local throughput: 58.61 GiB/s | global throughput: 234.43 GiB/s
[2:PRINT:0:2026-08-26 03:23:52.941478114] elapsed: 520.20 ms | local throughput: 61.52 GiB/s | global throughput: 246.06 GiB/s
[0:PRINT:0:2026-08-26 03:23:52.941476418] elapsed: 550.21 ms | local throughput: 58.16 GiB/s | global throughput: 232.64 GiB/s
[1:PRINT:0:2026-08-26 03:23:52.941502530] elapsed: 499.47 ms | local throughput: 64.07 GiB/s | global throughput: 256.27 GiB/s
[3:PRINT:0:2026-08-26 03:23:53.545275384] elapsed: 535.48 ms | local throughput: 59.76 GiB/s | global throughput: 239.04 GiB/s
[0:PRINT:0:2026-08-26 03:23:53.545282136] elapsed: 511.98 ms | local throughput: 62.50 GiB/s | global throughput: 250.01 GiB/s
[2:PRINT:0:2026-08-26 03:23:53.545288600] elapsed: 534.66 ms | local throughput: 59.85 GiB/s | global throughput: 239.41 GiB/s
[1:PRINT:0:2026-08-26 03:23:53.545299544] elapsed: 481.06 ms | local throughput: 66.52 GiB/s | global throughput: 266.08 GiB/s
[3:PRINT:0:2026-08-26 03:23:54.134908688] elapsed: 500.83 ms | local throughput: 63.89 GiB/s | global throughput: 255.58 GiB/s
[2:PRINT:0:2026-08-26 03:23:54.134916016] elapsed: 521.23 ms | local throughput: 61.39 GiB/s | global throughput: 245.58 GiB/s
[0:PRINT:0:2026-08-26 03:23:54.134910160] elapsed: 488.52 ms | local throughput: 65.50 GiB/s | global throughput: 262.02 GiB/s
[1:PRINT:0:2026-08-26 03:23:54.134918736] elapsed: 506.36 ms | local throughput: 63.20 GiB/s | global throughput: 252.78 GiB/s
[3:PRINT:0:2026-08-26 03:23:54.739551142] elapsed: 510.94 ms | local throughput: 62.63 GiB/s | global throughput: 250.52 GiB/s
[0:PRINT:0:2026-08-26 03:23:54.739553478] elapsed: 536.29 ms | local throughput: 59.67 GiB/s | global throughput: 238.68 GiB/s
[2:PRINT:0:2026-08-26 03:23:54.739567302] elapsed: 514.59 ms | local throughput: 62.19 GiB/s | global throughput: 248.74 GiB/s
[1:PRINT:0:2026-08-26 03:23:54.739571302] elapsed: 510.98 ms | local throughput: 62.62 GiB/s | global throughput: 250.50 GiB/s
[3:PRINT:0:2026-08-26 03:23:55.361994938] elapsed: 501.94 ms | local throughput: 63.75 GiB/s | global throughput: 255.01 GiB/s
[0:PRINT:0:2026-08-26 03:23:55.362004026] elapsed: 505.95 ms | local throughput: 63.25 GiB/s | global throughput: 252.99 GiB/s
[2:PRINT:0:2026-08-26 03:23:55.362004538] elapsed: 554.08 ms | local throughput: 57.75 GiB/s | global throughput: 231.01 GiB/s
[1:PRINT:0:2026-08-26 03:23:55.362017626] elapsed: 525.78 ms | local throughput: 60.86 GiB/s | global throughput: 243.45 GiB/s
[0:PRINT:0:2026-08-26 03:23:55.994084941] elapsed: 534.02 ms | local throughput: 59.92 GiB/s | global throughput: 239.69 GiB/s
[2:PRINT:0:2026-08-26 03:23:55.994090893] elapsed: 502.57 ms | local throughput: 63.67 GiB/s | global throughput: 254.69 GiB/s
[3:PRINT:0:2026-08-26 03:23:55.994090413] elapsed: 493.89 ms | local throughput: 64.79 GiB/s | global throughput: 259.17 GiB/s
[1:PRINT:0:2026-08-26 03:23:55.994092845] elapsed: 563.73 ms | local throughput: 56.76 GiB/s | global throughput: 227.06 GiB/s
[3:PRINT:0:2026-08-26 03:23:56.602708002] elapsed: 540.25 ms | local throughput: 59.23 GiB/s | global throughput: 236.93 GiB/s
[2:PRINT:0:2026-08-26 03:23:56.602703362] elapsed: 513.15 ms | local throughput: 62.36 GiB/s | global throughput: 249.44 GiB/s
[0:PRINT:0:2026-08-26 03:23:56.602710850] elapsed: 499.11 ms | local throughput: 64.11 GiB/s | global throughput: 256.46 GiB/s
[1:PRINT:0:2026-08-26 03:23:56.602723202] elapsed: 502.63 ms | local throughput: 63.67 GiB/s | global throughput: 254.66 GiB/s
[0:PRINT:0:2026-08-26 03:23:57.183993723] elapsed: 493.30 ms | local throughput: 64.87 GiB/s | global throughput: 259.48 GiB/s
[2:PRINT:0:2026-08-26 03:23:57.183995771] elapsed: 512.96 ms | local throughput: 62.38 GiB/s | global throughput: 249.53 GiB/s
[0:PRINT:0:2026-08-26 03:23:57.184012315] means: 519.31 ms | local throughput: 61.62 GiB/s | global throughput: 246.48 GiB/s | in_parts: 4 | out_parts: 8 | nranks: 4 | device memory peak: 48 GiB | device memory total: 171.13 GiB (avg)
[2:PRINT:0:2026-08-26 03:23:57.184015131] means: 524.47 ms | local throughput: 61.01 GiB/s | global throughput: 244.06 GiB/s | in_parts: 4 | out_parts: 8 | nranks: 4 | device memory peak: 48 GiB | device memory total: 171.14 GiB (avg)
[3:PRINT:0:2026-08-26 03:23:57.183998395] elapsed: 504.75 ms | local throughput: 63.40 GiB/s | global throughput: 253.59 GiB/s
[3:PRINT:0:2026-08-26 03:23:57.184016315] means: 517.79 ms | local throughput: 61.80 GiB/s | global throughput: 247.20 GiB/s | in_parts: 4 | out_parts: 8 | nranks: 4 | device memory peak: 48 GiB | device memory total: 171.11 GiB (avg)
[1:PRINT:0:2026-08-26 03:23:57.184012475] elapsed: 501.02 ms | local throughput: 63.87 GiB/s | global throughput: 255.48 GiB/s
[1:PRINT:0:2026-08-26 03:23:57.184028603] means: 512.76 ms | local throughput: 62.41 GiB/s | global throughput: 249.63 GiB/s | in_parts: 4 | out_parts: 8 | nranks: 4 | device memory peak: 48 GiB | device memory total: 171.13 GiB (avg)
[3:PRINT:0:2026-08-26 03:23:57.184086619] Statistics (of the last run):
 - alloc-device:                                       26.99 GiB | 92.88 ms | 290.61 GiB/s | avg-stream-delay 3.52 ms
 - alloc-pinned_host:                                  35.99 GiB | 7.21 ms | 4.88 TiB/s | avg-stream-delay 17.72 ms
 - copy-device-to-pinned_host:                         12 GiB | 102.28 ms | 117.33 GiB/s | avg-stream-delay 53.08 ms
 - copy-pinned_host-to-device:                         26.99 GiB | 832.20 ms | 32.44 GiB/s | avg-stream-delay 4.38 ms
 - event-loop-total:                                   206.81 ms | avg 37.98 us
 - metadata-payload-exchange-complete-data-transfers:  1.50 ms | avg 275.39 ns
 - metadata-payload-exchange-progress:                 195.68 ms | avg 35.94 us
 - metadata-payload-exchange-receive-metadata:         184.50 ms | avg 33.88 us
[1:PRINT:0:2026-08-26 03:23:57.184092475] Statistics (of the last run):
[2:PRINT:0:2026-08-26 03:23:57.184087131] Statistics (of the last run):
[0:PRINT:0:2026-08-26 03:23:57.184087419] Statistics (of the last run):
 - alloc-device:                                       27 GiB | 78.15 ms | 345.54 GiB/s | avg-stream-delay 5.26 ms
 - alloc-device:                                       27 GiB | 87.91 ms | 307.12 GiB/s | avg-stream-delay 3.81 ms
 - metadata-payload-exchange-send-messages:            8.70 ms | avg 435.23 us
 - alloc-pinned_host:                                  36 GiB | 10.39 ms | 3.39 TiB/s | avg-stream-delay 17.84 ms
 - alloc-pinned_host:                                  36 GiB | 8.69 ms | 4.04 TiB/s | avg-stream-delay 17.59 ms
 - copy-device-to-pinned_host:                         12 GiB | 105.27 ms | 114 GiB/s | avg-stream-delay 53.42 ms
 - metadata-payload-exchange-setup-data-receives:      6.65 ms | avg 1.22 us
 - shuffle-payload-recv:                               23.99 GiB | avg 255.93 MiB
 - shuffle-payload-send:                               24 GiB | avg 256.02 MiB

Memory Profiling
----------------
 - copy-device-to-pinned_host:                         12 GiB | 103.58 ms | 115.86 GiB/s | avg-stream-delay 52.67 ms
 - copy-pinned_host-to-device:                         27 GiB | 582.82 ms | 46.34 GiB/s | avg-stream-delay 5.98 ms
 - event-loop-total:                                   157.88 ms | avg 24.07 us
Legends:
  ncalls - number of times the scope was executed.
  peak   - peak memory usage by the scope.
  g-peak - global peak memory usage during the scope's execution.
 - metadata-payload-exchange-complete-data-transfers:  3.31 ms | avg 504.45 ns
 - alloc-device:                                       27 GiB | 90.44 ms | 298.56 GiB/s | avg-stream-delay 3.20 ms
 - copy-pinned_host-to-device:                         27 GiB | 787.29 ms | 34.29 GiB/s | avg-stream-delay 4.63 ms
  accum  - total accumulated memory allocations by the scope.
 - metadata-payload-exchange-progress:                 150.20 ms | avg 22.90 us
 - alloc-pinned_host:                                  36 GiB | 9.76 ms | 3.60 TiB/s | avg-stream-delay 17.60 ms
 - event-loop-total:                                   76.85 ms | avg 10 us
 - metadata-payload-exchange-complete-data-transfers:  6.07 ms | avg 790.17 ns
 - metadata-payload-exchange-progress:                 68.24 ms | avg 8.88 us
 - metadata-payload-exchange-receive-metadata:         138.28 ms | avg 21.08 us
 - metadata-payload-exchange-send-messages:            5.07 ms | avg 253.32 us
  max    - largest single allocation by the scope.
 - metadata-payload-exchange-receive-metadata:         51.62 ms | avg 6.72 us
 - metadata-payload-exchange-send-messages:            5.34 ms | avg 157.07 us
 - metadata-payload-exchange-setup-data-receives:      5.96 ms | avg 776.38 ns
 - shuffle-payload-recv:                               24 GiB | avg 256 MiB
 - shuffle-payload-send:                               24 GiB | avg 256 MiB
 - metadata-payload-exchange-setup-data-receives:      4.41 ms | avg 672.01 ns
 - shuffle-payload-recv:                               24 GiB | avg 256.04 MiB
 - copy-device-to-pinned_host:                         12 GiB | 102.52 ms | 117.05 GiB/s | avg-stream-delay 52.69 ms

Memory Profiling
 - shuffle-payload-send:                               24 GiB | avg 255.99 MiB
 - copy-pinned_host-to-device:                         27 GiB | 821.72 ms | 32.86 GiB/s | avg-stream-delay 4.04 ms

Ordered by: peak (descending)


----------------
  ncalls        peak      g-peak       accum         max  filename:lineno(name)
 - event-loop-total:                                   129 ms | avg 18.86 us
Memory Profiling
Legends:
       1      48 GiB      48 GiB    2.17 TiB       2 GiB  main (all allocations using RmmResourceAdaptor)
 - metadata-payload-exchange-complete-data-transfers:  6.51 ms | avg 951.69 ns
----------------
Legends:
  ncalls - number of times the scope was executed.
 - metadata-payload-exchange-progress:                 119.55 ms | avg 17.48 us
  ncalls - number of times the scope was executed.
       4      16 GiB      16 GiB   80.13 GiB       2 GiB  /tmp/conda-bld-output/bld/rattler-build_libcudf/work/cpp/libcudf_streaming/src/partition_utils.cpp:83(partition_and_pack)
  peak   - peak memory usage by the scope.
 - metadata-payload-exchange-receive-metadata:         102.37 ms | avg 14.97 us
  peak   - peak memory usage by the scope.
  g-peak - global peak memory usage during the scope's execution.
  g-peak - global peak memory usage during the scope's execution.
 - metadata-payload-exchange-send-messages:            6.83 ms | avg 325.19 us
       4       8 GiB       8 GiB      32 GiB  256.17 MiB  /tmp/conda-bld-output/bld/rattler-build_libcudf/work/cpp/libcudf_streaming/src/partition_utils.cpp:110(split_and_pack)
       8       4 GiB       4 GiB   31.99 GiB       1 GiB  /tmp/conda-bld-output/bld/rattler-build_libcudf/work/cpp/libcudf_streaming/src/partition_utils.cpp:136(unpack_and_concat)
  accum  - total accumulated memory allocations by the scope.
 - metadata-payload-exchange-setup-data-receives:      6 ms | avg 876.78 ns
  accum  - total accumulated memory allocations by the scope.
  max    - largest single allocation by the scope.

Ordered by: peak (descending)

  ncalls        peak      g-peak       accum         max  filename:lineno(name)
       1      48 GiB      48 GiB    2.17 TiB       2 GiB  main (all allocations using RmmResourceAdaptor)
       4      16 GiB      16 GiB   80.13 GiB       2 GiB  /tmp/conda-bld-output/bld/rattler-build_libcudf/work/cpp/libcudf_streaming/src/partition_utils.cpp:83(partition_and_pack)
  max    - largest single allocation by the scope.
       4       8 GiB       8 GiB      32 GiB  256.17 MiB  /tmp/conda-bld-output/bld/rattler-build_libcudf/work/cpp/libcudf_streaming/src/partition_utils.cpp:110(split_and_pack)
       8       4 GiB       4 GiB      32 GiB       1 GiB  /tmp/conda-bld-output/bld/rattler-build_libcudf/work/cpp/libcudf_streaming/src/partition_utils.cpp:136(unpack_and_concat)

 - shuffle-payload-recv:                               24 GiB | avg 256.03 MiB
       1         0 B         0 B         0 B         0 B  /tmp/conda-bld-output/bld/rattler-build_libcudf/work/cpp/libcudf_streaming/benchmarks/bench_shuffle.cpp:276(shuffling)
       1         0 B         0 B         0 B         0 B  /tmp/conda-bld-output/bld/rattler-build_libcudf/work/cpp/libcudf_streaming/benchmarks/bench_shuffle.cpp:276(shuffling)
Ordered by: peak (descending)
 - shuffle-payload-send:                               24 GiB | avg 255.99 MiB


Limitation:
  - A scope only tracks allocations made by the thread that entered it.



Limitation:
Memory Profiling
  ncalls        peak      g-peak       accum         max  filename:lineno(name)
       1      48 GiB      48 GiB    2.17 TiB       2 GiB  main (all allocations using RmmResourceAdaptor)
----------------
  - A scope only tracks allocations made by the thread that entered it.
       4      16 GiB      16 GiB   80.13 GiB       2 GiB  /tmp/conda-bld-output/bld/rattler-build_libcudf/work/cpp/libcudf_streaming/src/partition_utils.cpp:83(partition_and_pack)
Legends:
  ncalls - number of times the scope was executed.
       4       8 GiB       8 GiB      32 GiB  256.17 MiB  /tmp/conda-bld-output/bld/rattler-build_libcudf/work/cpp/libcudf_streaming/src/partition_utils.cpp:110(split_and_pack)

  peak   - peak memory usage by the scope.
  g-peak - global peak memory usage during the scope's execution.
  accum  - total accumulated memory allocations by the scope.
  max    - largest single allocation by the scope.
       8       4 GiB       4 GiB   32.01 GiB       1 GiB  /tmp/conda-bld-output/bld/rattler-build_libcudf/work/cpp/libcudf_streaming/src/partition_utils.cpp:136(unpack_and_concat)
       1         0 B         0 B         0 B         0 B  /tmp/conda-bld-output/bld/rattler-build_libcudf/work/cpp/libcudf_streaming/benchmarks/bench_shuffle.cpp:276(shuffling)


Ordered by: peak (descending)

  ncalls        peak      g-peak       accum         max  filename:lineno(name)
       1      48 GiB      48 GiB    2.17 TiB       2 GiB  main (all allocations using RmmResourceAdaptor)
       4      16 GiB      16 GiB   80.13 GiB       2 GiB  /tmp/conda-bld-output/bld/rattler-build_libcudf/work/cpp/libcudf_streaming/src/partition_utils.cpp:83(partition_and_pack)
       4       8 GiB       8 GiB      32 GiB  256.17 MiB  /tmp/conda-bld-output/bld/rattler-build_libcudf/work/cpp/libcudf_streaming/src/partition_utils.cpp:110(split_and_pack)
       8       4 GiB       4 GiB      32 GiB       1 GiB  /tmp/conda-bld-output/bld/rattler-build_libcudf/work/cpp/libcudf_streaming/src/partition_utils.cpp:136(unpack_and_concat)
       1         0 B         0 B         0 B         0 B  /tmp/conda-bld-output/bld/rattler-build_libcudf/work/cpp/libcudf_streaming/benchmarks/bench_shuffle.cpp:276(shuffling)

Limitation:
Limitation:
  - A scope only tracks allocations made by the thread that entered it.

  - A scope only tracks allocations made by the thread that entered it.

[1787714637.717708] [presto-gb200-gcn-04:3450628:0]  cuda_ipc_cache.c:181  UCX  WARN  cuMemUnmap( (CUdeviceptr)region->mapped_addr, region->key.b_len) failed: unrecognized error code 4
[1787714637.717714] [presto-gb200-gcn-04:3450628:0]  cuda_ipc_cache.c:181  UCX  WARN  cuMemUnmap( (CUdeviceptr)region->mapped_addr, region->key.b_len) failed: unrecognized error code 4
[1787714637.717716] [presto-gb200-gcn-04:3450628:0]  cuda_ipc_cache.c:181  UCX  WARN  cuMemUnmap( (CUdeviceptr)region->mapped_addr, region->key.b_len) failed: unrecognized error code 4
[1787714637.717718] [presto-gb200-gcn-04:3450628:0]  cuda_ipc_cache.c:181  UCX  WARN  cuMemUnmap( (CUdeviceptr)region->mapped_addr, region->key.b_len) failed: unrecognized error code 4
[1787714637.717719] [presto-gb200-gcn-04:3450628:0]  cuda_ipc_cache.c:181  UCX  WARN  cuMemUnmap( (CUdeviceptr)region->mapped_addr, region->key.b_len) failed: unrecognized error code 4
[1787714637.717720] [presto-gb200-gcn-04:3450628:0]  cuda_ipc_cache.c:181  UCX  WARN  cuMemUnmap( (CUdeviceptr)region->mapped_addr, region->key.b_len) failed: unrecognized error code 4
[1787714637.717722] [presto-gb200-gcn-04:3450628:0]  cuda_ipc_cache.c:181  UCX  WARN  cuMemUnmap( (CUdeviceptr)region->mapped_addr, region->key.b_len) failed: unrecognized error code 4
[1787714637.717723] [presto-gb200-gcn-04:3450628:0]  cuda_ipc_cache.c:181  UCX  WARN  cuMemUnmap( (CUdeviceptr)region->mapped_addr, region->key.b_len) failed: unrecognized error code 4
[1787714637.717724] [presto-gb200-gcn-04:3450628:0]  cuda_ipc_cache.c:181  UCX  WARN  cuMemUnmap( (CUdeviceptr)region->mapped_addr, region->key.b_len) failed: unrecognized error code 4
[1787714637.717725] [presto-gb200-gcn-04:3450628:0]  cuda_ipc_cache.c:181  UCX  WARN  cuMemUnmap( (CUdeviceptr)region->mapped_addr, region->key.b_len) failed: unrecognized error code 4
[1787714637.717726] [presto-gb200-gcn-04:3450628:0]  cuda_ipc_cache.c:181  UCX  WARN  cuMemUnmap( (CUdeviceptr)region->mapped_addr, region->key.b_len) failed: unrecognized error code 4
[1787714637.717727] [presto-gb200-gcn-04:3450628:0]  cuda_ipc_cache.c:181  UCX  WARN  cuMemUnmap( (CUdeviceptr)region->mapped_addr, region->key.b_len) failed: unrecognized error code 4
[1787714637.717728] [presto-gb200-gcn-04:3450628:0]  cuda_ipc_cache.c:181  UCX  WARN  cuMemUnmap( (CUdeviceptr)region->mapped_addr, region->key.b_len) failed: unrecognized error code 4
[1787714637.717730] [presto-gb200-gcn-04:3450628:0]  cuda_ipc_cache.c:181  UCX  WARN  cuMemUnmap( (CUdeviceptr)region->mapped_addr, region->key.b_len) failed: unrecognized error code 4
[1787714637.717731] [presto-gb200-gcn-04:3450628:0]  cuda_ipc_cache.c:181  UCX  WARN  cuMemUnmap( (CUdeviceptr)region->mapped_addr, region->key.b_len) failed: unrecognized error code 4
[1787714637.717732] [presto-gb200-gcn-04:3450628:0]  cuda_ipc_cache.c:181  UCX  WARN  cuMemUnmap( (CUdeviceptr)region->mapped_addr, region->key.b_len) failed: unrecognized error code 4
[1787714637.717733] [presto-gb200-gcn-04:3450628:0]  cuda_ipc_cache.c:181  UCX  WARN  cuMemUnmap( (CUdeviceptr)region->mapped_addr, region->key.b_len) failed: unrecognized error code 4
[1787714637.717734] [presto-gb200-gcn-04:3450628:0]  cuda_ipc_cache.c:181  UCX  WARN  cuMemUnmap( (CUdeviceptr)region->mapped_addr, region->key.b_len) failed: unrecognized error code 4
[1787714637.717735] [presto-gb200-gcn-04:3450628:0]  cuda_ipc_cache.c:181  UCX  WARN  cuMemUnmap( (CUdeviceptr)region->mapped_addr, region->key.b_len) failed: unrecognized error code 4
[1787714637.717737] [presto-gb200-gcn-04:3450628:0]  cuda_ipc_cache.c:181  UCX  WARN  cuMemUnmap( (CUdeviceptr)region->mapped_addr, region->key.b_len) failed: unrecognized error code 4
[1787714637.717738] [presto-gb200-gcn-04:3450628:0]  cuda_ipc_cache.c:181  UCX  WARN  cuMemUnmap( (CUdeviceptr)region->mapped_addr, region->key.b_len) failed: unrecognized error code 4
[1787714637.717739] [presto-gb200-gcn-04:3450628:0]  cuda_ipc_cache.c:181  UCX  WARN  cuMemUnmap( (CUdeviceptr)region->mapped_addr, region->key.b_len) failed: unrecognized error code 4
[1787714637.717740] [presto-gb200-gcn-04:3450628:0]  cuda_ipc_cache.c:181  UCX  WARN  cuMemUnmap( (CUdeviceptr)region->mapped_addr, region->key.b_len) failed: unrecognized error code 4
[1787714637.717741] [presto-gb200-gcn-04:3450628:0]  cuda_ipc_cache.c:181  UCX  WARN  cuMemUnmap( (CUdeviceptr)region->mapped_addr, region->key.b_len) failed: unrecognized error code 4
[1787714637.717742] [presto-gb200-gcn-04:3450628:0]  cuda_ipc_cache.c:181  UCX  WARN  cuMemUnmap( (CUdeviceptr)region->mapped_addr, region->key.b_len) failed: unrecognized error code 4
[1787714637.717743] [presto-gb200-gcn-04:3450628:0]  cuda_ipc_cache.c:181  UCX  WARN  cuMemUnmap( (CUdeviceptr)region->mapped_addr, region->key.b_len) failed: unrecognized error code 4
[1787714637.717744] [presto-gb200-gcn-04:3450628:0]  cuda_ipc_cache.c:181  UCX  WARN  cuMemUnmap( (CUdeviceptr)region->mapped_addr, region->key.b_len) failed: unrecognized error code 4
[1787714637.717746] [presto-gb200-gcn-04:3450628:0]  cuda_ipc_cache.c:181  UCX  WARN  cuMemUnmap( (CUdeviceptr)region->mapped_addr, region->key.b_len) failed: unrecognized error code 4
[1787714637.717746] [presto-gb200-gcn-04:3450628:0]  cuda_ipc_cache.c:181  UCX  WARN  cuMemUnmap( (CUdeviceptr)region->mapped_addr, region->key.b_len) failed: unrecognized error code 4
[1787714637.717748] [presto-gb200-gcn-04:3450628:0]  cuda_ipc_cache.c:181  UCX  WARN  cuMemUnmap( (CUdeviceptr)region->mapped_addr, region->key.b_len) failed: unrecognized error code 4
[1787714637.717749] [presto-gb200-gcn-04:3450628:0]  cuda_ipc_cache.c:181  UCX  WARN  cuMemUnmap( (CUdeviceptr)region->mapped_addr, region->key.b_len) failed: unrecognized error code 4
[1787714637.717750] [presto-gb200-gcn-04:3450628:0]  cuda_ipc_cache.c:181  UCX  WARN  cuMemUnmap( (CUdeviceptr)region->mapped_addr, region->key.b_len) failed: unrecognized error code 4
[1787714637.717751] [presto-gb200-gcn-04:3450628:0]  cuda_ipc_cache.c:181  UCX  WARN  cuMemUnmap( (CUdeviceptr)region->mapped_addr, region->key.b_len) failed: unrecognized error code 4
[1787714637.717752] [presto-gb200-gcn-04:3450628:0]  cuda_ipc_cache.c:181  UCX  WARN  cuMemUnmap( (CUdeviceptr)region->mapped_addr, region->key.b_len) failed: unrecognized error code 4
[1787714637.717753] [presto-gb200-gcn-04:3450628:0]  cuda_ipc_cache.c:181  UCX  WARN  cuMemUnmap( (CUdeviceptr)region->mapped_addr, region->key.b_len) failed: unrecognized error code 4
[1787714637.717754] [presto-gb200-gcn-04:3450628:0]  cuda_ipc_cache.c:181  UCX  WARN  cuMemUnmap( (CUdeviceptr)region->mapped_addr, region->key.b_len) failed: unrecognized error code 4
[1787714637.717755] [presto-gb200-gcn-04:3450628:0]  cuda_ipc_cache.c:181  UCX  WARN  cuMemUnmap( (CUdeviceptr)region->mapped_addr, region->key.b_len) failed: unrecognized error code 4
[1787714637.717757] [presto-gb200-gcn-04:3450628:0]  cuda_ipc_cache.c:181  UCX  WARN  cuMemUnmap( (CUdeviceptr)region->mapped_addr, region->key.b_len) failed: unrecognized error code 4
[1787714637.717758] [presto-gb200-gcn-04:3450628:0]  cuda_ipc_cache.c:181  UCX  WARN  cuMemUnmap( (CUdeviceptr)region->mapped_addr, region->key.b_len) failed: unrecognized error code 4
[1787714637.717759] [presto-gb200-gcn-04:3450628:0]  cuda_ipc_cache.c:181  UCX  WARN  cuMemUnmap( (CUdeviceptr)region->mapped_addr, region->key.b_len) failed: unrecognized error code 4
[1787714637.717760] [presto-gb200-gcn-04:3450628:0]  cuda_ipc_cache.c:181  UCX  WARN  cuMemUnmap( (CUdeviceptr)region->mapped_addr, region->key.b_len) failed: unrecognized error code 4
[1787714637.717761] [presto-gb200-gcn-04:3450628:0]  cuda_ipc_cache.c:181  UCX  WARN  cuMemUnmap( (CUdeviceptr)region->mapped_addr, region->key.b_len) failed: unrecognized error code 4
[1787714637.717762] [presto-gb200-gcn-04:3450628:0]  cuda_ipc_cache.c:181  UCX  WARN  cuMemUnmap( (CUdeviceptr)region->mapped_addr, region->key.b_len) failed: unrecognized error code 4
[1787714637.717763] [presto-gb200-gcn-04:3450628:0]  cuda_ipc_cache.c:181  UCX  WARN  cuMemUnmap( (CUdeviceptr)region->mapped_addr, region->key.b_len) failed: unrecognized error code 4
[1787714637.717764] [presto-gb200-gcn-04:3450628:0]  cuda_ipc_cache.c:181  UCX  WARN  cuMemUnmap( (CUdeviceptr)region->mapped_addr, region->key.b_len) failed: unrecognized error code 4
[1787714637.717781] [presto-gb200-gcn-04:3450628:0]  cuda_ipc_cache.c:181  UCX  WARN  cuMemUnmap( (CUdeviceptr)region->mapped_addr, region->key.b_len) failed: unrecognized error code 4
[1787714637.717782] [presto-gb200-gcn-04:3450628:0]  cuda_ipc_cache.c:181  UCX  WARN  cuMemUnmap( (CUdeviceptr)region->mapped_addr, region->key.b_len) failed: unrecognized error code 4
[1787714637.717783] [presto-gb200-gcn-04:3450628:0]  cuda_ipc_cache.c:181  UCX  WARN  cuMemUnmap( (CUdeviceptr)region->mapped_addr, region->key.b_len) failed: unrecognized error code 4
[1787714637.717784] [presto-gb200-gcn-04:3450628:0]  cuda_ipc_cache.c:181  UCX  WARN  cuMemUnmap( (CUdeviceptr)region->mapped_addr, region->key.b_len) failed: unrecognized error code 4
[1787714637.717785] [presto-gb200-gcn-04:3450628:0]  cuda_ipc_cache.c:181  UCX  WARN  cuMemUnmap( (CUdeviceptr)region->mapped_addr, region->key.b_len) failed: unrecognized error code 4
[1787714637.717786] [presto-gb200-gcn-04:3450628:0]  cuda_ipc_cache.c:181  UCX  WARN  cuMemUnmap( (CUdeviceptr)region->mapped_addr, region->key.b_len) failed: unrecognized error code 4
[1787714637.717787] [presto-gb200-gcn-04:3450628:0]  cuda_ipc_cache.c:181  UCX  WARN  cuMemUnmap( (CUdeviceptr)region->mapped_addr, region->key.b_len) failed: unrecognized error code 4
[1787714637.717788] [presto-gb200-gcn-04:3450628:0]  cuda_ipc_cache.c:181  UCX  WARN  cuMemUnmap( (CUdeviceptr)region->mapped_addr, region->key.b_len) failed: unrecognized error code 4
[1787714637.717789] [presto-gb200-gcn-04:3450628:0]  cuda_ipc_cache.c:181  UCX  WARN  cuMemUnmap( (CUdeviceptr)region->mapped_addr, region->key.b_len) failed: unrecognized error code 4
[1787714637.717791] [presto-gb200-gcn-04:3450628:0]  cuda_ipc_cache.c:181  UCX  WARN  cuMemUnmap( (CUdeviceptr)region->mapped_addr, region->key.b_len) failed: unrecognized error code 4
[1787714637.717792] [presto-gb200-gcn-04:3450628:0]  cuda_ipc_cache.c:181  UCX  WARN  cuMemUnmap( (CUdeviceptr)region->mapped_addr, region->key.b_len) failed: unrecognized error code 4
[1787714637.717793] [presto-gb200-gcn-04:3450628:0]  cuda_ipc_cache.c:181  UCX  WARN  cuMemUnmap( (CUdeviceptr)region->mapped_addr, region->key.b_len) failed: unrecognized error code 4
[1787714637.717794] [presto-gb200-gcn-04:3450628:0]        cuda_ctx.c:23   UCX  ERROR cuDevicePrimaryCtxGetState(cuda_device, &flags, &active) failed: unrecognized error code 4
[1787714637.717818] [presto-gb200-gcn-04:3450628:0]  cuda_ipc_cache.c:181  UCX  WARN  cuMemUnmap( (CUdeviceptr)region->mapped_addr, region->key.b_len) failed: unrecognized error code 4
[1787714637.717819] [presto-gb200-gcn-04:3450628:0]  cuda_ipc_cache.c:181  UCX  WARN  cuMemUnmap( (CUdeviceptr)region->mapped_addr, region->key.b_len) failed: unrecognized error code 4
[1787714637.717820] [presto-gb200-gcn-04:3450628:0]  cuda_ipc_cache.c:181  UCX  WARN  cuMemUnmap( (CUdeviceptr)region->mapped_addr, region->key.b_len) failed: unrecognized error code 4
[1787714637.717821] [presto-gb200-gcn-04:3450628:0]  cuda_ipc_cache.c:181  UCX  WARN  cuMemUnmap( (CUdeviceptr)region->mapped_addr, region->key.b_len) failed: unrecognized error code 4
[1787714637.717822] [presto-gb200-gcn-04:3450628:0]  cuda_ipc_cache.c:181  UCX  WARN  cuMemUnmap( (CUdeviceptr)region->mapped_addr, region->key.b_len) failed: unrecognized error code 4
[1787714637.717824] [presto-gb200-gcn-04:3450628:0]  cuda_ipc_cache.c:181  UCX  WARN  cuMemUnmap( (CUdeviceptr)region->mapped_addr, region->key.b_len) failed: unrecognized error code 4
[1787714637.717825] [presto-gb200-gcn-04:3450628:0]  cuda_ipc_cache.c:181  UCX  WARN  cuMemUnmap( (CUdeviceptr)region->mapped_addr, region->key.b_len) failed: unrecognized error code 4
[1787714637.717826] [presto-gb200-gcn-04:3450628:0]  cuda_ipc_cache.c:181  UCX  WARN  cuMemUnmap( (CUdeviceptr)region->mapped_addr, region->key.b_len) failed: unrecognized error code 4
[1787714637.717827] [presto-gb200-gcn-04:3450628:0]  cuda_ipc_cache.c:181  UCX  WARN  cuMemUnmap( (CUdeviceptr)region->mapped_addr, region->key.b_len) failed: unrecognized error code 4
[1787714637.717829] [presto-gb200-gcn-04:3450628:0]  cuda_ipc_cache.c:181  UCX  WARN  cuMemUnmap( (CUdeviceptr)region->mapped_addr, region->key.b_len) failed: unrecognized error code 4
[1787714637.717830] [presto-gb200-gcn-04:3450628:0]  cuda_ipc_cache.c:181  UCX  WARN  cuMemUnmap( (CUdeviceptr)region->mapped_addr, region->key.b_len) failed: unrecognized error code 4
[1787714637.717831] [presto-gb200-gcn-04:3450628:0]  cuda_ipc_cache.c:181  UCX  WARN  cuMemUnmap( (CUdeviceptr)region->mapped_addr, region->key.b_len) failed: unrecognized error code 4
[1787714637.717832] [presto-gb200-gcn-04:3450628:0]  cuda_ipc_cache.c:181  UCX  WARN  cuMemUnmap( (CUdeviceptr)region->mapped_addr, region->key.b_len) failed: unrecognized error code 4
[1787714637.717833] [presto-gb200-gcn-04:3450628:0]  cuda_ipc_cache.c:181  UCX  WARN  cuMemUnmap( (CUdeviceptr)region->mapped_addr, region->key.b_len) failed: unrecognized error code 4
[1787714637.717834] [presto-gb200-gcn-04:3450628:0]  cuda_ipc_cache.c:181  UCX  WARN  cuMemUnmap( (CUdeviceptr)region->mapped_addr, region->key.b_len) failed: unrecognized error code 4
[1787714637.717835] [presto-gb200-gcn-04:3450628:0]  cuda_ipc_cache.c:181  UCX  WARN  cuMemUnmap( (CUdeviceptr)region->mapped_addr, region->key.b_len) failed: unrecognized error code 4
[1787714637.717836] [presto-gb200-gcn-04:3450628:0]  cuda_ipc_cache.c:181  UCX  WARN  cuMemUnmap( (CUdeviceptr)region->mapped_addr, region->key.b_len) failed: unrecognized error code 4
[1787714637.717837] [presto-gb200-gcn-04:3450628:0]  cuda_ipc_cache.c:181  UCX  WARN  cuMemUnmap( (CUdeviceptr)region->mapped_addr, region->key.b_len) failed: unrecognized error code 4
[1787714637.717838] [presto-gb200-gcn-04:3450628:0]  cuda_ipc_cache.c:181  UCX  WARN  cuMemUnmap( (CUdeviceptr)region->mapped_addr, region->key.b_len) failed: unrecognized error code 4
[1787714637.717839] [presto-gb200-gcn-04:3450628:0]  cuda_ipc_cache.c:181  UCX  WARN  cuMemUnmap( (CUdeviceptr)region->mapped_addr, region->key.b_len) failed: unrecognized error code 4
[1787714637.717840] [presto-gb200-gcn-04:3450628:0]  cuda_ipc_cache.c:181  UCX  WARN  cuMemUnmap( (CUdeviceptr)region->mapped_addr, region->key.b_len) failed: unrecognized error code 4
[1787714637.717842] [presto-gb200-gcn-04:3450628:0]  cuda_ipc_cache.c:181  UCX  WARN  cuMemUnmap( (CUdeviceptr)region->mapped_addr, region->key.b_len) failed: unrecognized error code 4
[1787714637.717843] [presto-gb200-gcn-04:3450628:0]  cuda_ipc_cache.c:181  UCX  WARN  cuMemUnmap( (CUdeviceptr)region->mapped_addr, region->key.b_len) failed: unrecognized error code 4
[1787714637.717844] [presto-gb200-gcn-04:3450628:0]  cuda_ipc_cache.c:181  UCX  WARN  cuMemUnmap( (CUdeviceptr)region->mapped_addr, region->key.b_len) failed: unrecognized error code 4
[1787714637.717845] [presto-gb200-gcn-04:3450628:0]  cuda_ipc_cache.c:181  UCX  WARN  cuMemUnmap( (CUdeviceptr)region->mapped_addr, region->key.b_len) failed: unrecognized error code 4
[1787714637.717846] [presto-gb200-gcn-04:3450628:0]  cuda_ipc_cache.c:181  UCX  WARN  cuMemUnmap( (CUdeviceptr)region->mapped_addr, region->key.b_len) failed: unrecognized error code 4
[1787714637.717847] [presto-gb200-gcn-04:3450628:0]  cuda_ipc_cache.c:181  UCX  WARN  cuMemUnmap( (CUdeviceptr)region->mapped_addr, region->key.b_len) failed: unrecognized error code 4
[1787714637.717848] [presto-gb200-gcn-04:3450628:0]  cuda_ipc_cache.c:181  UCX  WARN  cuMemUnmap( (CUdeviceptr)region->mapped_addr, region->key.b_len) failed: unrecognized error code 4
[1787714637.717849] [presto-gb200-gcn-04:3450628:0]  cuda_ipc_cache.c:181  UCX  WARN  cuMemUnmap( (CUdeviceptr)region->mapped_addr, region->key.b_len) failed: unrecognized error code 4
[1787714637.717850] [presto-gb200-gcn-04:3450628:0]  cuda_ipc_cache.c:181  UCX  WARN  cuMemUnmap( (CUdeviceptr)region->mapped_addr, region->key.b_len) failed: unrecognized error code 4
[1787714637.717852] [presto-gb200-gcn-04:3450628:0]  cuda_ipc_cache.c:181  UCX  WARN  cuMemUnmap( (CUdeviceptr)region->mapped_addr, region->key.b_len) failed: unrecognized error code 4
[1787714637.717853] [presto-gb200-gcn-04:3450628:0]  cuda_ipc_cache.c:181  UCX  WARN  cuMemUnmap( (CUdeviceptr)region->mapped_addr, region->key.b_len) failed: unrecognized error code 4
[1787714637.717854] [presto-gb200-gcn-04:3450628:0]  cuda_ipc_cache.c:181  UCX  WARN  cuMemUnmap( (CUdeviceptr)region->mapped_addr, region->key.b_len) failed: unrecognized error code 4
[1787714637.717855] [presto-gb200-gcn-04:3450628:0]  cuda_ipc_cache.c:181  UCX  WARN  cuMemUnmap( (CUdeviceptr)region->mapped_addr, region->key.b_len) failed: unrecognized error code 4
[1787714637.717856] [presto-gb200-gcn-04:3450628:0]  cuda_ipc_cache.c:181  UCX  WARN  cuMemUnmap( (CUdeviceptr)region->mapped_addr, region->key.b_len) failed: unrecognized error code 4
[1787714637.717857] [presto-gb200-gcn-04:3450628:0]  cuda_ipc_cache.c:181  UCX  WARN  cuMemUnmap( (CUdeviceptr)region->mapped_addr, region->key.b_len) failed: unrecognized error code 4
[1787714637.717859] [presto-gb200-gcn-04:3450628:0]  cuda_ipc_cache.c:181  UCX  WARN  cuMemUnmap( (CUdeviceptr)region->mapped_addr, region->key.b_len) failed: unrecognized error code 4
[1787714637.717860] [presto-gb200-gcn-04:3450628:0]  cuda_ipc_cache.c:181  UCX  WARN  cuMemUnmap( (CUdeviceptr)region->mapped_addr, region->key.b_len) failed: unrecognized error code 4
[1787714637.717861] [presto-gb200-gcn-04:3450628:0]  cuda_ipc_cache.c:181  UCX  WARN  cuMemUnmap( (CUdeviceptr)region->mapped_addr, region->key.b_len) failed: unrecognized error code 4
[1787714637.717863] [presto-gb200-gcn-04:3450628:0]  cuda_ipc_cache.c:181  UCX  WARN  cuMemUnmap( (CUdeviceptr)region->mapped_addr, region->key.b_len) failed: unrecognized error code 4
[1787714637.717864] [presto-gb200-gcn-04:3450628:0]  cuda_ipc_cache.c:181  UCX  WARN  cuMemUnmap( (CUdeviceptr)region->mapped_addr, region->key.b_len) failed: unrecognized error code 4
[1787714637.717865] [presto-gb200-gcn-04:3450628:0]  cuda_ipc_cache.c:181  UCX  WARN  cuMemUnmap( (CUdeviceptr)region->mapped_addr, region->key.b_len) failed: unrecognized error code 4
[1787714637.717866] [presto-gb200-gcn-04:3450628:0]  cuda_ipc_cache.c:181  UCX  WARN  cuMemUnmap( (CUdeviceptr)region->mapped_addr, region->key.b_len) failed: unrecognized error code 4
[1787714637.717867] [presto-gb200-gcn-04:3450628:0]  cuda_ipc_cache.c:181  UCX  WARN  cuMemUnmap( (CUdeviceptr)region->mapped_addr, region->key.b_len) failed: unrecognized error code 4
[1787714637.717868] [presto-gb200-gcn-04:3450628:0]  cuda_ipc_cache.c:181  UCX  WARN  cuMemUnmap( (CUdeviceptr)region->mapped_addr, region->key.b_len) failed: unrecognized error code 4
[1787714637.717877] [presto-gb200-gcn-04:3450628:0]  cuda_ipc_cache.c:181  UCX  WARN  cuMemUnmap( (CUdeviceptr)region->mapped_addr, region->key.b_len) failed: unrecognized error code 4
[1787714637.717878] [presto-gb200-gcn-04:3450628:0]  cuda_ipc_cache.c:181  UCX  WARN  cuMemUnmap( (CUdeviceptr)region->mapped_addr, region->key.b_len) failed: unrecognized error code 4
[1787714637.717880] [presto-gb200-gcn-04:3450628:0]  cuda_ipc_cache.c:181  UCX  WARN  cuMemUnmap( (CUdeviceptr)region->mapped_addr, region->key.b_len) failed: unrecognized error code 4
[1787714637.717881] [presto-gb200-gcn-04:3450628:0]  cuda_ipc_cache.c:181  UCX  WARN  cuMemUnmap( (CUdeviceptr)region->mapped_addr, region->key.b_len) failed: unrecognized error code 4
[1787714637.717882] [presto-gb200-gcn-04:3450628:0]  cuda_ipc_cache.c:181  UCX  WARN  cuMemUnmap( (CUdeviceptr)region->mapped_addr, region->key.b_len) failed: unrecognized error code 4
[1787714637.717884] [presto-gb200-gcn-04:3450628:0]  cuda_ipc_cache.c:181  UCX  WARN  cuMemUnmap( (CUdeviceptr)region->mapped_addr, region->key.b_len) failed: unrecognized error code 4
[1787714637.717885] [presto-gb200-gcn-04:3450628:0]  cuda_ipc_cache.c:181  UCX  WARN  cuMemUnmap( (CUdeviceptr)region->mapped_addr, region->key.b_len) failed: unrecognized error code 4
[1787714637.717886] [presto-gb200-gcn-04:3450628:0]  cuda_ipc_cache.c:181  UCX  WARN  cuMemUnmap( (CUdeviceptr)region->mapped_addr, region->key.b_len) failed: unrecognized error code 4
[1787714637.717887] [presto-gb200-gcn-04:3450628:0]  cuda_ipc_cache.c:181  UCX  WARN  cuMemUnmap( (CUdeviceptr)region->mapped_addr, region->key.b_len) failed: unrecognized error code 4
[1787714637.717889] [presto-gb200-gcn-04:3450628:0]  cuda_ipc_cache.c:181  UCX  WARN  cuMemUnmap( (CUdeviceptr)region->mapped_addr, region->key.b_len) failed: unrecognized error code 4
[1787714637.717890] [presto-gb200-gcn-04:3450628:0]  cuda_ipc_cache.c:181  UCX  WARN  cuMemUnmap( (CUdeviceptr)region->mapped_addr, region->key.b_len) failed: unrecognized error code 4
[1787714637.717891] [presto-gb200-gcn-04:3450628:0]  cuda_ipc_cache.c:181  UCX  WARN  cuMemUnmap( (CUdeviceptr)region->mapped_addr, region->key.b_len) failed: unrecognized error code 4
[1787714637.717892] [presto-gb200-gcn-04:3450628:0]  cuda_ipc_cache.c:181  UCX  WARN  cuMemUnmap( (CUdeviceptr)region->mapped_addr, region->key.b_len) failed: unrecognized error code 4
[1787714637.717893] [presto-gb200-gcn-04:3450628:0]        cuda_ctx.c:23   UCX  ERROR cuDevicePrimaryCtxGetState(cuda_device, &flags, &active) failed: unrecognized error code 4
[1787714637.717913] [presto-gb200-gcn-04:3450628:0]  cuda_ipc_cache.c:181  UCX  WARN  cuMemUnmap( (CUdeviceptr)region->mapped_addr, region->key.b_len) failed: unrecognized error code 4
[1787714637.717914] [presto-gb200-gcn-04:3450628:0]  cuda_ipc_cache.c:181  UCX  WARN  cuMemUnmap( (CUdeviceptr)region->mapped_addr, region->key.b_len) failed: unrecognized error code 4
[1787714637.717915] [presto-gb200-gcn-04:3450628:0]  cuda_ipc_cache.c:181  UCX  WARN  cuMemUnmap( (CUdeviceptr)region->mapped_addr, region->key.b_len) failed: unrecognized error code 4
[1787714637.717916] [presto-gb200-gcn-04:3450628:0]  cuda_ipc_cache.c:181  UCX  WARN  cuMemUnmap( (CUdeviceptr)region->mapped_addr, region->key.b_len) failed: unrecognized error code 4
[1787714637.717917] [presto-gb200-gcn-04:3450628:0]  cuda_ipc_cache.c:181  UCX  WARN  cuMemUnmap( (CUdeviceptr)region->mapped_addr, region->key.b_len) failed: unrecognized error code 4
[1787714637.717918] [presto-gb200-gcn-04:3450628:0]  cuda_ipc_cache.c:181  UCX  WARN  cuMemUnmap( (CUdeviceptr)region->mapped_addr, region->key.b_len) failed: unrecognized error code 4
[1787714637.717919] [presto-gb200-gcn-04:3450628:0]  cuda_ipc_cache.c:181  UCX  WARN  cuMemUnmap( (CUdeviceptr)region->mapped_addr, region->key.b_len) failed: unrecognized error code 4
[1787714637.717920] [presto-gb200-gcn-04:3450628:0]  cuda_ipc_cache.c:181  UCX  WARN  cuMemUnmap( (CUdeviceptr)region->mapped_addr, region->key.b_len) failed: unrecognized error code 4
[1787714637.717921] [presto-gb200-gcn-04:3450628:0]  cuda_ipc_cache.c:181  UCX  WARN  cuMemUnmap( (CUdeviceptr)region->mapped_addr, region->key.b_len) failed: unrecognized error code 4
[1787714637.717922] [presto-gb200-gcn-04:3450628:0]  cuda_ipc_cache.c:181  UCX  WARN  cuMemUnmap( (CUdeviceptr)region->mapped_addr, region->key.b_len) failed: unrecognized error code 4
[1787714637.717923] [presto-gb200-gcn-04:3450628:0]  cuda_ipc_cache.c:181  UCX  WARN  cuMemUnmap( (CUdeviceptr)region->mapped_addr, region->key.b_len) failed: unrecognized error code 4
[1787714637.717924] [presto-gb200-gcn-04:3450628:0]  cuda_ipc_cache.c:181  UCX  WARN  cuMemUnmap( (CUdeviceptr)region->mapped_addr, region->key.b_len) failed: unrecognized error code 4
[1787714637.717925] [presto-gb200-gcn-04:3450628:0]  cuda_ipc_cache.c:181  UCX  WARN  cuMemUnmap( (CUdeviceptr)region->mapped_addr, region->key.b_len) failed: unrecognized error code 4
[1787714637.717926] [presto-gb200-gcn-04:3450628:0]  cuda_ipc_cache.c:181  UCX  WARN  cuMemUnmap( (CUdeviceptr)region->mapped_addr, region->key.b_len) failed: unrecognized error code 4
[1787714637.717927] [presto-gb200-gcn-04:3450628:0]  cuda_ipc_cache.c:181  UCX  WARN  cuMemUnmap( (CUdeviceptr)region->mapped_addr, region->key.b_len) failed: unrecognized error code 4
[1787714637.717928] [presto-gb200-gcn-04:3450628:0]  cuda_ipc_cache.c:181  UCX  WARN  cuMemUnmap( (CUdeviceptr)region->mapped_addr, region->key.b_len) failed: unrecognized error code 4
[1787714637.717929] [presto-gb200-gcn-04:3450628:0]  cuda_ipc_cache.c:181  UCX  WARN  cuMemUnmap( (CUdeviceptr)region->mapped_addr, region->key.b_len) failed: unrecognized error code 4
[1787714637.717930] [presto-gb200-gcn-04:3450628:0]  cuda_ipc_cache.c:181  UCX  WARN  cuMemUnmap( (CUdeviceptr)region->mapped_addr, region->key.b_len) failed: unrecognized error code 4
[1787714637.717931] [presto-gb200-gcn-04:3450628:0]  cuda_ipc_cache.c:181  UCX  WARN  cuMemUnmap( (CUdeviceptr)region->mapped_addr, region->key.b_len) failed: unrecognized error code 4
[1787714637.717941] [presto-gb200-gcn-04:3450628:0]  cuda_ipc_cache.c:181  UCX  WARN  cuMemUnmap( (CUdeviceptr)region->mapped_addr, region->key.b_len) failed: unrecognized error code 4
[1787714637.717942] [presto-gb200-gcn-04:3450628:0]  cuda_ipc_cache.c:181  UCX  WARN  cuMemUnmap( (CUdeviceptr)region->mapped_addr, region->key.b_len) failed: unrecognized error code 4
[1787714637.717943] [presto-gb200-gcn-04:3450628:0]  cuda_ipc_cache.c:181  UCX  WARN  cuMemUnmap( (CUdeviceptr)region->mapped_addr, region->key.b_len) failed: unrecognized error code 4
[1787714637.717945] [presto-gb200-gcn-04:3450628:0]  cuda_ipc_cache.c:181  UCX  WARN  cuMemUnmap( (CUdeviceptr)region->mapped_addr, region->key.b_len) failed: unrecognized error code 4
[1787714637.717946] [presto-gb200-gcn-04:3450628:0]  cuda_ipc_cache.c:181  UCX  WARN  cuMemUnmap( (CUdeviceptr)region->mapped_addr, region->key.b_len) failed: unrecognized error code 4
[1787714637.717947] [presto-gb200-gcn-04:3450628:0]  cuda_ipc_cache.c:181  UCX  WARN  cuMemUnmap( (CUdeviceptr)region->mapped_addr, region->key.b_len) failed: unrecognized error code 4
[1787714637.717948] [presto-gb200-gcn-04:3450628:0]  cuda_ipc_cache.c:181  UCX  WARN  cuMemUnmap( (CUdeviceptr)region->mapped_addr, region->key.b_len) failed: unrecognized error code 4
[1787714637.717949] [presto-gb200-gcn-04:3450628:0]  cuda_ipc_cache.c:181  UCX  WARN  cuMemUnmap( (CUdeviceptr)region->mapped_addr, region->key.b_len) failed: unrecognized error code 4
[1787714637.717950] [presto-gb200-gcn-04:3450628:0]  cuda_ipc_cache.c:181  UCX  WARN  cuMemUnmap( (CUdeviceptr)region->mapped_addr, region->key.b_len) failed: unrecognized error code 4
[1787714637.717951] [presto-gb200-gcn-04:3450628:0]  cuda_ipc_cache.c:181  UCX  WARN  cuMemUnmap( (CUdeviceptr)region->mapped_addr, region->key.b_len) failed: unrecognized error code 4
[1787714637.717952] [presto-gb200-gcn-04:3450628:0]  cuda_ipc_cache.c:181  UCX  WARN  cuMemUnmap( (CUdeviceptr)region->mapped_addr, region->key.b_len) failed: unrecognized error code 4
[1787714637.717953] [presto-gb200-gcn-04:3450628:0]  cuda_ipc_cache.c:181  UCX  WARN  cuMemUnmap( (CUdeviceptr)region->mapped_addr, region->key.b_len) failed: unrecognized error code 4
[1787714637.717954] [presto-gb200-gcn-04:3450628:0]  cuda_ipc_cache.c:181  UCX  WARN  cuMemUnmap( (CUdeviceptr)region->mapped_addr, region->key.b_len) failed: unrecognized error code 4
[1787714637.717955] [presto-gb200-gcn-04:3450628:0]  cuda_ipc_cache.c:181  UCX  WARN  cuMemUnmap( (CUdeviceptr)region->mapped_addr, region->key.b_len) failed: unrecognized error code 4
[1787714637.717956] [presto-gb200-gcn-04:3450628:0]  cuda_ipc_cache.c:181  UCX  WARN  cuMemUnmap( (CUdeviceptr)region->mapped_addr, region->key.b_len) failed: unrecognized error code 4
[1787714637.717957] [presto-gb200-gcn-04:3450628:0]  cuda_ipc_cache.c:181  UCX  WARN  cuMemUnmap( (CUdeviceptr)region->mapped_addr, region->key.b_len) failed: unrecognized error code 4
[1787714637.717958] [presto-gb200-gcn-04:3450628:0]  cuda_ipc_cache.c:181  UCX  WARN  cuMemUnmap( (CUdeviceptr)region->mapped_addr, region->key.b_len) failed: unrecognized error code 4
[1787714637.717959] [presto-gb200-gcn-04:3450628:0]  cuda_ipc_cache.c:181  UCX  WARN  cuMemUnmap( (CUdeviceptr)region->mapped_addr, region->key.b_len) failed: unrecognized error code 4
[1787714637.717960] [presto-gb200-gcn-04:3450628:0]  cuda_ipc_cache.c:181  UCX  WARN  cuMemUnmap( (CUdeviceptr)region->mapped_addr, region->key.b_len) failed: unrecognized error code 4
[1787714637.717961] [presto-gb200-gcn-04:3450628:0]  cuda_ipc_cache.c:181  UCX  WARN  cuMemUnmap( (CUdeviceptr)region->mapped_addr, region->key.b_len) failed: unrecognized error code 4
[1787714637.717962] [presto-gb200-gcn-04:3450628:0]  cuda_ipc_cache.c:181  UCX  WARN  cuMemUnmap( (CUdeviceptr)region->mapped_addr, region->key.b_len) failed: unrecognized error code 4
[1787714637.717963] [presto-gb200-gcn-04:3450628:0]  cuda_ipc_cache.c:181  UCX  WARN  cuMemUnmap( (CUdeviceptr)region->mapped_addr, region->key.b_len) failed: unrecognized error code 4
[1787714637.717964] [presto-gb200-gcn-04:3450628:0]  cuda_ipc_cache.c:181  UCX  WARN  cuMemUnmap( (CUdeviceptr)region->mapped_addr, region->key.b_len) failed: unrecognized error code 4
[1787714637.717965] [presto-gb200-gcn-04:3450628:0]  cuda_ipc_cache.c:181  UCX  WARN  cuMemUnmap( (CUdeviceptr)region->mapped_addr, region->key.b_len) failed: unrecognized error code 4
[1787714637.717965] [presto-gb200-gcn-04:3450628:0]  cuda_ipc_cache.c:181  UCX  WARN  cuMemUnmap( (CUdeviceptr)region->mapped_addr, region->key.b_len) failed: unrecognized error code 4
[1787714637.717967] [presto-gb200-gcn-04:3450628:0]  cuda_ipc_cache.c:181  UCX  WARN  cuMemUnmap( (CUdeviceptr)region->mapped_addr, region->key.b_len) failed: unrecognized error code 4
[1787714637.717974] [presto-gb200-gcn-04:3450628:0]  cuda_ipc_cache.c:181  UCX  WARN  cuMemUnmap( (CUdeviceptr)region->mapped_addr, region->key.b_len) failed: unrecognized error code 4
[1787714637.717975] [presto-gb200-gcn-04:3450628:0]  cuda_ipc_cache.c:181  UCX  WARN  cuMemUnmap( (CUdeviceptr)region->mapped_addr, region->key.b_len) failed: unrecognized error code 4
[1787714637.717977] [presto-gb200-gcn-04:3450628:0]  cuda_ipc_cache.c:181  UCX  WARN  cuMemUnmap( (CUdeviceptr)region->mapped_addr, region->key.b_len) failed: unrecognized error code 4
[1787714637.717978] [presto-gb200-gcn-04:3450628:0]  cuda_ipc_cache.c:181  UCX  WARN  cuMemUnmap( (CUdeviceptr)region->mapped_addr, region->key.b_len) failed: unrecognized error code 4
[1787714637.717979] [presto-gb200-gcn-04:3450628:0]  cuda_ipc_cache.c:181  UCX  WARN  cuMemUnmap( (CUdeviceptr)region->mapped_addr, region->key.b_len) failed: unrecognized error code 4
[1787714637.717980] [presto-gb200-gcn-04:3450628:0]  cuda_ipc_cache.c:181  UCX  WARN  cuMemUnmap( (CUdeviceptr)region->mapped_addr, region->key.b_len) failed: unrecognized error code 4
[1787714637.717981] [presto-gb200-gcn-04:3450628:0]  cuda_ipc_cache.c:181  UCX  WARN  cuMemUnmap( (CUdeviceptr)region->mapped_addr, region->key.b_len) failed: unrecognized error code 4
[1787714637.717982] [presto-gb200-gcn-04:3450628:0]  cuda_ipc_cache.c:181  UCX  WARN  cuMemUnmap( (CUdeviceptr)region->mapped_addr, region->key.b_len) failed: unrecognized error code 4
[1787714637.717983] [presto-gb200-gcn-04:3450628:0]  cuda_ipc_cache.c:181  UCX  WARN  cuMemUnmap( (CUdeviceptr)region->mapped_addr, region->key.b_len) failed: unrecognized error code 4
[1787714637.717985] [presto-gb200-gcn-04:3450628:0]  cuda_ipc_cache.c:181  UCX  WARN  cuMemUnmap( (CUdeviceptr)region->mapped_addr, region->key.b_len) failed: unrecognized error code 4
[1787714637.717986] [presto-gb200-gcn-04:3450628:0]        cuda_ctx.c:23   UCX  ERROR cuDevicePrimaryCtxGetState(cuda_device, &flags, &active) failed: unrecognized error code 4
[1787714637.775652] [presto-gb200-gcn-04:3450637:0]  cuda_ipc_cache.c:181  UCX  WARN  cuMemUnmap( (CUdeviceptr)region->mapped_addr, region->key.b_len) failed: unrecognized error code 4
[1787714637.775657] [presto-gb200-gcn-04:3450637:0]  cuda_ipc_cache.c:181  UCX  WARN  cuMemUnmap( (CUdeviceptr)region->mapped_addr, region->key.b_len) failed: unrecognized error code 4
[1787714637.775659] [presto-gb200-gcn-04:3450637:0]  cuda_ipc_cache.c:181  UCX  WARN  cuMemUnmap( (CUdeviceptr)region->mapped_addr, region->key.b_len) failed: unrecognized error code 4
[1787714637.775660] [presto-gb200-gcn-04:3450637:0]  cuda_ipc_cache.c:181  UCX  WARN  cuMemUnmap( (CUdeviceptr)region->mapped_addr, region->key.b_len) failed: unrecognized error code 4
[1787714637.775662] [presto-gb200-gcn-04:3450637:0]  cuda_ipc_cache.c:181  UCX  WARN  cuMemUnmap( (CUdeviceptr)region->mapped_addr, region->key.b_len) failed: unrecognized error code 4
[1787714637.775663] [presto-gb200-gcn-04:3450637:0]  cuda_ipc_cache.c:181  UCX  WARN  cuMemUnmap( (CUdeviceptr)region->mapped_addr, region->key.b_len) failed: unrecognized error code 4
[1787714637.775664] [presto-gb200-gcn-04:3450637:0]  cuda_ipc_cache.c:181  UCX  WARN  cuMemUnmap( (CUdeviceptr)region->mapped_addr, region->key.b_len) failed: unrecognized error code 4
[1787714637.775665] [presto-gb200-gcn-04:3450637:0]  cuda_ipc_cache.c:181  UCX  WARN  cuMemUnmap( (CUdeviceptr)region->mapped_addr, region->key.b_len) failed: unrecognized error code 4
[1787714637.775667] [presto-gb200-gcn-04:3450637:0]  cuda_ipc_cache.c:181  UCX  WARN  cuMemUnmap( (CUdeviceptr)region->mapped_addr, region->key.b_len) failed: unrecognized error code 4
[1787714637.775668] [presto-gb200-gcn-04:3450637:0]  cuda_ipc_cache.c:181  UCX  WARN  cuMemUnmap( (CUdeviceptr)region->mapped_addr, region->key.b_len) failed: unrecognized error code 4
[1787714637.775669] [presto-gb200-gcn-04:3450637:0]  cuda_ipc_cache.c:181  UCX  WARN  cuMemUnmap( (CUdeviceptr)region->mapped_addr, region->key.b_len) failed: unrecognized error code 4
[1787714637.775670] [presto-gb200-gcn-04:3450637:0]  cuda_ipc_cache.c:181  UCX  WARN  cuMemUnmap( (CUdeviceptr)region->mapped_addr, region->key.b_len) failed: unrecognized error code 4
[1787714637.775671] [presto-gb200-gcn-04:3450637:0]  cuda_ipc_cache.c:181  UCX  WARN  cuMemUnmap( (CUdeviceptr)region->mapped_addr, region->key.b_len) failed: unrecognized error code 4
[1787714637.775672] [presto-gb200-gcn-04:3450637:0]  cuda_ipc_cache.c:181  UCX  WARN  cuMemUnmap( (CUdeviceptr)region->mapped_addr, region->key.b_len) failed: unrecognized error code 4
[1787714637.775674] [presto-gb200-gcn-04:3450637:0]  cuda_ipc_cache.c:181  UCX  WARN  cuMemUnmap( (CUdeviceptr)region->mapped_addr, region->key.b_len) failed: unrecognized error code 4
[1787714637.775675] [presto-gb200-gcn-04:3450637:0]  cuda_ipc_cache.c:181  UCX  WARN  cuMemUnmap( (CUdeviceptr)region->mapped_addr, region->key.b_len) failed: unrecognized error code 4
[1787714637.775677] [presto-gb200-gcn-04:3450637:0]  cuda_ipc_cache.c:181  UCX  WARN  cuMemUnmap( (CUdeviceptr)region->mapped_addr, region->key.b_len) failed: unrecognized error code 4
[1787714637.775678] [presto-gb200-gcn-04:3450637:0]  cuda_ipc_cache.c:181  UCX  WARN  cuMemUnmap( (CUdeviceptr)region->mapped_addr, region->key.b_len) failed: unrecognized error code 4
[1787714637.775679] [presto-gb200-gcn-04:3450637:0]  cuda_ipc_cache.c:181  UCX  WARN  cuMemUnmap( (CUdeviceptr)region->mapped_addr, region->key.b_len) failed: unrecognized error code 4
[1787714637.775681] [presto-gb200-gcn-04:3450637:0]  cuda_ipc_cache.c:181  UCX  WARN  cuMemUnmap( (CUdeviceptr)region->mapped_addr, region->key.b_len) failed: unrecognized error code 4
[1787714637.775682] [presto-gb200-gcn-04:3450637:0]  cuda_ipc_cache.c:181  UCX  WARN  cuMemUnmap( (CUdeviceptr)region->mapped_addr, region->key.b_len) failed: unrecognized error code 4
[1787714637.775684] [presto-gb200-gcn-04:3450637:0]  cuda_ipc_cache.c:181  UCX  WARN  cuMemUnmap( (CUdeviceptr)region->mapped_addr, region->key.b_len) failed: unrecognized error code 4
[1787714637.775685] [presto-gb200-gcn-04:3450637:0]  cuda_ipc_cache.c:181  UCX  WARN  cuMemUnmap( (CUdeviceptr)region->mapped_addr, region->key.b_len) failed: unrecognized error code 4
[1787714637.775686] [presto-gb200-gcn-04:3450637:0]  cuda_ipc_cache.c:181  UCX  WARN  cuMemUnmap( (CUdeviceptr)region->mapped_addr, region->key.b_len) failed: unrecognized error code 4
[1787714637.775687] [presto-gb200-gcn-04:3450637:0]  cuda_ipc_cache.c:181  UCX  WARN  cuMemUnmap( (CUdeviceptr)region->mapped_addr, region->key.b_len) failed: unrecognized error code 4
[1787714637.775689] [presto-gb200-gcn-04:3450637:0]  cuda_ipc_cache.c:181  UCX  WARN  cuMemUnmap( (CUdeviceptr)region->mapped_addr, region->key.b_len) failed: unrecognized error code 4
[1787714637.775690] [presto-gb200-gcn-04:3450637:0]  cuda_ipc_cache.c:181  UCX  WARN  cuMemUnmap( (CUdeviceptr)region->mapped_addr, region->key.b_len) failed: unrecognized error code 4
[1787714637.775691] [presto-gb200-gcn-04:3450637:0]  cuda_ipc_cache.c:181  UCX  WARN  cuMemUnmap( (CUdeviceptr)region->mapped_addr, region->key.b_len) failed: unrecognized error code 4
[1787714637.775693] [presto-gb200-gcn-04:3450637:0]  cuda_ipc_cache.c:181  UCX  WARN  cuMemUnmap( (CUdeviceptr)region->mapped_addr, region->key.b_len) failed: unrecognized error code 4
[1787714637.775694] [presto-gb200-gcn-04:3450637:0]  cuda_ipc_cache.c:181  UCX  WARN  cuMemUnmap( (CUdeviceptr)region->mapped_addr, region->key.b_len) failed: unrecognized error code 4
[1787714637.775696] [presto-gb200-gcn-04:3450637:0]  cuda_ipc_cache.c:181  UCX  WARN  cuMemUnmap( (CUdeviceptr)region->mapped_addr, region->key.b_len) failed: unrecognized error code 4
[1787714637.775697] [presto-gb200-gcn-04:3450637:0]  cuda_ipc_cache.c:181  UCX  WARN  cuMemUnmap( (CUdeviceptr)region->mapped_addr, region->key.b_len) failed: unrecognized error code 4
[1787714637.775698] [presto-gb200-gcn-04:3450637:0]  cuda_ipc_cache.c:181  UCX  WARN  cuMemUnmap( (CUdeviceptr)region->mapped_addr, region->key.b_len) failed: unrecognized error code 4
[1787714637.775699] [presto-gb200-gcn-04:3450637:0]  cuda_ipc_cache.c:181  UCX  WARN  cuMemUnmap( (CUdeviceptr)region->mapped_addr, region->key.b_len) failed: unrecognized error code 4
[1787714637.775700] [presto-gb200-gcn-04:3450637:0]  cuda_ipc_cache.c:181  UCX  WARN  cuMemUnmap( (CUdeviceptr)region->mapped_addr, region->key.b_len) failed: unrecognized error code 4
[1787714637.775702] [presto-gb200-gcn-04:3450637:0]  cuda_ipc_cache.c:181  UCX  WARN  cuMemUnmap( (CUdeviceptr)region->mapped_addr, region->key.b_len) failed: unrecognized error code 4
[1787714637.775703] [presto-gb200-gcn-04:3450637:0]  cuda_ipc_cache.c:181  UCX  WARN  cuMemUnmap( (CUdeviceptr)region->mapped_addr, region->key.b_len) failed: unrecognized error code 4
[1787714637.775704] [presto-gb200-gcn-04:3450637:0]  cuda_ipc_cache.c:181  UCX  WARN  cuMemUnmap( (CUdeviceptr)region->mapped_addr, region->key.b_len) failed: unrecognized error code 4
[1787714637.775706] [presto-gb200-gcn-04:3450637:0]  cuda_ipc_cache.c:181  UCX  WARN  cuMemUnmap( (CUdeviceptr)region->mapped_addr, region->key.b_len) failed: unrecognized error code 4
[1787714637.775707] [presto-gb200-gcn-04:3450637:0]  cuda_ipc_cache.c:181  UCX  WARN  cuMemUnmap( (CUdeviceptr)region->mapped_addr, region->key.b_len) failed: unrecognized error code 4
[1787714637.775708] [presto-gb200-gcn-04:3450637:0]  cuda_ipc_cache.c:181  UCX  WARN  cuMemUnmap( (CUdeviceptr)region->mapped_addr, region->key.b_len) failed: unrecognized error code 4
[1787714637.775710] [presto-gb200-gcn-04:3450637:0]  cuda_ipc_cache.c:181  UCX  WARN  cuMemUnmap( (CUdeviceptr)region->mapped_addr, region->key.b_len) failed: unrecognized error code 4
[1787714637.775711] [presto-gb200-gcn-04:3450637:0]  cuda_ipc_cache.c:181  UCX  WARN  cuMemUnmap( (CUdeviceptr)region->mapped_addr, region->key.b_len) failed: unrecognized error code 4
[1787714637.775712] [presto-gb200-gcn-04:3450637:0]  cuda_ipc_cache.c:181  UCX  WARN  cuMemUnmap( (CUdeviceptr)region->mapped_addr, region->key.b_len) failed: unrecognized error code 4
[1787714637.775714] [presto-gb200-gcn-04:3450637:0]  cuda_ipc_cache.c:181  UCX  WARN  cuMemUnmap( (CUdeviceptr)region->mapped_addr, region->key.b_len) failed: unrecognized error code 4
[1787714637.775729] [presto-gb200-gcn-04:3450637:0]  cuda_ipc_cache.c:181  UCX  WARN  cuMemUnmap( (CUdeviceptr)region->mapped_addr, region->key.b_len) failed: unrecognized error code 4
[1787714637.775730] [presto-gb200-gcn-04:3450637:0]  cuda_ipc_cache.c:181  UCX  WARN  cuMemUnmap( (CUdeviceptr)region->mapped_addr, region->key.b_len) failed: unrecognized error code 4
[1787714637.775732] [presto-gb200-gcn-04:3450637:0]  cuda_ipc_cache.c:181  UCX  WARN  cuMemUnmap( (CUdeviceptr)region->mapped_addr, region->key.b_len) failed: unrecognized error code 4
[1787714637.775733] [presto-gb200-gcn-04:3450637:0]  cuda_ipc_cache.c:181  UCX  WARN  cuMemUnmap( (CUdeviceptr)region->mapped_addr, region->key.b_len) failed: unrecognized error code 4
[1787714637.775734] [presto-gb200-gcn-04:3450637:0]  cuda_ipc_cache.c:181  UCX  WARN  cuMemUnmap( (CUdeviceptr)region->mapped_addr, region->key.b_len) failed: unrecognized error code 4
[1787714637.775735] [presto-gb200-gcn-04:3450637:0]  cuda_ipc_cache.c:181  UCX  WARN  cuMemUnmap( (CUdeviceptr)region->mapped_addr, region->key.b_len) failed: unrecognized error code 4
[1787714637.775737] [presto-gb200-gcn-04:3450637:0]  cuda_ipc_cache.c:181  UCX  WARN  cuMemUnmap( (CUdeviceptr)region->mapped_addr, region->key.b_len) failed: unrecognized error code 4
[1787714637.775738] [presto-gb200-gcn-04:3450637:0]  cuda_ipc_cache.c:181  UCX  WARN  cuMemUnmap( (CUdeviceptr)region->mapped_addr, region->key.b_len) failed: unrecognized error code 4
[1787714637.775739] [presto-gb200-gcn-04:3450637:0]  cuda_ipc_cache.c:181  UCX  WARN  cuMemUnmap( (CUdeviceptr)region->mapped_addr, region->key.b_len) failed: unrecognized error code 4
[1787714637.775740] [presto-gb200-gcn-04:3450637:0]  cuda_ipc_cache.c:181  UCX  WARN  cuMemUnmap( (CUdeviceptr)region->mapped_addr, region->key.b_len) failed: unrecognized error code 4
[1787714637.775742] [presto-gb200-gcn-04:3450637:0]  cuda_ipc_cache.c:181  UCX  WARN  cuMemUnmap( (CUdeviceptr)region->mapped_addr, region->key.b_len) failed: unrecognized error code 4
[1787714637.775743] [presto-gb200-gcn-04:3450637:0]  cuda_ipc_cache.c:181  UCX  WARN  cuMemUnmap( (CUdeviceptr)region->mapped_addr, region->key.b_len) failed: unrecognized error code 4
[1787714637.775744] [presto-gb200-gcn-04:3450637:0]        cuda_ctx.c:23   UCX  ERROR cuDevicePrimaryCtxGetState(cuda_device, &flags, &active) failed: unrecognized error code 4
[1787714637.775768] [presto-gb200-gcn-04:3450637:0]  cuda_ipc_cache.c:181  UCX  WARN  cuMemUnmap( (CUdeviceptr)region->mapped_addr, region->key.b_len) failed: unrecognized error code 4
[1787714637.775769] [presto-gb200-gcn-04:3450637:0]  cuda_ipc_cache.c:181  UCX  WARN  cuMemUnmap( (CUdeviceptr)region->mapped_addr, region->key.b_len) failed: unrecognized error code 4
[1787714637.775771] [presto-gb200-gcn-04:3450637:0]  cuda_ipc_cache.c:181  UCX  WARN  cuMemUnmap( (CUdeviceptr)region->mapped_addr, region->key.b_len) failed: unrecognized error code 4
[1787714637.775772] [presto-gb200-gcn-04:3450637:0]  cuda_ipc_cache.c:181  UCX  WARN  cuMemUnmap( (CUdeviceptr)region->mapped_addr, region->key.b_len) failed: unrecognized error code 4
[1787714637.775773] [presto-gb200-gcn-04:3450637:0]  cuda_ipc_cache.c:181  UCX  WARN  cuMemUnmap( (CUdeviceptr)region->mapped_addr, region->key.b_len) failed: unrecognized error code 4
[1787714637.775774] [presto-gb200-gcn-04:3450637:0]  cuda_ipc_cache.c:181  UCX  WARN  cuMemUnmap( (CUdeviceptr)region->mapped_addr, region->key.b_len) failed: unrecognized error code 4
[1787714637.775775] [presto-gb200-gcn-04:3450637:0]  cuda_ipc_cache.c:181  UCX  WARN  cuMemUnmap( (CUdeviceptr)region->mapped_addr, region->key.b_len) failed: unrecognized error code 4
[1787714637.775776] [presto-gb200-gcn-04:3450637:0]  cuda_ipc_cache.c:181  UCX  WARN  cuMemUnmap( (CUdeviceptr)region->mapped_addr, region->key.b_len) failed: unrecognized error code 4
[1787714637.775777] [presto-gb200-gcn-04:3450637:0]  cuda_ipc_cache.c:181  UCX  WARN  cuMemUnmap( (CUdeviceptr)region->mapped_addr, region->key.b_len) failed: unrecognized error code 4
[1787714637.775778] [presto-gb200-gcn-04:3450637:0]  cuda_ipc_cache.c:181  UCX  WARN  cuMemUnmap( (CUdeviceptr)region->mapped_addr, region->key.b_len) failed: unrecognized error code 4
[1787714637.775780] [presto-gb200-gcn-04:3450637:0]  cuda_ipc_cache.c:181  UCX  WARN  cuMemUnmap( (CUdeviceptr)region->mapped_addr, region->key.b_len) failed: unrecognized error code 4
[1787714637.775781] [presto-gb200-gcn-04:3450637:0]  cuda_ipc_cache.c:181  UCX  WARN  cuMemUnmap( (CUdeviceptr)region->mapped_addr, region->key.b_len) failed: unrecognized error code 4
[1787714637.775782] [presto-gb200-gcn-04:3450637:0]  cuda_ipc_cache.c:181  UCX  WARN  cuMemUnmap( (CUdeviceptr)region->mapped_addr, region->key.b_len) failed: unrecognized error code 4
[1787714637.775783] [presto-gb200-gcn-04:3450637:0]  cuda_ipc_cache.c:181  UCX  WARN  cuMemUnmap( (CUdeviceptr)region->mapped_addr, region->key.b_len) failed: unrecognized error code 4
[1787714637.775784] [presto-gb200-gcn-04:3450637:0]  cuda_ipc_cache.c:181  UCX  WARN  cuMemUnmap( (CUdeviceptr)region->mapped_addr, region->key.b_len) failed: unrecognized error code 4
[1787714637.775785] [presto-gb200-gcn-04:3450637:0]  cuda_ipc_cache.c:181  UCX  WARN  cuMemUnmap( (CUdeviceptr)region->mapped_addr, region->key.b_len) failed: unrecognized error code 4
[1787714637.775786] [presto-gb200-gcn-04:3450637:0]  cuda_ipc_cache.c:181  UCX  WARN  cuMemUnmap( (CUdeviceptr)region->mapped_addr, region->key.b_len) failed: unrecognized error code 4
[1787714637.775787] [presto-gb200-gcn-04:3450637:0]  cuda_ipc_cache.c:181  UCX  WARN  cuMemUnmap( (CUdeviceptr)region->mapped_addr, region->key.b_len) failed: unrecognized error code 4
[1787714637.775788] [presto-gb200-gcn-04:3450637:0]  cuda_ipc_cache.c:181  UCX  WARN  cuMemUnmap( (CUdeviceptr)region->mapped_addr, region->key.b_len) failed: unrecognized error code 4
[1787714637.775789] [presto-gb200-gcn-04:3450637:0]  cuda_ipc_cache.c:181  UCX  WARN  cuMemUnmap( (CUdeviceptr)region->mapped_addr, region->key.b_len) failed: unrecognized error code 4
[1787714637.775790] [presto-gb200-gcn-04:3450637:0]  cuda_ipc_cache.c:181  UCX  WARN  cuMemUnmap( (CUdeviceptr)region->mapped_addr, region->key.b_len) failed: unrecognized error code 4
[1787714637.775791] [presto-gb200-gcn-04:3450637:0]  cuda_ipc_cache.c:181  UCX  WARN  cuMemUnmap( (CUdeviceptr)region->mapped_addr, region->key.b_len) failed: unrecognized error code 4
[1787714637.775793] [presto-gb200-gcn-04:3450637:0]  cuda_ipc_cache.c:181  UCX  WARN  cuMemUnmap( (CUdeviceptr)region->mapped_addr, region->key.b_len) failed: unrecognized error code 4
[1787714637.775794] [presto-gb200-gcn-04:3450637:0]  cuda_ipc_cache.c:181  UCX  WARN  cuMemUnmap( (CUdeviceptr)region->mapped_addr, region->key.b_len) failed: unrecognized error code 4
[1787714637.775795] [presto-gb200-gcn-04:3450637:0]  cuda_ipc_cache.c:181  UCX  WARN  cuMemUnmap( (CUdeviceptr)region->mapped_addr, region->key.b_len) failed: unrecognized error code 4
[1787714637.775796] [presto-gb200-gcn-04:3450637:0]  cuda_ipc_cache.c:181  UCX  WARN  cuMemUnmap( (CUdeviceptr)region->mapped_addr, region->key.b_len) failed: unrecognized error code 4
[1787714637.775797] [presto-gb200-gcn-04:3450637:0]  cuda_ipc_cache.c:181  UCX  WARN  cuMemUnmap( (CUdeviceptr)region->mapped_addr, region->key.b_len) failed: unrecognized error code 4
[1787714637.775798] [presto-gb200-gcn-04:3450637:0]  cuda_ipc_cache.c:181  UCX  WARN  cuMemUnmap( (CUdeviceptr)region->mapped_addr, region->key.b_len) failed: unrecognized error code 4
[1787714637.775799] [presto-gb200-gcn-04:3450637:0]  cuda_ipc_cache.c:181  UCX  WARN  cuMemUnmap( (CUdeviceptr)region->mapped_addr, region->key.b_len) failed: unrecognized error code 4
[1787714637.775800] [presto-gb200-gcn-04:3450637:0]  cuda_ipc_cache.c:181  UCX  WARN  cuMemUnmap( (CUdeviceptr)region->mapped_addr, region->key.b_len) failed: unrecognized error code 4
[1787714637.775801] [presto-gb200-gcn-04:3450637:0]  cuda_ipc_cache.c:181  UCX  WARN  cuMemUnmap( (CUdeviceptr)region->mapped_addr, region->key.b_len) failed: unrecognized error code 4
[1787714637.775803] [presto-gb200-gcn-04:3450637:0]  cuda_ipc_cache.c:181  UCX  WARN  cuMemUnmap( (CUdeviceptr)region->mapped_addr, region->key.b_len) failed: unrecognized error code 4
[1787714637.775804] [presto-gb200-gcn-04:3450637:0]  cuda_ipc_cache.c:181  UCX  WARN  cuMemUnmap( (CUdeviceptr)region->mapped_addr, region->key.b_len) failed: unrecognized error code 4
[1787714637.775805] [presto-gb200-gcn-04:3450637:0]  cuda_ipc_cache.c:181  UCX  WARN  cuMemUnmap( (CUdeviceptr)region->mapped_addr, region->key.b_len) failed: unrecognized error code 4
[1787714637.775806] [presto-gb200-gcn-04:3450637:0]  cuda_ipc_cache.c:181  UCX  WARN  cuMemUnmap( (CUdeviceptr)region->mapped_addr, region->key.b_len) failed: unrecognized error code 4
[1787714637.775807] [presto-gb200-gcn-04:3450637:0]  cuda_ipc_cache.c:181  UCX  WARN  cuMemUnmap( (CUdeviceptr)region->mapped_addr, region->key.b_len) failed: unrecognized error code 4
[1787714637.775808] [presto-gb200-gcn-04:3450637:0]  cuda_ipc_cache.c:181  UCX  WARN  cuMemUnmap( (CUdeviceptr)region->mapped_addr, region->key.b_len) failed: unrecognized error code 4
[1787714637.775809] [presto-gb200-gcn-04:3450637:0]  cuda_ipc_cache.c:181  UCX  WARN  cuMemUnmap( (CUdeviceptr)region->mapped_addr, region->key.b_len) failed: unrecognized error code 4
[1787714637.775810] [presto-gb200-gcn-04:3450637:0]  cuda_ipc_cache.c:181  UCX  WARN  cuMemUnmap( (CUdeviceptr)region->mapped_addr, region->key.b_len) failed: unrecognized error code 4
[1787714637.775811] [presto-gb200-gcn-04:3450637:0]  cuda_ipc_cache.c:181  UCX  WARN  cuMemUnmap( (CUdeviceptr)region->mapped_addr, region->key.b_len) failed: unrecognized error code 4
[1787714637.775812] [presto-gb200-gcn-04:3450637:0]  cuda_ipc_cache.c:181  UCX  WARN  cuMemUnmap( (CUdeviceptr)region->mapped_addr, region->key.b_len) failed: unrecognized error code 4
[1787714637.775813] [presto-gb200-gcn-04:3450637:0]  cuda_ipc_cache.c:181  UCX  WARN  cuMemUnmap( (CUdeviceptr)region->mapped_addr, region->key.b_len) failed: unrecognized error code 4
[1787714637.775814] [presto-gb200-gcn-04:3450637:0]  cuda_ipc_cache.c:181  UCX  WARN  cuMemUnmap( (CUdeviceptr)region->mapped_addr, region->key.b_len) failed: unrecognized error code 4
[1787714637.775816] [presto-gb200-gcn-04:3450637:0]  cuda_ipc_cache.c:181  UCX  WARN  cuMemUnmap( (CUdeviceptr)region->mapped_addr, region->key.b_len) failed: unrecognized error code 4
[1787714637.775817] [presto-gb200-gcn-04:3450637:0]  cuda_ipc_cache.c:181  UCX  WARN  cuMemUnmap( (CUdeviceptr)region->mapped_addr, region->key.b_len) failed: unrecognized error code 4
[1787714637.775821] [presto-gb200-gcn-04:3450637:0]  cuda_ipc_cache.c:181  UCX  WARN  cuMemUnmap( (CUdeviceptr)region->mapped_addr, region->key.b_len) failed: unrecognized error code 4
[1787714637.775823] [presto-gb200-gcn-04:3450637:0]  cuda_ipc_cache.c:181  UCX  WARN  cuMemUnmap( (CUdeviceptr)region->mapped_addr, region->key.b_len) failed: unrecognized error code 4
[1787714637.775824] [presto-gb200-gcn-04:3450637:0]  cuda_ipc_cache.c:181  UCX  WARN  cuMemUnmap( (CUdeviceptr)region->mapped_addr, region->key.b_len) failed: unrecognized error code 4
[1787714637.775826] [presto-gb200-gcn-04:3450637:0]  cuda_ipc_cache.c:181  UCX  WARN  cuMemUnmap( (CUdeviceptr)region->mapped_addr, region->key.b_len) failed: unrecognized error code 4
[1787714637.775827] [presto-gb200-gcn-04:3450637:0]  cuda_ipc_cache.c:181  UCX  WARN  cuMemUnmap( (CUdeviceptr)region->mapped_addr, region->key.b_len) failed: unrecognized error code 4
[1787714637.775828] [presto-gb200-gcn-04:3450637:0]  cuda_ipc_cache.c:181  UCX  WARN  cuMemUnmap( (CUdeviceptr)region->mapped_addr, region->key.b_len) failed: unrecognized error code 4
[1787714637.775829] [presto-gb200-gcn-04:3450637:0]  cuda_ipc_cache.c:181  UCX  WARN  cuMemUnmap( (CUdeviceptr)region->mapped_addr, region->key.b_len) failed: unrecognized error code 4
[1787714637.775830] [presto-gb200-gcn-04:3450637:0]  cuda_ipc_cache.c:181  UCX  WARN  cuMemUnmap( (CUdeviceptr)region->mapped_addr, region->key.b_len) failed: unrecognized error code 4
[1787714637.775831] [presto-gb200-gcn-04:3450637:0]  cuda_ipc_cache.c:181  UCX  WARN  cuMemUnmap( (CUdeviceptr)region->mapped_addr, region->key.b_len) failed: unrecognized error code 4
[1787714637.775832] [presto-gb200-gcn-04:3450637:0]  cuda_ipc_cache.c:181  UCX  WARN  cuMemUnmap( (CUdeviceptr)region->mapped_addr, region->key.b_len) failed: unrecognized error code 4
[1787714637.775833] [presto-gb200-gcn-04:3450637:0]  cuda_ipc_cache.c:181  UCX  WARN  cuMemUnmap( (CUdeviceptr)region->mapped_addr, region->key.b_len) failed: unrecognized error code 4
[1787714637.775834] [presto-gb200-gcn-04:3450637:0]  cuda_ipc_cache.c:181  UCX  WARN  cuMemUnmap( (CUdeviceptr)region->mapped_addr, region->key.b_len) failed: unrecognized error code 4
[1787714637.775836] [presto-gb200-gcn-04:3450637:0]  cuda_ipc_cache.c:181  UCX  WARN  cuMemUnmap( (CUdeviceptr)region->mapped_addr, region->key.b_len) failed: unrecognized error code 4
[1787714637.775836] [presto-gb200-gcn-04:3450637:0]        cuda_ctx.c:23   UCX  ERROR cuDevicePrimaryCtxGetState(cuda_device, &flags, &active) failed: unrecognized error code 4
[1787714637.775856] [presto-gb200-gcn-04:3450637:0]  cuda_ipc_cache.c:181  UCX  WARN  cuMemUnmap( (CUdeviceptr)region->mapped_addr, region->key.b_len) failed: unrecognized error code 4
[1787714637.775857] [presto-gb200-gcn-04:3450637:0]  cuda_ipc_cache.c:181  UCX  WARN  cuMemUnmap( (CUdeviceptr)region->mapped_addr, region->key.b_len) failed: unrecognized error code 4
[1787714637.775858] [presto-gb200-gcn-04:3450637:0]  cuda_ipc_cache.c:181  UCX  WARN  cuMemUnmap( (CUdeviceptr)region->mapped_addr, region->key.b_len) failed: unrecognized error code 4
[1787714637.775859] [presto-gb200-gcn-04:3450637:0]  cuda_ipc_cache.c:181  UCX  WARN  cuMemUnmap( (CUdeviceptr)region->mapped_addr, region->key.b_len) failed: unrecognized error code 4
[1787714637.775860] [presto-gb200-gcn-04:3450637:0]  cuda_ipc_cache.c:181  UCX  WARN  cuMemUnmap( (CUdeviceptr)region->mapped_addr, region->key.b_len) failed: unrecognized error code 4
[1787714637.775861] [presto-gb200-gcn-04:3450637:0]  cuda_ipc_cache.c:181  UCX  WARN  cuMemUnmap( (CUdeviceptr)region->mapped_addr, region->key.b_len) failed: unrecognized error code 4
[1787714637.775862] [presto-gb200-gcn-04:3450637:0]  cuda_ipc_cache.c:181  UCX  WARN  cuMemUnmap( (CUdeviceptr)region->mapped_addr, region->key.b_len) failed: unrecognized error code 4
[1787714637.775863] [presto-gb200-gcn-04:3450637:0]  cuda_ipc_cache.c:181  UCX  WARN  cuMemUnmap( (CUdeviceptr)region->mapped_addr, region->key.b_len) failed: unrecognized error code 4
[1787714637.775864] [presto-gb200-gcn-04:3450637:0]  cuda_ipc_cache.c:181  UCX  WARN  cuMemUnmap( (CUdeviceptr)region->mapped_addr, region->key.b_len) failed: unrecognized error code 4
[1787714637.775865] [presto-gb200-gcn-04:3450637:0]  cuda_ipc_cache.c:181  UCX  WARN  cuMemUnmap( (CUdeviceptr)region->mapped_addr, region->key.b_len) failed: unrecognized error code 4
[1787714637.775866] [presto-gb200-gcn-04:3450637:0]  cuda_ipc_cache.c:181  UCX  WARN  cuMemUnmap( (CUdeviceptr)region->mapped_addr, region->key.b_len) failed: unrecognized error code 4
[1787714637.775867] [presto-gb200-gcn-04:3450637:0]  cuda_ipc_cache.c:181  UCX  WARN  cuMemUnmap( (CUdeviceptr)region->mapped_addr, region->key.b_len) failed: unrecognized error code 4
[1787714637.775868] [presto-gb200-gcn-04:3450637:0]  cuda_ipc_cache.c:181  UCX  WARN  cuMemUnmap( (CUdeviceptr)region->mapped_addr, region->key.b_len) failed: unrecognized error code 4
[1787714637.775870] [presto-gb200-gcn-04:3450637:0]  cuda_ipc_cache.c:181  UCX  WARN  cuMemUnmap( (CUdeviceptr)region->mapped_addr, region->key.b_len) failed: unrecognized error code 4
[1787714637.775871] [presto-gb200-gcn-04:3450637:0]  cuda_ipc_cache.c:181  UCX  WARN  cuMemUnmap( (CUdeviceptr)region->mapped_addr, region->key.b_len) failed: unrecognized error code 4
[1787714637.775871] [presto-gb200-gcn-04:3450637:0]  cuda_ipc_cache.c:181  UCX  WARN  cuMemUnmap( (CUdeviceptr)region->mapped_addr, region->key.b_len) failed: unrecognized error code 4
[1787714637.775873] [presto-gb200-gcn-04:3450637:0]  cuda_ipc_cache.c:181  UCX  WARN  cuMemUnmap( (CUdeviceptr)region->mapped_addr, region->key.b_len) failed: unrecognized error code 4
[1787714637.775874] [presto-gb200-gcn-04:3450637:0]  cuda_ipc_cache.c:181  UCX  WARN  cuMemUnmap( (CUdeviceptr)region->mapped_addr, region->key.b_len) failed: unrecognized error code 4
[1787714637.775875] [presto-gb200-gcn-04:3450637:0]  cuda_ipc_cache.c:181  UCX  WARN  cuMemUnmap( (CUdeviceptr)region->mapped_addr, region->key.b_len) failed: unrecognized error code 4
[1787714637.775876] [presto-gb200-gcn-04:3450637:0]  cuda_ipc_cache.c:181  UCX  WARN  cuMemUnmap( (CUdeviceptr)region->mapped_addr, region->key.b_len) failed: unrecognized error code 4
[1787714637.775878] [presto-gb200-gcn-04:3450637:0]  cuda_ipc_cache.c:181  UCX  WARN  cuMemUnmap( (CUdeviceptr)region->mapped_addr, region->key.b_len) failed: unrecognized error code 4
[1787714637.775879] [presto-gb200-gcn-04:3450637:0]  cuda_ipc_cache.c:181  UCX  WARN  cuMemUnmap( (CUdeviceptr)region->mapped_addr, region->key.b_len) failed: unrecognized error code 4
[1787714637.775879] [presto-gb200-gcn-04:3450637:0]  cuda_ipc_cache.c:181  UCX  WARN  cuMemUnmap( (CUdeviceptr)region->mapped_addr, region->key.b_len) failed: unrecognized error code 4
[1787714637.775880] [presto-gb200-gcn-04:3450637:0]  cuda_ipc_cache.c:181  UCX  WARN  cuMemUnmap( (CUdeviceptr)region->mapped_addr, region->key.b_len) failed: unrecognized error code 4
[1787714637.775882] [presto-gb200-gcn-04:3450637:0]  cuda_ipc_cache.c:181  UCX  WARN  cuMemUnmap( (CUdeviceptr)region->mapped_addr, region->key.b_len) failed: unrecognized error code 4
[1787714637.775883] [presto-gb200-gcn-04:3450637:0]  cuda_ipc_cache.c:181  UCX  WARN  cuMemUnmap( (CUdeviceptr)region->mapped_addr, region->key.b_len) failed: unrecognized error code 4
[1787714637.775884] [presto-gb200-gcn-04:3450637:0]  cuda_ipc_cache.c:181  UCX  WARN  cuMemUnmap( (CUdeviceptr)region->mapped_addr, region->key.b_len) failed: unrecognized error code 4
[1787714637.775885] [presto-gb200-gcn-04:3450637:0]  cuda_ipc_cache.c:181  UCX  WARN  cuMemUnmap( (CUdeviceptr)region->mapped_addr, region->key.b_len) failed: unrecognized error code 4
[1787714637.775886] [presto-gb200-gcn-04:3450637:0]  cuda_ipc_cache.c:181  UCX  WARN  cuMemUnmap( (CUdeviceptr)region->mapped_addr, region->key.b_len) failed: unrecognized error code 4
[1787714637.775887] [presto-gb200-gcn-04:3450637:0]  cuda_ipc_cache.c:181  UCX  WARN  cuMemUnmap( (CUdeviceptr)region->mapped_addr, region->key.b_len) failed: unrecognized error code 4
[1787714637.775888] [presto-gb200-gcn-04:3450637:0]  cuda_ipc_cache.c:181  UCX  WARN  cuMemUnmap( (CUdeviceptr)region->mapped_addr, region->key.b_len) failed: unrecognized error code 4
[1787714637.775890] [presto-gb200-gcn-04:3450637:0]  cuda_ipc_cache.c:181  UCX  WARN  cuMemUnmap( (CUdeviceptr)region->mapped_addr, region->key.b_len) failed: unrecognized error code 4
[1787714637.775891] [presto-gb200-gcn-04:3450637:0]  cuda_ipc_cache.c:181  UCX  WARN  cuMemUnmap( (CUdeviceptr)region->mapped_addr, region->key.b_len) failed: unrecognized error code 4
[1787714637.775892] [presto-gb200-gcn-04:3450637:0]  cuda_ipc_cache.c:181  UCX  WARN  cuMemUnmap( (CUdeviceptr)region->mapped_addr, region->key.b_len) failed: unrecognized error code 4
[1787714637.775893] [presto-gb200-gcn-04:3450637:0]  cuda_ipc_cache.c:181  UCX  WARN  cuMemUnmap( (CUdeviceptr)region->mapped_addr, region->key.b_len) failed: unrecognized error code 4
[1787714637.775894] [presto-gb200-gcn-04:3450637:0]  cuda_ipc_cache.c:181  UCX  WARN  cuMemUnmap( (CUdeviceptr)region->mapped_addr, region->key.b_len) failed: unrecognized error code 4
[1787714637.775895] [presto-gb200-gcn-04:3450637:0]  cuda_ipc_cache.c:181  UCX  WARN  cuMemUnmap( (CUdeviceptr)region->mapped_addr, region->key.b_len) failed: unrecognized error code 4
[1787714637.775896] [presto-gb200-gcn-04:3450637:0]  cuda_ipc_cache.c:181  UCX  WARN  cuMemUnmap( (CUdeviceptr)region->mapped_addr, region->key.b_len) failed: unrecognized error code 4
[1787714637.775897] [presto-gb200-gcn-04:3450637:0]  cuda_ipc_cache.c:181  UCX  WARN  cuMemUnmap( (CUdeviceptr)region->mapped_addr, region->key.b_len) failed: unrecognized error code 4
[1787714637.775898] [presto-gb200-gcn-04:3450637:0]  cuda_ipc_cache.c:181  UCX  WARN  cuMemUnmap( (CUdeviceptr)region->mapped_addr, region->key.b_len) failed: unrecognized error code 4
[1787714637.775899] [presto-gb200-gcn-04:3450637:0]  cuda_ipc_cache.c:181  UCX  WARN  cuMemUnmap( (CUdeviceptr)region->mapped_addr, region->key.b_len) failed: unrecognized error code 4
[1787714637.775900] [presto-gb200-gcn-04:3450637:0]  cuda_ipc_cache.c:181  UCX  WARN  cuMemUnmap( (CUdeviceptr)region->mapped_addr, region->key.b_len) failed: unrecognized error code 4
[1787714637.775902] [presto-gb200-gcn-04:3450637:0]  cuda_ipc_cache.c:181  UCX  WARN  cuMemUnmap( (CUdeviceptr)region->mapped_addr, region->key.b_len) failed: unrecognized error code 4
[1787714637.775903] [presto-gb200-gcn-04:3450637:0]  cuda_ipc_cache.c:181  UCX  WARN  cuMemUnmap( (CUdeviceptr)region->mapped_addr, region->key.b_len) failed: unrecognized error code 4
[1787714637.775904] [presto-gb200-gcn-04:3450637:0]  cuda_ipc_cache.c:181  UCX  WARN  cuMemUnmap( (CUdeviceptr)region->mapped_addr, region->key.b_len) failed: unrecognized error code 4
[1787714637.775909] [presto-gb200-gcn-04:3450637:0]  cuda_ipc_cache.c:181  UCX  WARN  cuMemUnmap( (CUdeviceptr)region->mapped_addr, region->key.b_len) failed: unrecognized error code 4
[1787714637.775911] [presto-gb200-gcn-04:3450637:0]  cuda_ipc_cache.c:181  UCX  WARN  cuMemUnmap( (CUdeviceptr)region->mapped_addr, region->key.b_len) failed: unrecognized error code 4
[1787714637.775912] [presto-gb200-gcn-04:3450637:0]  cuda_ipc_cache.c:181  UCX  WARN  cuMemUnmap( (CUdeviceptr)region->mapped_addr, region->key.b_len) failed: unrecognized error code 4
[1787714637.775913] [presto-gb200-gcn-04:3450637:0]  cuda_ipc_cache.c:181  UCX  WARN  cuMemUnmap( (CUdeviceptr)region->mapped_addr, region->key.b_len) failed: unrecognized error code 4
[1787714637.775914] [presto-gb200-gcn-04:3450637:0]  cuda_ipc_cache.c:181  UCX  WARN  cuMemUnmap( (CUdeviceptr)region->mapped_addr, region->key.b_len) failed: unrecognized error code 4
[1787714637.775916] [presto-gb200-gcn-04:3450637:0]  cuda_ipc_cache.c:181  UCX  WARN  cuMemUnmap( (CUdeviceptr)region->mapped_addr, region->key.b_len) failed: unrecognized error code 4
[1787714637.775917] [presto-gb200-gcn-04:3450637:0]  cuda_ipc_cache.c:181  UCX  WARN  cuMemUnmap( (CUdeviceptr)region->mapped_addr, region->key.b_len) failed: unrecognized error code 4
[1787714637.775918] [presto-gb200-gcn-04:3450637:0]  cuda_ipc_cache.c:181  UCX  WARN  cuMemUnmap( (CUdeviceptr)region->mapped_addr, region->key.b_len) failed: unrecognized error code 4
[1787714637.775920] [presto-gb200-gcn-04:3450637:0]  cuda_ipc_cache.c:181  UCX  WARN  cuMemUnmap( (CUdeviceptr)region->mapped_addr, region->key.b_len) failed: unrecognized error code 4
[1787714637.775921] [presto-gb200-gcn-04:3450637:0]  cuda_ipc_cache.c:181  UCX  WARN  cuMemUnmap( (CUdeviceptr)region->mapped_addr, region->key.b_len) failed: unrecognized error code 4
[1787714637.775922] [presto-gb200-gcn-04:3450637:0]  cuda_ipc_cache.c:181  UCX  WARN  cuMemUnmap( (CUdeviceptr)region->mapped_addr, region->key.b_len) failed: unrecognized error code 4
[1787714637.775923] [presto-gb200-gcn-04:3450637:0]  cuda_ipc_cache.c:181  UCX  WARN  cuMemUnmap( (CUdeviceptr)region->mapped_addr, region->key.b_len) failed: unrecognized error code 4
[1787714637.775924] [presto-gb200-gcn-04:3450637:0]  cuda_ipc_cache.c:181  UCX  WARN  cuMemUnmap( (CUdeviceptr)region->mapped_addr, region->key.b_len) failed: unrecognized error code 4
[1787714637.775925] [presto-gb200-gcn-04:3450637:0]  cuda_ipc_cache.c:181  UCX  WARN  cuMemUnmap( (CUdeviceptr)region->mapped_addr, region->key.b_len) failed: unrecognized error code 4
[1787714637.775925] [presto-gb200-gcn-04:3450637:0]        cuda_ctx.c:23   UCX  ERROR cuDevicePrimaryCtxGetState(cuda_device, &flags, &active) failed: unrecognized error code 4
[1787714637.777037] [presto-gb200-gcn-04:3450631:0]  cuda_ipc_cache.c:181  UCX  WARN  cuMemUnmap( (CUdeviceptr)region->mapped_addr, region->key.b_len) failed: unrecognized error code 4
[1787714637.777041] [presto-gb200-gcn-04:3450631:0]  cuda_ipc_cache.c:181  UCX  WARN  cuMemUnmap( (CUdeviceptr)region->mapped_addr, region->key.b_len) failed: unrecognized error code 4
[1787714637.777043] [presto-gb200-gcn-04:3450631:0]  cuda_ipc_cache.c:181  UCX  WARN  cuMemUnmap( (CUdeviceptr)region->mapped_addr, region->key.b_len) failed: unrecognized error code 4
[1787714637.777045] [presto-gb200-gcn-04:3450631:0]  cuda_ipc_cache.c:181  UCX  WARN  cuMemUnmap( (CUdeviceptr)region->mapped_addr, region->key.b_len) failed: unrecognized error code 4
[1787714637.777046] [presto-gb200-gcn-04:3450631:0]  cuda_ipc_cache.c:181  UCX  WARN  cuMemUnmap( (CUdeviceptr)region->mapped_addr, region->key.b_len) failed: unrecognized error code 4
[1787714637.777047] [presto-gb200-gcn-04:3450631:0]  cuda_ipc_cache.c:181  UCX  WARN  cuMemUnmap( (CUdeviceptr)region->mapped_addr, region->key.b_len) failed: unrecognized error code 4
[1787714637.777049] [presto-gb200-gcn-04:3450631:0]  cuda_ipc_cache.c:181  UCX  WARN  cuMemUnmap( (CUdeviceptr)region->mapped_addr, region->key.b_len) failed: unrecognized error code 4
[1787714637.777050] [presto-gb200-gcn-04:3450631:0]  cuda_ipc_cache.c:181  UCX  WARN  cuMemUnmap( (CUdeviceptr)region->mapped_addr, region->key.b_len) failed: unrecognized error code 4
[1787714637.777051] [presto-gb200-gcn-04:3450631:0]  cuda_ipc_cache.c:181  UCX  WARN  cuMemUnmap( (CUdeviceptr)region->mapped_addr, region->key.b_len) failed: unrecognized error code 4
[1787714637.777053] [presto-gb200-gcn-04:3450631:0]  cuda_ipc_cache.c:181  UCX  WARN  cuMemUnmap( (CUdeviceptr)region->mapped_addr, region->key.b_len) failed: unrecognized error code 4
[1787714637.777054] [presto-gb200-gcn-04:3450631:0]  cuda_ipc_cache.c:181  UCX  WARN  cuMemUnmap( (CUdeviceptr)region->mapped_addr, region->key.b_len) failed: unrecognized error code 4
[1787714637.777055] [presto-gb200-gcn-04:3450631:0]  cuda_ipc_cache.c:181  UCX  WARN  cuMemUnmap( (CUdeviceptr)region->mapped_addr, region->key.b_len) failed: unrecognized error code 4
[1787714637.777056] [presto-gb200-gcn-04:3450631:0]  cuda_ipc_cache.c:181  UCX  WARN  cuMemUnmap( (CUdeviceptr)region->mapped_addr, region->key.b_len) failed: unrecognized error code 4
[1787714637.777057] [presto-gb200-gcn-04:3450631:0]  cuda_ipc_cache.c:181  UCX  WARN  cuMemUnmap( (CUdeviceptr)region->mapped_addr, region->key.b_len) failed: unrecognized error code 4
[1787714637.777059] [presto-gb200-gcn-04:3450631:0]  cuda_ipc_cache.c:181  UCX  WARN  cuMemUnmap( (CUdeviceptr)region->mapped_addr, region->key.b_len) failed: unrecognized error code 4
[1787714637.777060] [presto-gb200-gcn-04:3450631:0]  cuda_ipc_cache.c:181  UCX  WARN  cuMemUnmap( (CUdeviceptr)region->mapped_addr, region->key.b_len) failed: unrecognized error code 4
[1787714637.777061] [presto-gb200-gcn-04:3450631:0]  cuda_ipc_cache.c:181  UCX  WARN  cuMemUnmap( (CUdeviceptr)region->mapped_addr, region->key.b_len) failed: unrecognized error code 4
[1787714637.777062] [presto-gb200-gcn-04:3450631:0]  cuda_ipc_cache.c:181  UCX  WARN  cuMemUnmap( (CUdeviceptr)region->mapped_addr, region->key.b_len) failed: unrecognized error code 4
[1787714637.777064] [presto-gb200-gcn-04:3450631:0]  cuda_ipc_cache.c:181  UCX  WARN  cuMemUnmap( (CUdeviceptr)region->mapped_addr, region->key.b_len) failed: unrecognized error code 4
[1787714637.777065] [presto-gb200-gcn-04:3450631:0]  cuda_ipc_cache.c:181  UCX  WARN  cuMemUnmap( (CUdeviceptr)region->mapped_addr, region->key.b_len) failed: unrecognized error code 4
[1787714637.777066] [presto-gb200-gcn-04:3450631:0]  cuda_ipc_cache.c:181  UCX  WARN  cuMemUnmap( (CUdeviceptr)region->mapped_addr, region->key.b_len) failed: unrecognized error code 4
[1787714637.777068] [presto-gb200-gcn-04:3450631:0]  cuda_ipc_cache.c:181  UCX  WARN  cuMemUnmap( (CUdeviceptr)region->mapped_addr, region->key.b_len) failed: unrecognized error code 4
[1787714637.777069] [presto-gb200-gcn-04:3450631:0]  cuda_ipc_cache.c:181  UCX  WARN  cuMemUnmap( (CUdeviceptr)region->mapped_addr, region->key.b_len) failed: unrecognized error code 4
[1787714637.777071] [presto-gb200-gcn-04:3450631:0]  cuda_ipc_cache.c:181  UCX  WARN  cuMemUnmap( (CUdeviceptr)region->mapped_addr, region->key.b_len) failed: unrecognized error code 4
[1787714637.777072] [presto-gb200-gcn-04:3450631:0]  cuda_ipc_cache.c:181  UCX  WARN  cuMemUnmap( (CUdeviceptr)region->mapped_addr, region->key.b_len) failed: unrecognized error code 4
[1787714637.777073] [presto-gb200-gcn-04:3450631:0]  cuda_ipc_cache.c:181  UCX  WARN  cuMemUnmap( (CUdeviceptr)region->mapped_addr, region->key.b_len) failed: unrecognized error code 4
[1787714637.777075] [presto-gb200-gcn-04:3450631:0]  cuda_ipc_cache.c:181  UCX  WARN  cuMemUnmap( (CUdeviceptr)region->mapped_addr, region->key.b_len) failed: unrecognized error code 4
[1787714637.777076] [presto-gb200-gcn-04:3450631:0]  cuda_ipc_cache.c:181  UCX  WARN  cuMemUnmap( (CUdeviceptr)region->mapped_addr, region->key.b_len) failed: unrecognized error code 4
[1787714637.777077] [presto-gb200-gcn-04:3450631:0]  cuda_ipc_cache.c:181  UCX  WARN  cuMemUnmap( (CUdeviceptr)region->mapped_addr, region->key.b_len) failed: unrecognized error code 4
[1787714637.777078] [presto-gb200-gcn-04:3450631:0]  cuda_ipc_cache.c:181  UCX  WARN  cuMemUnmap( (CUdeviceptr)region->mapped_addr, region->key.b_len) failed: unrecognized error code 4
[1787714637.777079] [presto-gb200-gcn-04:3450631:0]  cuda_ipc_cache.c:181  UCX  WARN  cuMemUnmap( (CUdeviceptr)region->mapped_addr, region->key.b_len) failed: unrecognized error code 4
[1787714637.777081] [presto-gb200-gcn-04:3450631:0]  cuda_ipc_cache.c:181  UCX  WARN  cuMemUnmap( (CUdeviceptr)region->mapped_addr, region->key.b_len) failed: unrecognized error code 4
[1787714637.777082] [presto-gb200-gcn-04:3450631:0]  cuda_ipc_cache.c:181  UCX  WARN  cuMemUnmap( (CUdeviceptr)region->mapped_addr, region->key.b_len) failed: unrecognized error code 4
[1787714637.777084] [presto-gb200-gcn-04:3450631:0]  cuda_ipc_cache.c:181  UCX  WARN  cuMemUnmap( (CUdeviceptr)region->mapped_addr, region->key.b_len) failed: unrecognized error code 4
[1787714637.777085] [presto-gb200-gcn-04:3450631:0]  cuda_ipc_cache.c:181  UCX  WARN  cuMemUnmap( (CUdeviceptr)region->mapped_addr, region->key.b_len) failed: unrecognized error code 4
[1787714637.777087] [presto-gb200-gcn-04:3450631:0]  cuda_ipc_cache.c:181  UCX  WARN  cuMemUnmap( (CUdeviceptr)region->mapped_addr, region->key.b_len) failed: unrecognized error code 4
[1787714637.777087] [presto-gb200-gcn-04:3450631:0]  cuda_ipc_cache.c:181  UCX  WARN  cuMemUnmap( (CUdeviceptr)region->mapped_addr, region->key.b_len) failed: unrecognized error code 4
[1787714637.777089] [presto-gb200-gcn-04:3450631:0]  cuda_ipc_cache.c:181  UCX  WARN  cuMemUnmap( (CUdeviceptr)region->mapped_addr, region->key.b_len) failed: unrecognized error code 4
[1787714637.777090] [presto-gb200-gcn-04:3450631:0]  cuda_ipc_cache.c:181  UCX  WARN  cuMemUnmap( (CUdeviceptr)region->mapped_addr, region->key.b_len) failed: unrecognized error code 4
[1787714637.777091] [presto-gb200-gcn-04:3450631:0]  cuda_ipc_cache.c:181  UCX  WARN  cuMemUnmap( (CUdeviceptr)region->mapped_addr, region->key.b_len) failed: unrecognized error code 4
[1787714637.777092] [presto-gb200-gcn-04:3450631:0]  cuda_ipc_cache.c:181  UCX  WARN  cuMemUnmap( (CUdeviceptr)region->mapped_addr, region->key.b_len) failed: unrecognized error code 4
[1787714637.777093] [presto-gb200-gcn-04:3450631:0]  cuda_ipc_cache.c:181  UCX  WARN  cuMemUnmap( (CUdeviceptr)region->mapped_addr, region->key.b_len) failed: unrecognized error code 4
[1787714637.777095] [presto-gb200-gcn-04:3450631:0]  cuda_ipc_cache.c:181  UCX  WARN  cuMemUnmap( (CUdeviceptr)region->mapped_addr, region->key.b_len) failed: unrecognized error code 4
[1787714637.777096] [presto-gb200-gcn-04:3450631:0]  cuda_ipc_cache.c:181  UCX  WARN  cuMemUnmap( (CUdeviceptr)region->mapped_addr, region->key.b_len) failed: unrecognized error code 4
[1787714637.777098] [presto-gb200-gcn-04:3450631:0]  cuda_ipc_cache.c:181  UCX  WARN  cuMemUnmap( (CUdeviceptr)region->mapped_addr, region->key.b_len) failed: unrecognized error code 4
[1787714637.777113] [presto-gb200-gcn-04:3450631:0]  cuda_ipc_cache.c:181  UCX  WARN  cuMemUnmap( (CUdeviceptr)region->mapped_addr, region->key.b_len) failed: unrecognized error code 4
[1787714637.777115] [presto-gb200-gcn-04:3450631:0]  cuda_ipc_cache.c:181  UCX  WARN  cuMemUnmap( (CUdeviceptr)region->mapped_addr, region->key.b_len) failed: unrecognized error code 4
[1787714637.777116] [presto-gb200-gcn-04:3450631:0]  cuda_ipc_cache.c:181  UCX  WARN  cuMemUnmap( (CUdeviceptr)region->mapped_addr, region->key.b_len) failed: unrecognized error code 4
[1787714637.777117] [presto-gb200-gcn-04:3450631:0]  cuda_ipc_cache.c:181  UCX  WARN  cuMemUnmap( (CUdeviceptr)region->mapped_addr, region->key.b_len) failed: unrecognized error code 4
[1787714637.777118] [presto-gb200-gcn-04:3450631:0]  cuda_ipc_cache.c:181  UCX  WARN  cuMemUnmap( (CUdeviceptr)region->mapped_addr, region->key.b_len) failed: unrecognized error code 4
[1787714637.777119] [presto-gb200-gcn-04:3450631:0]  cuda_ipc_cache.c:181  UCX  WARN  cuMemUnmap( (CUdeviceptr)region->mapped_addr, region->key.b_len) failed: unrecognized error code 4
[1787714637.777120] [presto-gb200-gcn-04:3450631:0]  cuda_ipc_cache.c:181  UCX  WARN  cuMemUnmap( (CUdeviceptr)region->mapped_addr, region->key.b_len) failed: unrecognized error code 4
[1787714637.777122] [presto-gb200-gcn-04:3450631:0]  cuda_ipc_cache.c:181  UCX  WARN  cuMemUnmap( (CUdeviceptr)region->mapped_addr, region->key.b_len) failed: unrecognized error code 4
[1787714637.777123] [presto-gb200-gcn-04:3450631:0]  cuda_ipc_cache.c:181  UCX  WARN  cuMemUnmap( (CUdeviceptr)region->mapped_addr, region->key.b_len) failed: unrecognized error code 4
[1787714637.777124] [presto-gb200-gcn-04:3450631:0]  cuda_ipc_cache.c:181  UCX  WARN  cuMemUnmap( (CUdeviceptr)region->mapped_addr, region->key.b_len) failed: unrecognized error code 4
[1787714637.777126] [presto-gb200-gcn-04:3450631:0]  cuda_ipc_cache.c:181  UCX  WARN  cuMemUnmap( (CUdeviceptr)region->mapped_addr, region->key.b_len) failed: unrecognized error code 4
[1787714637.777127] [presto-gb200-gcn-04:3450631:0]  cuda_ipc_cache.c:181  UCX  WARN  cuMemUnmap( (CUdeviceptr)region->mapped_addr, region->key.b_len) failed: unrecognized error code 4
[1787714637.777128] [presto-gb200-gcn-04:3450631:0]        cuda_ctx.c:23   UCX  ERROR cuDevicePrimaryCtxGetState(cuda_device, &flags, &active) failed: unrecognized error code 4
[1787714637.777205] [presto-gb200-gcn-04:3450631:0]  cuda_ipc_cache.c:181  UCX  WARN  cuMemUnmap( (CUdeviceptr)region->mapped_addr, region->key.b_len) failed: unrecognized error code 4
[1787714637.777207] [presto-gb200-gcn-04:3450631:0]  cuda_ipc_cache.c:181  UCX  WARN  cuMemUnmap( (CUdeviceptr)region->mapped_addr, region->key.b_len) failed: unrecognized error code 4
[1787714637.777208] [presto-gb200-gcn-04:3450631:0]  cuda_ipc_cache.c:181  UCX  WARN  cuMemUnmap( (CUdeviceptr)region->mapped_addr, region->key.b_len) failed: unrecognized error code 4
[1787714637.777209] [presto-gb200-gcn-04:3450631:0]  cuda_ipc_cache.c:181  UCX  WARN  cuMemUnmap( (CUdeviceptr)region->mapped_addr, region->key.b_len) failed: unrecognized error code 4
[1787714637.777210] [presto-gb200-gcn-04:3450631:0]  cuda_ipc_cache.c:181  UCX  WARN  cuMemUnmap( (CUdeviceptr)region->mapped_addr, region->key.b_len) failed: unrecognized error code 4
[1787714637.777211] [presto-gb200-gcn-04:3450631:0]  cuda_ipc_cache.c:181  UCX  WARN  cuMemUnmap( (CUdeviceptr)region->mapped_addr, region->key.b_len) failed: unrecognized error code 4
[1787714637.777212] [presto-gb200-gcn-04:3450631:0]  cuda_ipc_cache.c:181  UCX  WARN  cuMemUnmap( (CUdeviceptr)region->mapped_addr, region->key.b_len) failed: unrecognized error code 4
[1787714637.777213] [presto-gb200-gcn-04:3450631:0]  cuda_ipc_cache.c:181  UCX  WARN  cuMemUnmap( (CUdeviceptr)region->mapped_addr, region->key.b_len) failed: unrecognized error code 4
[1787714637.777214] [presto-gb200-gcn-04:3450631:0]  cuda_ipc_cache.c:181  UCX  WARN  cuMemUnmap( (CUdeviceptr)region->mapped_addr, region->key.b_len) failed: unrecognized error code 4
[1787714637.777215] [presto-gb200-gcn-04:3450631:0]  cuda_ipc_cache.c:181  UCX  WARN  cuMemUnmap( (CUdeviceptr)region->mapped_addr, region->key.b_len) failed: unrecognized error code 4
[1787714637.777217] [presto-gb200-gcn-04:3450631:0]  cuda_ipc_cache.c:181  UCX  WARN  cuMemUnmap( (CUdeviceptr)region->mapped_addr, region->key.b_len) failed: unrecognized error code 4
[1787714637.777218] [presto-gb200-gcn-04:3450631:0]  cuda_ipc_cache.c:181  UCX  WARN  cuMemUnmap( (CUdeviceptr)region->mapped_addr, region->key.b_len) failed: unrecognized error code 4
[1787714637.777218] [presto-gb200-gcn-04:3450631:0]  cuda_ipc_cache.c:181  UCX  WARN  cuMemUnmap( (CUdeviceptr)region->mapped_addr, region->key.b_len) failed: unrecognized error code 4
[1787714637.777220] [presto-gb200-gcn-04:3450631:0]  cuda_ipc_cache.c:181  UCX  WARN  cuMemUnmap( (CUdeviceptr)region->mapped_addr, region->key.b_len) failed: unrecognized error code 4
[1787714637.777221] [presto-gb200-gcn-04:3450631:0]  cuda_ipc_cache.c:181  UCX  WARN  cuMemUnmap( (CUdeviceptr)region->mapped_addr, region->key.b_len) failed: unrecognized error code 4
[1787714637.777222] [presto-gb200-gcn-04:3450631:0]  cuda_ipc_cache.c:181  UCX  WARN  cuMemUnmap( (CUdeviceptr)region->mapped_addr, region->key.b_len) failed: unrecognized error code 4
[1787714637.777223] [presto-gb200-gcn-04:3450631:0]  cuda_ipc_cache.c:181  UCX  WARN  cuMemUnmap( (CUdeviceptr)region->mapped_addr, region->key.b_len) failed: unrecognized error code 4
[1787714637.777224] [presto-gb200-gcn-04:3450631:0]  cuda_ipc_cache.c:181  UCX  WARN  cuMemUnmap( (CUdeviceptr)region->mapped_addr, region->key.b_len) failed: unrecognized error code 4
[1787714637.777225] [presto-gb200-gcn-04:3450631:0]  cuda_ipc_cache.c:181  UCX  WARN  cuMemUnmap( (CUdeviceptr)region->mapped_addr, region->key.b_len) failed: unrecognized error code 4
[1787714637.777226] [presto-gb200-gcn-04:3450631:0]  cuda_ipc_cache.c:181  UCX  WARN  cuMemUnmap( (CUdeviceptr)region->mapped_addr, region->key.b_len) failed: unrecognized error code 4
[1787714637.777227] [presto-gb200-gcn-04:3450631:0]  cuda_ipc_cache.c:181  UCX  WARN  cuMemUnmap( (CUdeviceptr)region->mapped_addr, region->key.b_len) failed: unrecognized error code 4
[1787714637.777228] [presto-gb200-gcn-04:3450631:0]  cuda_ipc_cache.c:181  UCX  WARN  cuMemUnmap( (CUdeviceptr)region->mapped_addr, region->key.b_len) failed: unrecognized error code 4
[1787714637.777229] [presto-gb200-gcn-04:3450631:0]  cuda_ipc_cache.c:181  UCX  WARN  cuMemUnmap( (CUdeviceptr)region->mapped_addr, region->key.b_len) failed: unrecognized error code 4
[1787714637.777230] [presto-gb200-gcn-04:3450631:0]  cuda_ipc_cache.c:181  UCX  WARN  cuMemUnmap( (CUdeviceptr)region->mapped_addr, region->key.b_len) failed: unrecognized error code 4
[1787714637.777231] [presto-gb200-gcn-04:3450631:0]  cuda_ipc_cache.c:181  UCX  WARN  cuMemUnmap( (CUdeviceptr)region->mapped_addr, region->key.b_len) failed: unrecognized error code 4
[1787714637.777233] [presto-gb200-gcn-04:3450631:0]  cuda_ipc_cache.c:181  UCX  WARN  cuMemUnmap( (CUdeviceptr)region->mapped_addr, region->key.b_len) failed: unrecognized error code 4
[1787714637.777234] [presto-gb200-gcn-04:3450631:0]  cuda_ipc_cache.c:181  UCX  WARN  cuMemUnmap( (CUdeviceptr)region->mapped_addr, region->key.b_len) failed: unrecognized error code 4
[1787714637.777235] [presto-gb200-gcn-04:3450631:0]  cuda_ipc_cache.c:181  UCX  WARN  cuMemUnmap( (CUdeviceptr)region->mapped_addr, region->key.b_len) failed: unrecognized error code 4
[1787714637.777236] [presto-gb200-gcn-04:3450631:0]  cuda_ipc_cache.c:181  UCX  WARN  cuMemUnmap( (CUdeviceptr)region->mapped_addr, region->key.b_len) failed: unrecognized error code 4
[1787714637.777237] [presto-gb200-gcn-04:3450631:0]  cuda_ipc_cache.c:181  UCX  WARN  cuMemUnmap( (CUdeviceptr)region->mapped_addr, region->key.b_len) failed: unrecognized error code 4
[1787714637.777238] [presto-gb200-gcn-04:3450631:0]  cuda_ipc_cache.c:181  UCX  WARN  cuMemUnmap( (CUdeviceptr)region->mapped_addr, region->key.b_len) failed: unrecognized error code 4
[1787714637.777240] [presto-gb200-gcn-04:3450631:0]  cuda_ipc_cache.c:181  UCX  WARN  cuMemUnmap( (CUdeviceptr)region->mapped_addr, region->key.b_len) failed: unrecognized error code 4
[1787714637.777241] [presto-gb200-gcn-04:3450631:0]  cuda_ipc_cache.c:181  UCX  WARN  cuMemUnmap( (CUdeviceptr)region->mapped_addr, region->key.b_len) failed: unrecognized error code 4
[1787714637.777242] [presto-gb200-gcn-04:3450631:0]  cuda_ipc_cache.c:181  UCX  WARN  cuMemUnmap( (CUdeviceptr)region->mapped_addr, region->key.b_len) failed: unrecognized error code 4
[1787714637.777243] [presto-gb200-gcn-04:3450631:0]  cuda_ipc_cache.c:181  UCX  WARN  cuMemUnmap( (CUdeviceptr)region->mapped_addr, region->key.b_len) failed: unrecognized error code 4
[1787714637.777244] [presto-gb200-gcn-04:3450631:0]  cuda_ipc_cache.c:181  UCX  WARN  cuMemUnmap( (CUdeviceptr)region->mapped_addr, region->key.b_len) failed: unrecognized error code 4
[1787714637.777245] [presto-gb200-gcn-04:3450631:0]  cuda_ipc_cache.c:181  UCX  WARN  cuMemUnmap( (CUdeviceptr)region->mapped_addr, region->key.b_len) failed: unrecognized error code 4
[1787714637.777246] [presto-gb200-gcn-04:3450631:0]  cuda_ipc_cache.c:181  UCX  WARN  cuMemUnmap( (CUdeviceptr)region->mapped_addr, region->key.b_len) failed: unrecognized error code 4
[1787714637.777247] [presto-gb200-gcn-04:3450631:0]  cuda_ipc_cache.c:181  UCX  WARN  cuMemUnmap( (CUdeviceptr)region->mapped_addr, region->key.b_len) failed: unrecognized error code 4
[1787714637.777249] [presto-gb200-gcn-04:3450631:0]  cuda_ipc_cache.c:181  UCX  WARN  cuMemUnmap( (CUdeviceptr)region->mapped_addr, region->key.b_len) failed: unrecognized error code 4
[1787714637.777250] [presto-gb200-gcn-04:3450631:0]  cuda_ipc_cache.c:181  UCX  WARN  cuMemUnmap( (CUdeviceptr)region->mapped_addr, region->key.b_len) failed: unrecognized error code 4
[1787714637.777251] [presto-gb200-gcn-04:3450631:0]  cuda_ipc_cache.c:181  UCX  WARN  cuMemUnmap( (CUdeviceptr)region->mapped_addr, region->key.b_len) failed: unrecognized error code 4
[1787714637.777252] [presto-gb200-gcn-04:3450631:0]  cuda_ipc_cache.c:181  UCX  WARN  cuMemUnmap( (CUdeviceptr)region->mapped_addr, region->key.b_len) failed: unrecognized error code 4
[1787714637.777254] [presto-gb200-gcn-04:3450631:0]  cuda_ipc_cache.c:181  UCX  WARN  cuMemUnmap( (CUdeviceptr)region->mapped_addr, region->key.b_len) failed: unrecognized error code 4
[1787714637.777255] [presto-gb200-gcn-04:3450631:0]  cuda_ipc_cache.c:181  UCX  WARN  cuMemUnmap( (CUdeviceptr)region->mapped_addr, region->key.b_len) failed: unrecognized error code 4
[1787714637.777266] [presto-gb200-gcn-04:3450631:0]  cuda_ipc_cache.c:181  UCX  WARN  cuMemUnmap( (CUdeviceptr)region->mapped_addr, region->key.b_len) failed: unrecognized error code 4
[1787714637.777267] [presto-gb200-gcn-04:3450631:0]  cuda_ipc_cache.c:181  UCX  WARN  cuMemUnmap( (CUdeviceptr)region->mapped_addr, region->key.b_len) failed: unrecognized error code 4
[1787714637.777268] [presto-gb200-gcn-04:3450631:0]  cuda_ipc_cache.c:181  UCX  WARN  cuMemUnmap( (CUdeviceptr)region->mapped_addr, region->key.b_len) failed: unrecognized error code 4
[1787714637.777269] [presto-gb200-gcn-04:3450631:0]  cuda_ipc_cache.c:181  UCX  WARN  cuMemUnmap( (CUdeviceptr)region->mapped_addr, region->key.b_len) failed: unrecognized error code 4
[1787714637.777270] [presto-gb200-gcn-04:3450631:0]  cuda_ipc_cache.c:181  UCX  WARN  cuMemUnmap( (CUdeviceptr)region->mapped_addr, region->key.b_len) failed: unrecognized error code 4
[1787714637.777271] [presto-gb200-gcn-04:3450631:0]  cuda_ipc_cache.c:181  UCX  WARN  cuMemUnmap( (CUdeviceptr)region->mapped_addr, region->key.b_len) failed: unrecognized error code 4
[1787714637.777273] [presto-gb200-gcn-04:3450631:0]  cuda_ipc_cache.c:181  UCX  WARN  cuMemUnmap( (CUdeviceptr)region->mapped_addr, region->key.b_len) failed: unrecognized error code 4
[1787714637.777274] [presto-gb200-gcn-04:3450631:0]  cuda_ipc_cache.c:181  UCX  WARN  cuMemUnmap( (CUdeviceptr)region->mapped_addr, region->key.b_len) failed: unrecognized error code 4
[1787714637.777275] [presto-gb200-gcn-04:3450631:0]  cuda_ipc_cache.c:181  UCX  WARN  cuMemUnmap( (CUdeviceptr)region->mapped_addr, region->key.b_len) failed: unrecognized error code 4
[1787714637.777276] [presto-gb200-gcn-04:3450631:0]  cuda_ipc_cache.c:181  UCX  WARN  cuMemUnmap( (CUdeviceptr)region->mapped_addr, region->key.b_len) failed: unrecognized error code 4
[1787714637.777277] [presto-gb200-gcn-04:3450631:0]  cuda_ipc_cache.c:181  UCX  WARN  cuMemUnmap( (CUdeviceptr)region->mapped_addr, region->key.b_len) failed: unrecognized error code 4
[1787714637.777278] [presto-gb200-gcn-04:3450631:0]  cuda_ipc_cache.c:181  UCX  WARN  cuMemUnmap( (CUdeviceptr)region->mapped_addr, region->key.b_len) failed: unrecognized error code 4
[1787714637.777279] [presto-gb200-gcn-04:3450631:0]  cuda_ipc_cache.c:181  UCX  WARN  cuMemUnmap( (CUdeviceptr)region->mapped_addr, region->key.b_len) failed: unrecognized error code 4
[1787714637.777280] [presto-gb200-gcn-04:3450631:0]  cuda_ipc_cache.c:181  UCX  WARN  cuMemUnmap( (CUdeviceptr)region->mapped_addr, region->key.b_len) failed: unrecognized error code 4
[1787714637.777281] [presto-gb200-gcn-04:3450631:0]        cuda_ctx.c:23   UCX  ERROR cuDevicePrimaryCtxGetState(cuda_device, &flags, &active) failed: unrecognized error code 4
[1787714637.777302] [presto-gb200-gcn-04:3450631:0]  cuda_ipc_cache.c:181  UCX  WARN  cuMemUnmap( (CUdeviceptr)region->mapped_addr, region->key.b_len) failed: unrecognized error code 4
[1787714637.777303] [presto-gb200-gcn-04:3450631:0]  cuda_ipc_cache.c:181  UCX  WARN  cuMemUnmap( (CUdeviceptr)region->mapped_addr, region->key.b_len) failed: unrecognized error code 4
[1787714637.777304] [presto-gb200-gcn-04:3450631:0]  cuda_ipc_cache.c:181  UCX  WARN  cuMemUnmap( (CUdeviceptr)region->mapped_addr, region->key.b_len) failed: unrecognized error code 4
[1787714637.777305] [presto-gb200-gcn-04:3450631:0]  cuda_ipc_cache.c:181  UCX  WARN  cuMemUnmap( (CUdeviceptr)region->mapped_addr, region->key.b_len) failed: unrecognized error code 4
[1787714637.777306] [presto-gb200-gcn-04:3450631:0]  cuda_ipc_cache.c:181  UCX  WARN  cuMemUnmap( (CUdeviceptr)region->mapped_addr, region->key.b_len) failed: unrecognized error code 4
[1787714637.777308] [presto-gb200-gcn-04:3450631:0]  cuda_ipc_cache.c:181  UCX  WARN  cuMemUnmap( (CUdeviceptr)region->mapped_addr, region->key.b_len) failed: unrecognized error code 4
[1787714637.777309] [presto-gb200-gcn-04:3450631:0]  cuda_ipc_cache.c:181  UCX  WARN  cuMemUnmap( (CUdeviceptr)region->mapped_addr, region->key.b_len) failed: unrecognized error code 4
[1787714637.777310] [presto-gb200-gcn-04:3450631:0]  cuda_ipc_cache.c:181  UCX  WARN  cuMemUnmap( (CUdeviceptr)region->mapped_addr, region->key.b_len) failed: unrecognized error code 4
[1787714637.777311] [presto-gb200-gcn-04:3450631:0]  cuda_ipc_cache.c:181  UCX  WARN  cuMemUnmap( (CUdeviceptr)region->mapped_addr, region->key.b_len) failed: unrecognized error code 4
[1787714637.777312] [presto-gb200-gcn-04:3450631:0]  cuda_ipc_cache.c:181  UCX  WARN  cuMemUnmap( (CUdeviceptr)region->mapped_addr, region->key.b_len) failed: unrecognized error code 4
[1787714637.777313] [presto-gb200-gcn-04:3450631:0]  cuda_ipc_cache.c:181  UCX  WARN  cuMemUnmap( (CUdeviceptr)region->mapped_addr, region->key.b_len) failed: unrecognized error code 4
[1787714637.777314] [presto-gb200-gcn-04:3450631:0]  cuda_ipc_cache.c:181  UCX  WARN  cuMemUnmap( (CUdeviceptr)region->mapped_addr, region->key.b_len) failed: unrecognized error code 4
[1787714637.777315] [presto-gb200-gcn-04:3450631:0]  cuda_ipc_cache.c:181  UCX  WARN  cuMemUnmap( (CUdeviceptr)region->mapped_addr, region->key.b_len) failed: unrecognized error code 4
[1787714637.777316] [presto-gb200-gcn-04:3450631:0]  cuda_ipc_cache.c:181  UCX  WARN  cuMemUnmap( (CUdeviceptr)region->mapped_addr, region->key.b_len) failed: unrecognized error code 4
[1787714637.777317] [presto-gb200-gcn-04:3450631:0]  cuda_ipc_cache.c:181  UCX  WARN  cuMemUnmap( (CUdeviceptr)region->mapped_addr, region->key.b_len) failed: unrecognized error code 4
[1787714637.777318] [presto-gb200-gcn-04:3450631:0]  cuda_ipc_cache.c:181  UCX  WARN  cuMemUnmap( (CUdeviceptr)region->mapped_addr, region->key.b_len) failed: unrecognized error code 4
[1787714637.777319] [presto-gb200-gcn-04:3450631:0]  cuda_ipc_cache.c:181  UCX  WARN  cuMemUnmap( (CUdeviceptr)region->mapped_addr, region->key.b_len) failed: unrecognized error code 4
[1787714637.777320] [presto-gb200-gcn-04:3450631:0]  cuda_ipc_cache.c:181  UCX  WARN  cuMemUnmap( (CUdeviceptr)region->mapped_addr, region->key.b_len) failed: unrecognized error code 4
[1787714637.777321] [presto-gb200-gcn-04:3450631:0]  cuda_ipc_cache.c:181  UCX  WARN  cuMemUnmap( (CUdeviceptr)region->mapped_addr, region->key.b_len) failed: unrecognized error code 4
[1787714637.777322] [presto-gb200-gcn-04:3450631:0]  cuda_ipc_cache.c:181  UCX  WARN  cuMemUnmap( (CUdeviceptr)region->mapped_addr, region->key.b_len) failed: unrecognized error code 4
[1787714637.777323] [presto-gb200-gcn-04:3450631:0]  cuda_ipc_cache.c:181  UCX  WARN  cuMemUnmap( (CUdeviceptr)region->mapped_addr, region->key.b_len) failed: unrecognized error code 4
[1787714637.777324] [presto-gb200-gcn-04:3450631:0]  cuda_ipc_cache.c:181  UCX  WARN  cuMemUnmap( (CUdeviceptr)region->mapped_addr, region->key.b_len) failed: unrecognized error code 4
[1787714637.777325] [presto-gb200-gcn-04:3450631:0]  cuda_ipc_cache.c:181  UCX  WARN  cuMemUnmap( (CUdeviceptr)region->mapped_addr, region->key.b_len) failed: unrecognized error code 4
[1787714637.777326] [presto-gb200-gcn-04:3450631:0]  cuda_ipc_cache.c:181  UCX  WARN  cuMemUnmap( (CUdeviceptr)region->mapped_addr, region->key.b_len) failed: unrecognized error code 4
[1787714637.777327] [presto-gb200-gcn-04:3450631:0]  cuda_ipc_cache.c:181  UCX  WARN  cuMemUnmap( (CUdeviceptr)region->mapped_addr, region->key.b_len) failed: unrecognized error code 4
[1787714637.777329] [presto-gb200-gcn-04:3450631:0]  cuda_ipc_cache.c:181  UCX  WARN  cuMemUnmap( (CUdeviceptr)region->mapped_addr, region->key.b_len) failed: unrecognized error code 4
[1787714637.777330] [presto-gb200-gcn-04:3450631:0]  cuda_ipc_cache.c:181  UCX  WARN  cuMemUnmap( (CUdeviceptr)region->mapped_addr, region->key.b_len) failed: unrecognized error code 4
[1787714637.777330] [presto-gb200-gcn-04:3450631:0]  cuda_ipc_cache.c:181  UCX  WARN  cuMemUnmap( (CUdeviceptr)region->mapped_addr, region->key.b_len) failed: unrecognized error code 4
[1787714637.777332] [presto-gb200-gcn-04:3450631:0]  cuda_ipc_cache.c:181  UCX  WARN  cuMemUnmap( (CUdeviceptr)region->mapped_addr, region->key.b_len) failed: unrecognized error code 4
[1787714637.777332] [presto-gb200-gcn-04:3450631:0]  cuda_ipc_cache.c:181  UCX  WARN  cuMemUnmap( (CUdeviceptr)region->mapped_addr, region->key.b_len) failed: unrecognized error code 4
[1787714637.777334] [presto-gb200-gcn-04:3450631:0]  cuda_ipc_cache.c:181  UCX  WARN  cuMemUnmap( (CUdeviceptr)region->mapped_addr, region->key.b_len) failed: unrecognized error code 4
[1787714637.777335] [presto-gb200-gcn-04:3450631:0]  cuda_ipc_cache.c:181  UCX  WARN  cuMemUnmap( (CUdeviceptr)region->mapped_addr, region->key.b_len) failed: unrecognized error code 4
[1787714637.777336] [presto-gb200-gcn-04:3450631:0]  cuda_ipc_cache.c:181  UCX  WARN  cuMemUnmap( (CUdeviceptr)region->mapped_addr, region->key.b_len) failed: unrecognized error code 4
[1787714637.777337] [presto-gb200-gcn-04:3450631:0]  cuda_ipc_cache.c:181  UCX  WARN  cuMemUnmap( (CUdeviceptr)region->mapped_addr, region->key.b_len) failed: unrecognized error code 4
[1787714637.777338] [presto-gb200-gcn-04:3450631:0]  cuda_ipc_cache.c:181  UCX  WARN  cuMemUnmap( (CUdeviceptr)region->mapped_addr, region->key.b_len) failed: unrecognized error code 4
[1787714637.777339] [presto-gb200-gcn-04:3450631:0]  cuda_ipc_cache.c:181  UCX  WARN  cuMemUnmap( (CUdeviceptr)region->mapped_addr, region->key.b_len) failed: unrecognized error code 4
[1787714637.777340] [presto-gb200-gcn-04:3450631:0]  cuda_ipc_cache.c:181  UCX  WARN  cuMemUnmap( (CUdeviceptr)region->mapped_addr, region->key.b_len) failed: unrecognized error code 4
[1787714637.777341] [presto-gb200-gcn-04:3450631:0]  cuda_ipc_cache.c:181  UCX  WARN  cuMemUnmap( (CUdeviceptr)region->mapped_addr, region->key.b_len) failed: unrecognized error code 4
[1787714637.777342] [presto-gb200-gcn-04:3450631:0]  cuda_ipc_cache.c:181  UCX  WARN  cuMemUnmap( (CUdeviceptr)region->mapped_addr, region->key.b_len) failed: unrecognized error code 4
[1787714637.777343] [presto-gb200-gcn-04:3450631:0]  cuda_ipc_cache.c:181  UCX  WARN  cuMemUnmap( (CUdeviceptr)region->mapped_addr, region->key.b_len) failed: unrecognized error code 4
[1787714637.777344] [presto-gb200-gcn-04:3450631:0]  cuda_ipc_cache.c:181  UCX  WARN  cuMemUnmap( (CUdeviceptr)region->mapped_addr, region->key.b_len) failed: unrecognized error code 4
[1787714637.777345] [presto-gb200-gcn-04:3450631:0]  cuda_ipc_cache.c:181  UCX  WARN  cuMemUnmap( (CUdeviceptr)region->mapped_addr, region->key.b_len) failed: unrecognized error code 4
[1787714637.777346] [presto-gb200-gcn-04:3450631:0]  cuda_ipc_cache.c:181  UCX  WARN  cuMemUnmap( (CUdeviceptr)region->mapped_addr, region->key.b_len) failed: unrecognized error code 4
[1787714637.777346] [presto-gb200-gcn-04:3450631:0]  cuda_ipc_cache.c:181  UCX  WARN  cuMemUnmap( (CUdeviceptr)region->mapped_addr, region->key.b_len) failed: unrecognized error code 4
[1787714637.777348] [presto-gb200-gcn-04:3450631:0]  cuda_ipc_cache.c:181  UCX  WARN  cuMemUnmap( (CUdeviceptr)region->mapped_addr, region->key.b_len) failed: unrecognized error code 4
[1787714637.777359] [presto-gb200-gcn-04:3450631:0]  cuda_ipc_cache.c:181  UCX  WARN  cuMemUnmap( (CUdeviceptr)region->mapped_addr, region->key.b_len) failed: unrecognized error code 4
[1787714637.777360] [presto-gb200-gcn-04:3450631:0]  cuda_ipc_cache.c:181  UCX  WARN  cuMemUnmap( (CUdeviceptr)region->mapped_addr, region->key.b_len) failed: unrecognized error code 4
[1787714637.777361] [presto-gb200-gcn-04:3450631:0]  cuda_ipc_cache.c:181  UCX  WARN  cuMemUnmap( (CUdeviceptr)region->mapped_addr, region->key.b_len) failed: unrecognized error code 4
[1787714637.777362] [presto-gb200-gcn-04:3450631:0]  cuda_ipc_cache.c:181  UCX  WARN  cuMemUnmap( (CUdeviceptr)region->mapped_addr, region->key.b_len) failed: unrecognized error code 4
[1787714637.777363] [presto-gb200-gcn-04:3450631:0]  cuda_ipc_cache.c:181  UCX  WARN  cuMemUnmap( (CUdeviceptr)region->mapped_addr, region->key.b_len) failed: unrecognized error code 4
[1787714637.777364] [presto-gb200-gcn-04:3450631:0]  cuda_ipc_cache.c:181  UCX  WARN  cuMemUnmap( (CUdeviceptr)region->mapped_addr, region->key.b_len) failed: unrecognized error code 4
[1787714637.777365] [presto-gb200-gcn-04:3450631:0]  cuda_ipc_cache.c:181  UCX  WARN  cuMemUnmap( (CUdeviceptr)region->mapped_addr, region->key.b_len) failed: unrecognized error code 4
[1787714637.777366] [presto-gb200-gcn-04:3450631:0]  cuda_ipc_cache.c:181  UCX  WARN  cuMemUnmap( (CUdeviceptr)region->mapped_addr, region->key.b_len) failed: unrecognized error code 4
[1787714637.777367] [presto-gb200-gcn-04:3450631:0]  cuda_ipc_cache.c:181  UCX  WARN  cuMemUnmap( (CUdeviceptr)region->mapped_addr, region->key.b_len) failed: unrecognized error code 4
[1787714637.777368] [presto-gb200-gcn-04:3450631:0]  cuda_ipc_cache.c:181  UCX  WARN  cuMemUnmap( (CUdeviceptr)region->mapped_addr, region->key.b_len) failed: unrecognized error code 4
[1787714637.777369] [presto-gb200-gcn-04:3450631:0]        cuda_ctx.c:23   UCX  ERROR cuDevicePrimaryCtxGetState(cuda_device, &flags, &active) failed: unrecognized error code 4
[1787714637.777681] [presto-gb200-gcn-04:3450634:0]  cuda_ipc_cache.c:181  UCX  WARN  cuMemUnmap( (CUdeviceptr)region->mapped_addr, region->key.b_len) failed: unrecognized error code 4
[1787714637.777685] [presto-gb200-gcn-04:3450634:0]  cuda_ipc_cache.c:181  UCX  WARN  cuMemUnmap( (CUdeviceptr)region->mapped_addr, region->key.b_len) failed: unrecognized error code 4
[1787714637.777688] [presto-gb200-gcn-04:3450634:0]  cuda_ipc_cache.c:181  UCX  WARN  cuMemUnmap( (CUdeviceptr)region->mapped_addr, region->key.b_len) failed: unrecognized error code 4
[1787714637.777689] [presto-gb200-gcn-04:3450634:0]  cuda_ipc_cache.c:181  UCX  WARN  cuMemUnmap( (CUdeviceptr)region->mapped_addr, region->key.b_len) failed: unrecognized error code 4
[1787714637.777692] [presto-gb200-gcn-04:3450634:0]  cuda_ipc_cache.c:181  UCX  WARN  cuMemUnmap( (CUdeviceptr)region->mapped_addr, region->key.b_len) failed: unrecognized error code 4
[1787714637.777693] [presto-gb200-gcn-04:3450634:0]  cuda_ipc_cache.c:181  UCX  WARN  cuMemUnmap( (CUdeviceptr)region->mapped_addr, region->key.b_len) failed: unrecognized error code 4
[1787714637.777695] [presto-gb200-gcn-04:3450634:0]  cuda_ipc_cache.c:181  UCX  WARN  cuMemUnmap( (CUdeviceptr)region->mapped_addr, region->key.b_len) failed: unrecognized error code 4
[1787714637.777697] [presto-gb200-gcn-04:3450634:0]  cuda_ipc_cache.c:181  UCX  WARN  cuMemUnmap( (CUdeviceptr)region->mapped_addr, region->key.b_len) failed: unrecognized error code 4
[1787714637.777698] [presto-gb200-gcn-04:3450634:0]  cuda_ipc_cache.c:181  UCX  WARN  cuMemUnmap( (CUdeviceptr)region->mapped_addr, region->key.b_len) failed: unrecognized error code 4
[1787714637.777700] [presto-gb200-gcn-04:3450634:0]  cuda_ipc_cache.c:181  UCX  WARN  cuMemUnmap( (CUdeviceptr)region->mapped_addr, region->key.b_len) failed: unrecognized error code 4
[1787714637.777702] [presto-gb200-gcn-04:3450634:0]  cuda_ipc_cache.c:181  UCX  WARN  cuMemUnmap( (CUdeviceptr)region->mapped_addr, region->key.b_len) failed: unrecognized error code 4
[1787714637.777704] [presto-gb200-gcn-04:3450634:0]  cuda_ipc_cache.c:181  UCX  WARN  cuMemUnmap( (CUdeviceptr)region->mapped_addr, region->key.b_len) failed: unrecognized error code 4
[1787714637.777705] [presto-gb200-gcn-04:3450634:0]  cuda_ipc_cache.c:181  UCX  WARN  cuMemUnmap( (CUdeviceptr)region->mapped_addr, region->key.b_len) failed: unrecognized error code 4
[1787714637.777707] [presto-gb200-gcn-04:3450634:0]  cuda_ipc_cache.c:181  UCX  WARN  cuMemUnmap( (CUdeviceptr)region->mapped_addr, region->key.b_len) failed: unrecognized error code 4
[1787714637.777709] [presto-gb200-gcn-04:3450634:0]  cuda_ipc_cache.c:181  UCX  WARN  cuMemUnmap( (CUdeviceptr)region->mapped_addr, region->key.b_len) failed: unrecognized error code 4
[1787714637.777710] [presto-gb200-gcn-04:3450634:0]  cuda_ipc_cache.c:181  UCX  WARN  cuMemUnmap( (CUdeviceptr)region->mapped_addr, region->key.b_len) failed: unrecognized error code 4
[1787714637.777712] [presto-gb200-gcn-04:3450634:0]  cuda_ipc_cache.c:181  UCX  WARN  cuMemUnmap( (CUdeviceptr)region->mapped_addr, region->key.b_len) failed: unrecognized error code 4
[1787714637.777714] [presto-gb200-gcn-04:3450634:0]  cuda_ipc_cache.c:181  UCX  WARN  cuMemUnmap( (CUdeviceptr)region->mapped_addr, region->key.b_len) failed: unrecognized error code 4
[1787714637.777716] [presto-gb200-gcn-04:3450634:0]  cuda_ipc_cache.c:181  UCX  WARN  cuMemUnmap( (CUdeviceptr)region->mapped_addr, region->key.b_len) failed: unrecognized error code 4
[1787714637.777717] [presto-gb200-gcn-04:3450634:0]  cuda_ipc_cache.c:181  UCX  WARN  cuMemUnmap( (CUdeviceptr)region->mapped_addr, region->key.b_len) failed: unrecognized error code 4
[1787714637.777719] [presto-gb200-gcn-04:3450634:0]  cuda_ipc_cache.c:181  UCX  WARN  cuMemUnmap( (CUdeviceptr)region->mapped_addr, region->key.b_len) failed: unrecognized error code 4
[1787714637.777720] [presto-gb200-gcn-04:3450634:0]  cuda_ipc_cache.c:181  UCX  WARN  cuMemUnmap( (CUdeviceptr)region->mapped_addr, region->key.b_len) failed: unrecognized error code 4
[1787714637.777722] [presto-gb200-gcn-04:3450634:0]  cuda_ipc_cache.c:181  UCX  WARN  cuMemUnmap( (CUdeviceptr)region->mapped_addr, region->key.b_len) failed: unrecognized error code 4
[1787714637.777724] [presto-gb200-gcn-04:3450634:0]  cuda_ipc_cache.c:181  UCX  WARN  cuMemUnmap( (CUdeviceptr)region->mapped_addr, region->key.b_len) failed: unrecognized error code 4
[1787714637.777726] [presto-gb200-gcn-04:3450634:0]  cuda_ipc_cache.c:181  UCX  WARN  cuMemUnmap( (CUdeviceptr)region->mapped_addr, region->key.b_len) failed: unrecognized error code 4
[1787714637.777727] [presto-gb200-gcn-04:3450634:0]  cuda_ipc_cache.c:181  UCX  WARN  cuMemUnmap( (CUdeviceptr)region->mapped_addr, region->key.b_len) failed: unrecognized error code 4
[1787714637.777729] [presto-gb200-gcn-04:3450634:0]  cuda_ipc_cache.c:181  UCX  WARN  cuMemUnmap( (CUdeviceptr)region->mapped_addr, region->key.b_len) failed: unrecognized error code 4
[1787714637.777730] [presto-gb200-gcn-04:3450634:0]  cuda_ipc_cache.c:181  UCX  WARN  cuMemUnmap( (CUdeviceptr)region->mapped_addr, region->key.b_len) failed: unrecognized error code 4
[1787714637.777732] [presto-gb200-gcn-04:3450634:0]  cuda_ipc_cache.c:181  UCX  WARN  cuMemUnmap( (CUdeviceptr)region->mapped_addr, region->key.b_len) failed: unrecognized error code 4
[1787714637.777733] [presto-gb200-gcn-04:3450634:0]  cuda_ipc_cache.c:181  UCX  WARN  cuMemUnmap( (CUdeviceptr)region->mapped_addr, region->key.b_len) failed: unrecognized error code 4
[1787714637.777735] [presto-gb200-gcn-04:3450634:0]  cuda_ipc_cache.c:181  UCX  WARN  cuMemUnmap( (CUdeviceptr)region->mapped_addr, region->key.b_len) failed: unrecognized error code 4
[1787714637.777737] [presto-gb200-gcn-04:3450634:0]  cuda_ipc_cache.c:181  UCX  WARN  cuMemUnmap( (CUdeviceptr)region->mapped_addr, region->key.b_len) failed: unrecognized error code 4
[1787714637.777739] [presto-gb200-gcn-04:3450634:0]  cuda_ipc_cache.c:181  UCX  WARN  cuMemUnmap( (CUdeviceptr)region->mapped_addr, region->key.b_len) failed: unrecognized error code 4
[1787714637.777740] [presto-gb200-gcn-04:3450634:0]  cuda_ipc_cache.c:181  UCX  WARN  cuMemUnmap( (CUdeviceptr)region->mapped_addr, region->key.b_len) failed: unrecognized error code 4
[1787714637.777742] [presto-gb200-gcn-04:3450634:0]  cuda_ipc_cache.c:181  UCX  WARN  cuMemUnmap( (CUdeviceptr)region->mapped_addr, region->key.b_len) failed: unrecognized error code 4
[1787714637.777743] [presto-gb200-gcn-04:3450634:0]  cuda_ipc_cache.c:181  UCX  WARN  cuMemUnmap( (CUdeviceptr)region->mapped_addr, region->key.b_len) failed: unrecognized error code 4
[1787714637.777745] [presto-gb200-gcn-04:3450634:0]  cuda_ipc_cache.c:181  UCX  WARN  cuMemUnmap( (CUdeviceptr)region->mapped_addr, region->key.b_len) failed: unrecognized error code 4
[1787714637.777746] [presto-gb200-gcn-04:3450634:0]  cuda_ipc_cache.c:181  UCX  WARN  cuMemUnmap( (CUdeviceptr)region->mapped_addr, region->key.b_len) failed: unrecognized error code 4
[1787714637.777748] [presto-gb200-gcn-04:3450634:0]  cuda_ipc_cache.c:181  UCX  WARN  cuMemUnmap( (CUdeviceptr)region->mapped_addr, region->key.b_len) failed: unrecognized error code 4
[1787714637.777750] [presto-gb200-gcn-04:3450634:0]  cuda_ipc_cache.c:181  UCX  WARN  cuMemUnmap( (CUdeviceptr)region->mapped_addr, region->key.b_len) failed: unrecognized error code 4
[1787714637.777751] [presto-gb200-gcn-04:3450634:0]  cuda_ipc_cache.c:181  UCX  WARN  cuMemUnmap( (CUdeviceptr)region->mapped_addr, region->key.b_len) failed: unrecognized error code 4
[1787714637.777752] [presto-gb200-gcn-04:3450634:0]  cuda_ipc_cache.c:181  UCX  WARN  cuMemUnmap( (CUdeviceptr)region->mapped_addr, region->key.b_len) failed: unrecognized error code 4
[1787714637.777754] [presto-gb200-gcn-04:3450634:0]  cuda_ipc_cache.c:181  UCX  WARN  cuMemUnmap( (CUdeviceptr)region->mapped_addr, region->key.b_len) failed: unrecognized error code 4
[1787714637.777755] [presto-gb200-gcn-04:3450634:0]  cuda_ipc_cache.c:181  UCX  WARN  cuMemUnmap( (CUdeviceptr)region->mapped_addr, region->key.b_len) failed: unrecognized error code 4
[1787714637.777757] [presto-gb200-gcn-04:3450634:0]  cuda_ipc_cache.c:181  UCX  WARN  cuMemUnmap( (CUdeviceptr)region->mapped_addr, region->key.b_len) failed: unrecognized error code 4
[1787714637.777770] [presto-gb200-gcn-04:3450634:0]  cuda_ipc_cache.c:181  UCX  WARN  cuMemUnmap( (CUdeviceptr)region->mapped_addr, region->key.b_len) failed: unrecognized error code 4
[1787714637.777771] [presto-gb200-gcn-04:3450634:0]  cuda_ipc_cache.c:181  UCX  WARN  cuMemUnmap( (CUdeviceptr)region->mapped_addr, region->key.b_len) failed: unrecognized error code 4
[1787714637.777772] [presto-gb200-gcn-04:3450634:0]  cuda_ipc_cache.c:181  UCX  WARN  cuMemUnmap( (CUdeviceptr)region->mapped_addr, region->key.b_len) failed: unrecognized error code 4
[1787714637.777773] [presto-gb200-gcn-04:3450634:0]  cuda_ipc_cache.c:181  UCX  WARN  cuMemUnmap( (CUdeviceptr)region->mapped_addr, region->key.b_len) failed: unrecognized error code 4
[1787714637.777774] [presto-gb200-gcn-04:3450634:0]  cuda_ipc_cache.c:181  UCX  WARN  cuMemUnmap( (CUdeviceptr)region->mapped_addr, region->key.b_len) failed: unrecognized error code 4
[1787714637.777775] [presto-gb200-gcn-04:3450634:0]  cuda_ipc_cache.c:181  UCX  WARN  cuMemUnmap( (CUdeviceptr)region->mapped_addr, region->key.b_len) failed: unrecognized error code 4
[1787714637.777777] [presto-gb200-gcn-04:3450634:0]  cuda_ipc_cache.c:181  UCX  WARN  cuMemUnmap( (CUdeviceptr)region->mapped_addr, region->key.b_len) failed: unrecognized error code 4
[1787714637.777778] [presto-gb200-gcn-04:3450634:0]  cuda_ipc_cache.c:181  UCX  WARN  cuMemUnmap( (CUdeviceptr)region->mapped_addr, region->key.b_len) failed: unrecognized error code 4
[1787714637.777779] [presto-gb200-gcn-04:3450634:0]  cuda_ipc_cache.c:181  UCX  WARN  cuMemUnmap( (CUdeviceptr)region->mapped_addr, region->key.b_len) failed: unrecognized error code 4
[1787714637.777781] [presto-gb200-gcn-04:3450634:0]  cuda_ipc_cache.c:181  UCX  WARN  cuMemUnmap( (CUdeviceptr)region->mapped_addr, region->key.b_len) failed: unrecognized error code 4
[1787714637.777782] [presto-gb200-gcn-04:3450634:0]  cuda_ipc_cache.c:181  UCX  WARN  cuMemUnmap( (CUdeviceptr)region->mapped_addr, region->key.b_len) failed: unrecognized error code 4
[1787714637.777783] [presto-gb200-gcn-04:3450634:0]  cuda_ipc_cache.c:181  UCX  WARN  cuMemUnmap( (CUdeviceptr)region->mapped_addr, region->key.b_len) failed: unrecognized error code 4
[1787714637.777785] [presto-gb200-gcn-04:3450634:0]  cuda_ipc_cache.c:181  UCX  WARN  cuMemUnmap( (CUdeviceptr)region->mapped_addr, region->key.b_len) failed: unrecognized error code 4
[1787714637.777786] [presto-gb200-gcn-04:3450634:0]        cuda_ctx.c:23   UCX  ERROR cuDevicePrimaryCtxGetState(cuda_device, &flags, &active) failed: unrecognized error code 4
[1787714637.777809] [presto-gb200-gcn-04:3450634:0]  cuda_ipc_cache.c:181  UCX  WARN  cuMemUnmap( (CUdeviceptr)region->mapped_addr, region->key.b_len) failed: unrecognized error code 4
[1787714637.777810] [presto-gb200-gcn-04:3450634:0]  cuda_ipc_cache.c:181  UCX  WARN  cuMemUnmap( (CUdeviceptr)region->mapped_addr, region->key.b_len) failed: unrecognized error code 4
[1787714637.777811] [presto-gb200-gcn-04:3450634:0]  cuda_ipc_cache.c:181  UCX  WARN  cuMemUnmap( (CUdeviceptr)region->mapped_addr, region->key.b_len) failed: unrecognized error code 4
[1787714637.777812] [presto-gb200-gcn-04:3450634:0]  cuda_ipc_cache.c:181  UCX  WARN  cuMemUnmap( (CUdeviceptr)region->mapped_addr, region->key.b_len) failed: unrecognized error code 4
[1787714637.777813] [presto-gb200-gcn-04:3450634:0]  cuda_ipc_cache.c:181  UCX  WARN  cuMemUnmap( (CUdeviceptr)region->mapped_addr, region->key.b_len) failed: unrecognized error code 4
[1787714637.777814] [presto-gb200-gcn-04:3450634:0]  cuda_ipc_cache.c:181  UCX  WARN  cuMemUnmap( (CUdeviceptr)region->mapped_addr, region->key.b_len) failed: unrecognized error code 4
[1787714637.777815] [presto-gb200-gcn-04:3450634:0]  cuda_ipc_cache.c:181  UCX  WARN  cuMemUnmap( (CUdeviceptr)region->mapped_addr, region->key.b_len) failed: unrecognized error code 4
[1787714637.777816] [presto-gb200-gcn-04:3450634:0]  cuda_ipc_cache.c:181  UCX  WARN  cuMemUnmap( (CUdeviceptr)region->mapped_addr, region->key.b_len) failed: unrecognized error code 4
[1787714637.777818] [presto-gb200-gcn-04:3450634:0]  cuda_ipc_cache.c:181  UCX  WARN  cuMemUnmap( (CUdeviceptr)region->mapped_addr, region->key.b_len) failed: unrecognized error code 4
[1787714637.777819] [presto-gb200-gcn-04:3450634:0]  cuda_ipc_cache.c:181  UCX  WARN  cuMemUnmap( (CUdeviceptr)region->mapped_addr, region->key.b_len) failed: unrecognized error code 4
[1787714637.777820] [presto-gb200-gcn-04:3450634:0]  cuda_ipc_cache.c:181  UCX  WARN  cuMemUnmap( (CUdeviceptr)region->mapped_addr, region->key.b_len) failed: unrecognized error code 4
[1787714637.777821] [presto-gb200-gcn-04:3450634:0]  cuda_ipc_cache.c:181  UCX  WARN  cuMemUnmap( (CUdeviceptr)region->mapped_addr, region->key.b_len) failed: unrecognized error code 4
[1787714637.777822] [presto-gb200-gcn-04:3450634:0]  cuda_ipc_cache.c:181  UCX  WARN  cuMemUnmap( (CUdeviceptr)region->mapped_addr, region->key.b_len) failed: unrecognized error code 4
[1787714637.777823] [presto-gb200-gcn-04:3450634:0]  cuda_ipc_cache.c:181  UCX  WARN  cuMemUnmap( (CUdeviceptr)region->mapped_addr, region->key.b_len) failed: unrecognized error code 4
[1787714637.777825] [presto-gb200-gcn-04:3450634:0]  cuda_ipc_cache.c:181  UCX  WARN  cuMemUnmap( (CUdeviceptr)region->mapped_addr, region->key.b_len) failed: unrecognized error code 4
[1787714637.777826] [presto-gb200-gcn-04:3450634:0]  cuda_ipc_cache.c:181  UCX  WARN  cuMemUnmap( (CUdeviceptr)region->mapped_addr, region->key.b_len) failed: unrecognized error code 4
[1787714637.777827] [presto-gb200-gcn-04:3450634:0]  cuda_ipc_cache.c:181  UCX  WARN  cuMemUnmap( (CUdeviceptr)region->mapped_addr, region->key.b_len) failed: unrecognized error code 4
[1787714637.777828] [presto-gb200-gcn-04:3450634:0]  cuda_ipc_cache.c:181  UCX  WARN  cuMemUnmap( (CUdeviceptr)region->mapped_addr, region->key.b_len) failed: unrecognized error code 4
[1787714637.777829] [presto-gb200-gcn-04:3450634:0]  cuda_ipc_cache.c:181  UCX  WARN  cuMemUnmap( (CUdeviceptr)region->mapped_addr, region->key.b_len) failed: unrecognized error code 4
[1787714637.777830] [presto-gb200-gcn-04:3450634:0]  cuda_ipc_cache.c:181  UCX  WARN  cuMemUnmap( (CUdeviceptr)region->mapped_addr, region->key.b_len) failed: unrecognized error code 4
[1787714637.777831] [presto-gb200-gcn-04:3450634:0]  cuda_ipc_cache.c:181  UCX  WARN  cuMemUnmap( (CUdeviceptr)region->mapped_addr, region->key.b_len) failed: unrecognized error code 4
[1787714637.777832] [presto-gb200-gcn-04:3450634:0]  cuda_ipc_cache.c:181  UCX  WARN  cuMemUnmap( (CUdeviceptr)region->mapped_addr, region->key.b_len) failed: unrecognized error code 4
[1787714637.777833] [presto-gb200-gcn-04:3450634:0]  cuda_ipc_cache.c:181  UCX  WARN  cuMemUnmap( (CUdeviceptr)region->mapped_addr, region->key.b_len) failed: unrecognized error code 4
[1787714637.777834] [presto-gb200-gcn-04:3450634:0]  cuda_ipc_cache.c:181  UCX  WARN  cuMemUnmap( (CUdeviceptr)region->mapped_addr, region->key.b_len) failed: unrecognized error code 4
[1787714637.777835] [presto-gb200-gcn-04:3450634:0]  cuda_ipc_cache.c:181  UCX  WARN  cuMemUnmap( (CUdeviceptr)region->mapped_addr, region->key.b_len) failed: unrecognized error code 4
[1787714637.777836] [presto-gb200-gcn-04:3450634:0]  cuda_ipc_cache.c:181  UCX  WARN  cuMemUnmap( (CUdeviceptr)region->mapped_addr, region->key.b_len) failed: unrecognized error code 4
[1787714637.777837] [presto-gb200-gcn-04:3450634:0]  cuda_ipc_cache.c:181  UCX  WARN  cuMemUnmap( (CUdeviceptr)region->mapped_addr, region->key.b_len) failed: unrecognized error code 4
[1787714637.777838] [presto-gb200-gcn-04:3450634:0]  cuda_ipc_cache.c:181  UCX  WARN  cuMemUnmap( (CUdeviceptr)region->mapped_addr, region->key.b_len) failed: unrecognized error code 4
[1787714637.777839] [presto-gb200-gcn-04:3450634:0]  cuda_ipc_cache.c:181  UCX  WARN  cuMemUnmap( (CUdeviceptr)region->mapped_addr, region->key.b_len) failed: unrecognized error code 4
[1787714637.777840] [presto-gb200-gcn-04:3450634:0]  cuda_ipc_cache.c:181  UCX  WARN  cuMemUnmap( (CUdeviceptr)region->mapped_addr, region->key.b_len) failed: unrecognized error code 4
[1787714637.777842] [presto-gb200-gcn-04:3450634:0]  cuda_ipc_cache.c:181  UCX  WARN  cuMemUnmap( (CUdeviceptr)region->mapped_addr, region->key.b_len) failed: unrecognized error code 4
[1787714637.777843] [presto-gb200-gcn-04:3450634:0]  cuda_ipc_cache.c:181  UCX  WARN  cuMemUnmap( (CUdeviceptr)region->mapped_addr, region->key.b_len) failed: unrecognized error code 4
[1787714637.777845] [presto-gb200-gcn-04:3450634:0]  cuda_ipc_cache.c:181  UCX  WARN  cuMemUnmap( (CUdeviceptr)region->mapped_addr, region->key.b_len) failed: unrecognized error code 4
[1787714637.777846] [presto-gb200-gcn-04:3450634:0]  cuda_ipc_cache.c:181  UCX  WARN  cuMemUnmap( (CUdeviceptr)region->mapped_addr, region->key.b_len) failed: unrecognized error code 4
[1787714637.777847] [presto-gb200-gcn-04:3450634:0]  cuda_ipc_cache.c:181  UCX  WARN  cuMemUnmap( (CUdeviceptr)region->mapped_addr, region->key.b_len) failed: unrecognized error code 4
[1787714637.777848] [presto-gb200-gcn-04:3450634:0]  cuda_ipc_cache.c:181  UCX  WARN  cuMemUnmap( (CUdeviceptr)region->mapped_addr, region->key.b_len) failed: unrecognized error code 4
[1787714637.777849] [presto-gb200-gcn-04:3450634:0]  cuda_ipc_cache.c:181  UCX  WARN  cuMemUnmap( (CUdeviceptr)region->mapped_addr, region->key.b_len) failed: unrecognized error code 4
[1787714637.777850] [presto-gb200-gcn-04:3450634:0]  cuda_ipc_cache.c:181  UCX  WARN  cuMemUnmap( (CUdeviceptr)region->mapped_addr, region->key.b_len) failed: unrecognized error code 4
[1787714637.777852] [presto-gb200-gcn-04:3450634:0]  cuda_ipc_cache.c:181  UCX  WARN  cuMemUnmap( (CUdeviceptr)region->mapped_addr, region->key.b_len) failed: unrecognized error code 4
[1787714637.777853] [presto-gb200-gcn-04:3450634:0]  cuda_ipc_cache.c:181  UCX  WARN  cuMemUnmap( (CUdeviceptr)region->mapped_addr, region->key.b_len) failed: unrecognized error code 4
[1787714637.777854] [presto-gb200-gcn-04:3450634:0]  cuda_ipc_cache.c:181  UCX  WARN  cuMemUnmap( (CUdeviceptr)region->mapped_addr, region->key.b_len) failed: unrecognized error code 4
[1787714637.777855] [presto-gb200-gcn-04:3450634:0]  cuda_ipc_cache.c:181  UCX  WARN  cuMemUnmap( (CUdeviceptr)region->mapped_addr, region->key.b_len) failed: unrecognized error code 4
[1787714637.777856] [presto-gb200-gcn-04:3450634:0]  cuda_ipc_cache.c:181  UCX  WARN  cuMemUnmap( (CUdeviceptr)region->mapped_addr, region->key.b_len) failed: unrecognized error code 4
[1787714637.777857] [presto-gb200-gcn-04:3450634:0]  cuda_ipc_cache.c:181  UCX  WARN  cuMemUnmap( (CUdeviceptr)region->mapped_addr, region->key.b_len) failed: unrecognized error code 4
[1787714637.777859] [presto-gb200-gcn-04:3450634:0]  cuda_ipc_cache.c:181  UCX  WARN  cuMemUnmap( (CUdeviceptr)region->mapped_addr, region->key.b_len) failed: unrecognized error code 4
[1787714637.777864] [presto-gb200-gcn-04:3450634:0]  cuda_ipc_cache.c:181  UCX  WARN  cuMemUnmap( (CUdeviceptr)region->mapped_addr, region->key.b_len) failed: unrecognized error code 4
[1787714637.777865] [presto-gb200-gcn-04:3450634:0]  cuda_ipc_cache.c:181  UCX  WARN  cuMemUnmap( (CUdeviceptr)region->mapped_addr, region->key.b_len) failed: unrecognized error code 4
[1787714637.777866] [presto-gb200-gcn-04:3450634:0]  cuda_ipc_cache.c:181  UCX  WARN  cuMemUnmap( (CUdeviceptr)region->mapped_addr, region->key.b_len) failed: unrecognized error code 4
[1787714637.777868] [presto-gb200-gcn-04:3450634:0]  cuda_ipc_cache.c:181  UCX  WARN  cuMemUnmap( (CUdeviceptr)region->mapped_addr, region->key.b_len) failed: unrecognized error code 4
[1787714637.777869] [presto-gb200-gcn-04:3450634:0]  cuda_ipc_cache.c:181  UCX  WARN  cuMemUnmap( (CUdeviceptr)region->mapped_addr, region->key.b_len) failed: unrecognized error code 4
[1787714637.777870] [presto-gb200-gcn-04:3450634:0]  cuda_ipc_cache.c:181  UCX  WARN  cuMemUnmap( (CUdeviceptr)region->mapped_addr, region->key.b_len) failed: unrecognized error code 4
[1787714637.777871] [presto-gb200-gcn-04:3450634:0]  cuda_ipc_cache.c:181  UCX  WARN  cuMemUnmap( (CUdeviceptr)region->mapped_addr, region->key.b_len) failed: unrecognized error code 4
[1787714637.777872] [presto-gb200-gcn-04:3450634:0]  cuda_ipc_cache.c:181  UCX  WARN  cuMemUnmap( (CUdeviceptr)region->mapped_addr, region->key.b_len) failed: unrecognized error code 4
[1787714637.777874] [presto-gb200-gcn-04:3450634:0]  cuda_ipc_cache.c:181  UCX  WARN  cuMemUnmap( (CUdeviceptr)region->mapped_addr, region->key.b_len) failed: unrecognized error code 4
[1787714637.777875] [presto-gb200-gcn-04:3450634:0]  cuda_ipc_cache.c:181  UCX  WARN  cuMemUnmap( (CUdeviceptr)region->mapped_addr, region->key.b_len) failed: unrecognized error code 4
[1787714637.777876] [presto-gb200-gcn-04:3450634:0]  cuda_ipc_cache.c:181  UCX  WARN  cuMemUnmap( (CUdeviceptr)region->mapped_addr, region->key.b_len) failed: unrecognized error code 4
[1787714637.777877] [presto-gb200-gcn-04:3450634:0]  cuda_ipc_cache.c:181  UCX  WARN  cuMemUnmap( (CUdeviceptr)region->mapped_addr, region->key.b_len) failed: unrecognized error code 4
[1787714637.777878] [presto-gb200-gcn-04:3450634:0]  cuda_ipc_cache.c:181  UCX  WARN  cuMemUnmap( (CUdeviceptr)region->mapped_addr, region->key.b_len) failed: unrecognized error code 4
[1787714637.777880] [presto-gb200-gcn-04:3450634:0]  cuda_ipc_cache.c:181  UCX  WARN  cuMemUnmap( (CUdeviceptr)region->mapped_addr, region->key.b_len) failed: unrecognized error code 4
[1787714637.777881] [presto-gb200-gcn-04:3450634:0]        cuda_ctx.c:23   UCX  ERROR cuDevicePrimaryCtxGetState(cuda_device, &flags, &active) failed: unrecognized error code 4
[1787714637.777902] [presto-gb200-gcn-04:3450634:0]  cuda_ipc_cache.c:181  UCX  WARN  cuMemUnmap( (CUdeviceptr)region->mapped_addr, region->key.b_len) failed: unrecognized error code 4
[1787714637.777904] [presto-gb200-gcn-04:3450634:0]  cuda_ipc_cache.c:181  UCX  WARN  cuMemUnmap( (CUdeviceptr)region->mapped_addr, region->key.b_len) failed: unrecognized error code 4
[1787714637.777905] [presto-gb200-gcn-04:3450634:0]  cuda_ipc_cache.c:181  UCX  WARN  cuMemUnmap( (CUdeviceptr)region->mapped_addr, region->key.b_len) failed: unrecognized error code 4
[1787714637.777906] [presto-gb200-gcn-04:3450634:0]  cuda_ipc_cache.c:181  UCX  WARN  cuMemUnmap( (CUdeviceptr)region->mapped_addr, region->key.b_len) failed: unrecognized error code 4
[1787714637.777907] [presto-gb200-gcn-04:3450634:0]  cuda_ipc_cache.c:181  UCX  WARN  cuMemUnmap( (CUdeviceptr)region->mapped_addr, region->key.b_len) failed: unrecognized error code 4
[1787714637.777908] [presto-gb200-gcn-04:3450634:0]  cuda_ipc_cache.c:181  UCX  WARN  cuMemUnmap( (CUdeviceptr)region->mapped_addr, region->key.b_len) failed: unrecognized error code 4
[1787714637.777909] [presto-gb200-gcn-04:3450634:0]  cuda_ipc_cache.c:181  UCX  WARN  cuMemUnmap( (CUdeviceptr)region->mapped_addr, region->key.b_len) failed: unrecognized error code 4
[1787714637.777910] [presto-gb200-gcn-04:3450634:0]  cuda_ipc_cache.c:181  UCX  WARN  cuMemUnmap( (CUdeviceptr)region->mapped_addr, region->key.b_len) failed: unrecognized error code 4
[1787714637.777911] [presto-gb200-gcn-04:3450634:0]  cuda_ipc_cache.c:181  UCX  WARN  cuMemUnmap( (CUdeviceptr)region->mapped_addr, region->key.b_len) failed: unrecognized error code 4
[1787714637.777912] [presto-gb200-gcn-04:3450634:0]  cuda_ipc_cache.c:181  UCX  WARN  cuMemUnmap( (CUdeviceptr)region->mapped_addr, region->key.b_len) failed: unrecognized error code 4
[1787714637.777913] [presto-gb200-gcn-04:3450634:0]  cuda_ipc_cache.c:181  UCX  WARN  cuMemUnmap( (CUdeviceptr)region->mapped_addr, region->key.b_len) failed: unrecognized error code 4
[1787714637.777914] [presto-gb200-gcn-04:3450634:0]  cuda_ipc_cache.c:181  UCX  WARN  cuMemUnmap( (CUdeviceptr)region->mapped_addr, region->key.b_len) failed: unrecognized error code 4
[1787714637.777916] [presto-gb200-gcn-04:3450634:0]  cuda_ipc_cache.c:181  UCX  WARN  cuMemUnmap( (CUdeviceptr)region->mapped_addr, region->key.b_len) failed: unrecognized error code 4
[1787714637.777917] [presto-gb200-gcn-04:3450634:0]  cuda_ipc_cache.c:181  UCX  WARN  cuMemUnmap( (CUdeviceptr)region->mapped_addr, region->key.b_len) failed: unrecognized error code 4
[1787714637.777918] [presto-gb200-gcn-04:3450634:0]  cuda_ipc_cache.c:181  UCX  WARN  cuMemUnmap( (CUdeviceptr)region->mapped_addr, region->key.b_len) failed: unrecognized error code 4
[1787714637.777919] [presto-gb200-gcn-04:3450634:0]  cuda_ipc_cache.c:181  UCX  WARN  cuMemUnmap( (CUdeviceptr)region->mapped_addr, region->key.b_len) failed: unrecognized error code 4
[1787714637.777920] [presto-gb200-gcn-04:3450634:0]  cuda_ipc_cache.c:181  UCX  WARN  cuMemUnmap( (CUdeviceptr)region->mapped_addr, region->key.b_len) failed: unrecognized error code 4
[1787714637.777922] [presto-gb200-gcn-04:3450634:0]  cuda_ipc_cache.c:181  UCX  WARN  cuMemUnmap( (CUdeviceptr)region->mapped_addr, region->key.b_len) failed: unrecognized error code 4
[1787714637.777923] [presto-gb200-gcn-04:3450634:0]  cuda_ipc_cache.c:181  UCX  WARN  cuMemUnmap( (CUdeviceptr)region->mapped_addr, region->key.b_len) failed: unrecognized error code 4
[1787714637.777924] [presto-gb200-gcn-04:3450634:0]  cuda_ipc_cache.c:181  UCX  WARN  cuMemUnmap( (CUdeviceptr)region->mapped_addr, region->key.b_len) failed: unrecognized error code 4
[1787714637.777925] [presto-gb200-gcn-04:3450634:0]  cuda_ipc_cache.c:181  UCX  WARN  cuMemUnmap( (CUdeviceptr)region->mapped_addr, region->key.b_len) failed: unrecognized error code 4
[1787714637.777926] [presto-gb200-gcn-04:3450634:0]  cuda_ipc_cache.c:181  UCX  WARN  cuMemUnmap( (CUdeviceptr)region->mapped_addr, region->key.b_len) failed: unrecognized error code 4
[1787714637.777927] [presto-gb200-gcn-04:3450634:0]  cuda_ipc_cache.c:181  UCX  WARN  cuMemUnmap( (CUdeviceptr)region->mapped_addr, region->key.b_len) failed: unrecognized error code 4
[1787714637.777928] [presto-gb200-gcn-04:3450634:0]  cuda_ipc_cache.c:181  UCX  WARN  cuMemUnmap( (CUdeviceptr)region->mapped_addr, region->key.b_len) failed: unrecognized error code 4
[1787714637.777929] [presto-gb200-gcn-04:3450634:0]  cuda_ipc_cache.c:181  UCX  WARN  cuMemUnmap( (CUdeviceptr)region->mapped_addr, region->key.b_len) failed: unrecognized error code 4
[1787714637.777930] [presto-gb200-gcn-04:3450634:0]  cuda_ipc_cache.c:181  UCX  WARN  cuMemUnmap( (CUdeviceptr)region->mapped_addr, region->key.b_len) failed: unrecognized error code 4
[1787714637.777931] [presto-gb200-gcn-04:3450634:0]  cuda_ipc_cache.c:181  UCX  WARN  cuMemUnmap( (CUdeviceptr)region->mapped_addr, region->key.b_len) failed: unrecognized error code 4
[1787714637.777941] [presto-gb200-gcn-04:3450634:0]  cuda_ipc_cache.c:181  UCX  WARN  cuMemUnmap( (CUdeviceptr)region->mapped_addr, region->key.b_len) failed: unrecognized error code 4
[1787714637.777942] [presto-gb200-gcn-04:3450634:0]  cuda_ipc_cache.c:181  UCX  WARN  cuMemUnmap( (CUdeviceptr)region->mapped_addr, region->key.b_len) failed: unrecognized error code 4
[1787714637.777943] [presto-gb200-gcn-04:3450634:0]  cuda_ipc_cache.c:181  UCX  WARN  cuMemUnmap( (CUdeviceptr)region->mapped_addr, region->key.b_len) failed: unrecognized error code 4
[1787714637.777945] [presto-gb200-gcn-04:3450634:0]  cuda_ipc_cache.c:181  UCX  WARN  cuMemUnmap( (CUdeviceptr)region->mapped_addr, region->key.b_len) failed: unrecognized error code 4
[1787714637.777946] [presto-gb200-gcn-04:3450634:0]  cuda_ipc_cache.c:181  UCX  WARN  cuMemUnmap( (CUdeviceptr)region->mapped_addr, region->key.b_len) failed: unrecognized error code 4
[1787714637.777947] [presto-gb200-gcn-04:3450634:0]  cuda_ipc_cache.c:181  UCX  WARN  cuMemUnmap( (CUdeviceptr)region->mapped_addr, region->key.b_len) failed: unrecognized error code 4
[1787714637.777948] [presto-gb200-gcn-04:3450634:0]  cuda_ipc_cache.c:181  UCX  WARN  cuMemUnmap( (CUdeviceptr)region->mapped_addr, region->key.b_len) failed: unrecognized error code 4
[1787714637.777949] [presto-gb200-gcn-04:3450634:0]  cuda_ipc_cache.c:181  UCX  WARN  cuMemUnmap( (CUdeviceptr)region->mapped_addr, region->key.b_len) failed: unrecognized error code 4
[1787714637.777950] [presto-gb200-gcn-04:3450634:0]  cuda_ipc_cache.c:181  UCX  WARN  cuMemUnmap( (CUdeviceptr)region->mapped_addr, region->key.b_len) failed: unrecognized error code 4
[1787714637.777951] [presto-gb200-gcn-04:3450634:0]  cuda_ipc_cache.c:181  UCX  WARN  cuMemUnmap( (CUdeviceptr)region->mapped_addr, region->key.b_len) failed: unrecognized error code 4
[1787714637.777952] [presto-gb200-gcn-04:3450634:0]  cuda_ipc_cache.c:181  UCX  WARN  cuMemUnmap( (CUdeviceptr)region->mapped_addr, region->key.b_len) failed: unrecognized error code 4
[1787714637.777953] [presto-gb200-gcn-04:3450634:0]  cuda_ipc_cache.c:181  UCX  WARN  cuMemUnmap( (CUdeviceptr)region->mapped_addr, region->key.b_len) failed: unrecognized error code 4
[1787714637.777954] [presto-gb200-gcn-04:3450634:0]  cuda_ipc_cache.c:181  UCX  WARN  cuMemUnmap( (CUdeviceptr)region->mapped_addr, region->key.b_len) failed: unrecognized error code 4
[1787714637.777956] [presto-gb200-gcn-04:3450634:0]  cuda_ipc_cache.c:181  UCX  WARN  cuMemUnmap( (CUdeviceptr)region->mapped_addr, region->key.b_len) failed: unrecognized error code 4
[1787714637.777957] [presto-gb200-gcn-04:3450634:0]  cuda_ipc_cache.c:181  UCX  WARN  cuMemUnmap( (CUdeviceptr)region->mapped_addr, region->key.b_len) failed: unrecognized error code 4
[1787714637.777958] [presto-gb200-gcn-04:3450634:0]  cuda_ipc_cache.c:181  UCX  WARN  cuMemUnmap( (CUdeviceptr)region->mapped_addr, region->key.b_len) failed: unrecognized error code 4
[1787714637.777959] [presto-gb200-gcn-04:3450634:0]  cuda_ipc_cache.c:181  UCX  WARN  cuMemUnmap( (CUdeviceptr)region->mapped_addr, region->key.b_len) failed: unrecognized error code 4
[1787714637.777960] [presto-gb200-gcn-04:3450634:0]  cuda_ipc_cache.c:181  UCX  WARN  cuMemUnmap( (CUdeviceptr)region->mapped_addr, region->key.b_len) failed: unrecognized error code 4
[1787714637.777965] [presto-gb200-gcn-04:3450634:0]  cuda_ipc_cache.c:181  UCX  WARN  cuMemUnmap( (CUdeviceptr)region->mapped_addr, region->key.b_len) failed: unrecognized error code 4
[1787714637.777966] [presto-gb200-gcn-04:3450634:0]  cuda_ipc_cache.c:181  UCX  WARN  cuMemUnmap( (CUdeviceptr)region->mapped_addr, region->key.b_len) failed: unrecognized error code 4
[1787714637.777967] [presto-gb200-gcn-04:3450634:0]  cuda_ipc_cache.c:181  UCX  WARN  cuMemUnmap( (CUdeviceptr)region->mapped_addr, region->key.b_len) failed: unrecognized error code 4
[1787714637.777969] [presto-gb200-gcn-04:3450634:0]  cuda_ipc_cache.c:181  UCX  WARN  cuMemUnmap( (CUdeviceptr)region->mapped_addr, region->key.b_len) failed: unrecognized error code 4
[1787714637.777970] [presto-gb200-gcn-04:3450634:0]  cuda_ipc_cache.c:181  UCX  WARN  cuMemUnmap( (CUdeviceptr)region->mapped_addr, region->key.b_len) failed: unrecognized error code 4
[1787714637.777971] [presto-gb200-gcn-04:3450634:0]  cuda_ipc_cache.c:181  UCX  WARN  cuMemUnmap( (CUdeviceptr)region->mapped_addr, region->key.b_len) failed: unrecognized error code 4
[1787714637.777972] [presto-gb200-gcn-04:3450634:0]  cuda_ipc_cache.c:181  UCX  WARN  cuMemUnmap( (CUdeviceptr)region->mapped_addr, region->key.b_len) failed: unrecognized error code 4
[1787714637.777973] [presto-gb200-gcn-04:3450634:0]  cuda_ipc_cache.c:181  UCX  WARN  cuMemUnmap( (CUdeviceptr)region->mapped_addr, region->key.b_len) failed: unrecognized error code 4
[1787714637.777975] [presto-gb200-gcn-04:3450634:0]  cuda_ipc_cache.c:181  UCX  WARN  cuMemUnmap( (CUdeviceptr)region->mapped_addr, region->key.b_len) failed: unrecognized error code 4
[1787714637.777976] [presto-gb200-gcn-04:3450634:0]  cuda_ipc_cache.c:181  UCX  WARN  cuMemUnmap( (CUdeviceptr)region->mapped_addr, region->key.b_len) failed: unrecognized error code 4
[1787714637.777977] [presto-gb200-gcn-04:3450634:0]        cuda_ctx.c:23   UCX  ERROR cuDevicePrimaryCtxGetState(cuda_device, &flags, &active) failed: unrecognized error code 4
end_utc=2026-08-26T03:24:00+00:00
exit_code=0
